-- phpMyAdmin SQL Dump
-- version 4.1.14
-- http://www.phpmyadmin.net
--
-- Host: 127.0.0.1
-- Generation Time: Aug 10, 2017 at 03:52 PM
-- Server version: 5.6.17
-- PHP Version: 5.5.12

SET SQL_MODE = "NO_AUTO_VALUE_ON_ZERO";
SET time_zone = "+00:00";


/*!40101 SET @OLD_CHARACTER_SET_CLIENT=@@CHARACTER_SET_CLIENT */;
/*!40101 SET @OLD_CHARACTER_SET_RESULTS=@@CHARACTER_SET_RESULTS */;
/*!40101 SET @OLD_COLLATION_CONNECTION=@@COLLATION_CONNECTION */;
/*!40101 SET NAMES utf8 */;

--
-- Database: `servicepro`
--

-- --------------------------------------------------------

--
-- Table structure for table `ambitions`
--

CREATE TABLE IF NOT EXISTS `ambitions` (
  `IDAMBITION` int(11) NOT NULL AUTO_INCREMENT,
  `LIBELLE` varchar(50) NOT NULL,
  PRIMARY KEY (`IDAMBITION`)
) ENGINE=InnoDB  DEFAULT CHARSET=utf8 AUTO_INCREMENT=4 ;

--
-- Dumping data for table `ambitions`
--

INSERT INTO `ambitions` (`IDAMBITION`, `LIBELLE`) VALUES
(1, 'Fondamental'),
(2, 'Avancé'),
(3, 'Expert');

-- --------------------------------------------------------

--
-- Table structure for table `competences`
--

CREATE TABLE IF NOT EXISTS `competences` (
  `IDCOMPETENCE` int(11) NOT NULL AUTO_INCREMENT,
  `DESCRIPTION` text,
  `TYPE` char(3) DEFAULT NULL COMMENT 'CN = Connaissance, CP = Competence, CNP = les deux',
  `NIVEAU` int(11) DEFAULT NULL,
  PRIMARY KEY (`IDCOMPETENCE`),
  KEY `NIVEAU` (`NIVEAU`)
) ENGINE=InnoDB  DEFAULT CHARSET=utf8 AUTO_INCREMENT=7 ;

--
-- Dumping data for table `competences`
--

INSERT INTO `competences` (`IDCOMPETENCE`, `DESCRIPTION`, `TYPE`, `NIVEAU`) VALUES
(1, 'Connaissance de CFAO, histoire, domaines d''activité', 'CN', 2),
(2, 'Connaissance de Renault Trucks, histoire, domaines d''activité', 'CP', 3),
(3, 'Connaitre et appliquer les règles de sécurité sur le lieu de travail', 'CN', 4),
(4, 'Connaitre et appliquer les procédures "5S" sur le lieu de travail', 'CNP', 3),
(5, 'Maitiser les bases de la mécanique', 'CNP', 1),
(6, 'Maitriser les principes des systèmes de base, moteur, électricité, transmission', 'CNP', 2);

-- --------------------------------------------------------

--
-- Table structure for table `competence_certification`
--

CREATE TABLE IF NOT EXISTS `competence_certification` (
  `CERTIFICATION` char(2) NOT NULL COMMENT 'EC = En cours, AC = A certifier; CE = certifie',
  `LIBELLE` varchar(15) NOT NULL,
  PRIMARY KEY (`CERTIFICATION`)
) ENGINE=InnoDB DEFAULT CHARSET=utf8;

--
-- Dumping data for table `competence_certification`
--

INSERT INTO `competence_certification` (`CERTIFICATION`, `LIBELLE`) VALUES
('AC', 'A certifier'),
('CE', 'Certifié'),
('EN', 'En cours');

-- --------------------------------------------------------

--
-- Table structure for table `continents`
--

CREATE TABLE IF NOT EXISTS `continents` (
  `IDCONTIENT` int(11) NOT NULL AUTO_INCREMENT,
  `LIBELLE` varchar(20) NOT NULL,
  PRIMARY KEY (`IDCONTIENT`)
) ENGINE=InnoDB DEFAULT CHARSET=utf8 AUTO_INCREMENT=1 ;

-- --------------------------------------------------------

--
-- Table structure for table `contrats`
--

CREATE TABLE IF NOT EXISTS `contrats` (
  `IDCONTRAT` int(11) NOT NULL AUTO_INCREMENT,
  `LIBELLE` varchar(50) NOT NULL,
  `IDPOTENTIEL` int(11) NOT NULL,
  PRIMARY KEY (`IDCONTRAT`)
) ENGINE=InnoDB  DEFAULT CHARSET=utf8 AUTO_INCREMENT=4 ;

--
-- Dumping data for table `contrats`
--

INSERT INTO `contrats` (`IDCONTRAT`, `LIBELLE`, `IDPOTENTIEL`) VALUES
(1, 'Contrat à durée déterminée (CDD)', 0),
(2, 'Contrat à durée indéterminée (CDI)', 0),
(3, 'Autres', 0);

-- --------------------------------------------------------

--
-- Table structure for table `etat_formation`
--

CREATE TABLE IF NOT EXISTS `etat_formation` (
  `IDETATFORMATION` int(11) NOT NULL AUTO_INCREMENT,
  `LIBELLE` varchar(50) NOT NULL,
  PRIMARY KEY (`IDETATFORMATION`)
) ENGINE=InnoDB  DEFAULT CHARSET=utf8 AUTO_INCREMENT=5 ;

--
-- Dumping data for table `etat_formation`
--

INSERT INTO `etat_formation` (`IDETATFORMATION`, `LIBELLE`) VALUES
(1, 'Terminée'),
(2, 'Validée'),
(3, 'Préparation'),
(4, 'Annulée');

-- --------------------------------------------------------

--
-- Table structure for table `formateurs`
--

CREATE TABLE IF NOT EXISTS `formateurs` (
  `FORMATION` int(11) NOT NULL,
  `PERSONNEL` int(11) NOT NULL DEFAULT '0',
  PRIMARY KEY (`FORMATION`,`PERSONNEL`),
  KEY `formateurs_ibfk_2` (`PERSONNEL`)
) ENGINE=InnoDB DEFAULT CHARSET=utf8;

--
-- Dumping data for table `formateurs`
--

INSERT INTO `formateurs` (`FORMATION`, `PERSONNEL`) VALUES
(1, 1),
(3, 1),
(1, 2),
(2, 3);

-- --------------------------------------------------------

--
-- Table structure for table `formations`
--

CREATE TABLE IF NOT EXISTS `formations` (
  `IDFORMATION` int(11) NOT NULL AUTO_INCREMENT,
  `CODEFORMATION` varchar(15) NOT NULL,
  `MODELE` int(11) DEFAULT NULL,
  `TITRE` varchar(150) NOT NULL,
  `DESCRIPTION` text,
  `ETATFORMATION` int(11) DEFAULT NULL,
  `TYPEFORMATION` int(11) DEFAULT NULL,
  `DATEDEBUT` date DEFAULT NULL,
  `DATEFIN` date DEFAULT NULL,
  PRIMARY KEY (`IDFORMATION`),
  KEY `MODELE` (`MODELE`),
  KEY `ETATFORMATION` (`ETATFORMATION`),
  KEY `TYPEFORMATION` (`TYPEFORMATION`)
) ENGINE=InnoDB  DEFAULT CHARSET=utf8 AUTO_INCREMENT=11 ;

--
-- Dumping data for table `formations`
--

INSERT INTO `formations` (`IDFORMATION`, `CODEFORMATION`, `MODELE`, `TITRE`, `DESCRIPTION`, `ETATFORMATION`, `TYPEFORMATION`, `DATEDEBUT`, `DATEFIN`) VALUES
(1, 'TEST02', 4, 'Un testhrerh', 'Une description de test', 3, 2, '1919-11-21', '1970-11-13'),
(2, 'aui', 6, 'je suis ', 'qh obon', 3, 4, '1919-11-12', '1992-11-13'),
(3, 'eto', 4, 'je dois', 'brqvotoi qussi', 4, NULL, '2017-07-12', '2017-07-09'),
(7, '', 4, 'yugvhv', '', 3, 2, '2017-07-26', '2017-07-26'),
(8, 'INTROTO', 3, 'INTRODUCTION TOYOTA FORKLIFT CI & ELECTRIQUE', '', 1, 1, '2017-08-10', '2017-08-06');

-- --------------------------------------------------------

--
-- Table structure for table `formation_competence`
--

CREATE TABLE IF NOT EXISTS `formation_competence` (
  `FORMATION` int(11) NOT NULL,
  `COMPETENCE` int(11) NOT NULL,
  PRIMARY KEY (`FORMATION`,`COMPETENCE`),
  KEY `FORMATION` (`FORMATION`,`COMPETENCE`),
  KEY `COMPETENCE` (`COMPETENCE`)
) ENGINE=InnoDB DEFAULT CHARSET=utf8;

--
-- Dumping data for table `formation_competence`
--

INSERT INTO `formation_competence` (`FORMATION`, `COMPETENCE`) VALUES
(1, 1),
(2, 1),
(3, 1),
(8, 1),
(1, 2),
(2, 2),
(3, 2),
(8, 2),
(1, 3),
(2, 3),
(3, 3),
(7, 3),
(3, 4),
(7, 4),
(7, 5),
(7, 6),
(8, 6);

-- --------------------------------------------------------

--
-- Table structure for table `formation_personne`
--

CREATE TABLE IF NOT EXISTS `formation_personne` (
  `FORMATION` int(11) NOT NULL,
  `PERSONNE` int(11) NOT NULL,
  `DOCUMENT` varchar(150) DEFAULT NULL,
  PRIMARY KEY (`FORMATION`,`PERSONNE`),
  KEY `FORMATION` (`FORMATION`,`PERSONNE`),
  KEY `PERSONNE` (`PERSONNE`)
) ENGINE=InnoDB DEFAULT CHARSET=utf8;

--
-- Dumping data for table `formation_personne`
--

INSERT INTO `formation_personne` (`FORMATION`, `PERSONNE`, `DOCUMENT`) VALUES
(1, 5, NULL),
(1, 8, NULL),
(1, 13, NULL),
(1, 14, NULL),
(1, 18, NULL),
(1, 19, NULL),
(1, 20, NULL),
(1, 21, NULL),
(1, 22, NULL),
(1, 24, NULL),
(1, 25, NULL),
(1, 34, NULL),
(1, 35, NULL),
(1, 36, NULL),
(1, 37, NULL),
(1, 38, NULL),
(1, 39, NULL),
(1, 40, NULL),
(1, 41, NULL),
(1, 42, NULL),
(1, 43, NULL),
(1, 44, NULL),
(1, 45, NULL),
(1, 46, NULL),
(1, 47, NULL),
(1, 48, NULL),
(1, 49, NULL),
(1, 50, NULL),
(1, 51, NULL),
(1, 52, NULL),
(1, 53, NULL),
(1, 54, NULL),
(1, 62, NULL),
(1, 63, NULL),
(1, 64, NULL),
(1, 65, NULL),
(1, 66, NULL),
(1, 67, NULL),
(1, 68, NULL),
(1, 69, NULL),
(1, 70, NULL),
(1, 71, NULL),
(1, 72, NULL),
(1, 73, NULL),
(1, 74, NULL),
(1, 75, NULL),
(1, 76, NULL),
(1, 77, NULL),
(1, 78, NULL),
(1, 79, NULL),
(1, 80, NULL),
(1, 81, NULL),
(1, 82, NULL),
(1, 83, NULL),
(1, 84, NULL),
(1, 85, NULL),
(1, 86, NULL),
(1, 87, NULL),
(1, 88, NULL),
(1, 89, NULL),
(1, 90, NULL),
(1, 91, NULL),
(1, 92, NULL),
(1, 93, NULL),
(1, 94, NULL),
(1, 95, NULL),
(1, 96, NULL),
(1, 97, NULL),
(1, 98, NULL),
(1, 99, NULL),
(1, 100, NULL),
(1, 101, NULL),
(1, 102, NULL),
(1, 103, NULL),
(1, 104, NULL),
(1, 105, NULL),
(1, 106, NULL),
(1, 107, NULL),
(1, 108, NULL),
(1, 109, NULL),
(1, 125, NULL),
(1, 126, NULL),
(1, 127, NULL),
(1, 128, NULL),
(1, 129, NULL),
(1, 130, NULL),
(1, 131, NULL),
(1, 132, NULL),
(1, 133, NULL),
(1, 134, NULL),
(1, 135, NULL),
(1, 136, NULL),
(1, 137, NULL),
(1, 138, NULL),
(1, 139, NULL),
(1, 140, NULL),
(1, 141, NULL),
(1, 142, NULL),
(1, 143, NULL),
(1, 144, NULL),
(1, 145, NULL),
(1, 146, NULL),
(1, 147, NULL),
(1, 148, NULL),
(1, 149, NULL),
(1, 150, NULL),
(1, 151, NULL),
(1, 152, NULL),
(1, 153, NULL),
(1, 154, NULL),
(1, 155, NULL),
(1, 156, NULL),
(1, 157, NULL),
(1, 158, NULL),
(1, 159, NULL),
(1, 160, NULL),
(1, 161, NULL),
(1, 162, NULL),
(1, 163, NULL),
(1, 164, NULL),
(1, 165, NULL),
(1, 166, NULL),
(1, 167, NULL),
(1, 168, NULL),
(1, 169, NULL),
(1, 170, NULL),
(1, 171, NULL),
(1, 172, NULL),
(1, 173, NULL),
(1, 174, NULL),
(1, 175, NULL),
(1, 176, NULL),
(1, 177, NULL),
(1, 178, NULL),
(1, 179, NULL),
(1, 180, NULL),
(1, 181, NULL),
(1, 182, NULL),
(1, 183, NULL),
(1, 184, NULL),
(1, 185, NULL),
(1, 186, NULL),
(1, 187, NULL),
(1, 188, NULL),
(1, 189, NULL),
(1, 190, NULL),
(1, 191, NULL),
(1, 192, NULL),
(1, 193, NULL),
(1, 194, NULL),
(1, 195, NULL),
(1, 196, NULL),
(1, 197, NULL),
(1, 198, NULL),
(1, 199, NULL),
(1, 200, NULL),
(1, 201, NULL),
(1, 202, NULL),
(1, 203, NULL),
(1, 204, NULL),
(1, 205, NULL),
(1, 206, NULL),
(1, 207, NULL),
(1, 208, NULL),
(1, 209, NULL),
(1, 210, NULL),
(1, 211, NULL),
(1, 212, NULL),
(1, 213, NULL),
(1, 214, NULL),
(1, 215, NULL),
(1, 216, NULL),
(1, 217, NULL),
(1, 218, NULL),
(1, 219, NULL),
(1, 220, NULL),
(1, 252, NULL),
(1, 253, NULL),
(1, 254, NULL),
(1, 255, NULL),
(1, 256, NULL),
(1, 257, NULL),
(1, 258, NULL),
(1, 259, NULL),
(1, 260, NULL),
(1, 261, NULL),
(1, 262, NULL),
(1, 263, NULL),
(1, 264, NULL),
(1, 265, NULL),
(1, 266, NULL),
(1, 267, NULL),
(1, 268, NULL),
(1, 269, NULL),
(1, 270, NULL),
(1, 271, NULL),
(1, 272, NULL),
(1, 273, NULL),
(1, 274, NULL),
(1, 275, NULL),
(1, 276, NULL),
(1, 277, NULL),
(1, 278, NULL),
(1, 279, NULL),
(1, 280, NULL),
(1, 281, NULL),
(1, 282, NULL),
(1, 283, NULL),
(1, 284, NULL),
(1, 285, NULL),
(1, 286, NULL),
(1, 287, NULL),
(1, 288, NULL),
(1, 289, NULL),
(1, 290, NULL),
(1, 291, NULL),
(1, 292, NULL),
(1, 293, NULL),
(1, 294, NULL),
(1, 295, NULL),
(1, 296, NULL),
(1, 297, NULL),
(1, 298, NULL),
(1, 299, NULL),
(1, 300, NULL),
(1, 301, NULL),
(1, 302, NULL),
(1, 303, NULL),
(1, 304, NULL),
(1, 305, NULL),
(1, 306, NULL),
(1, 307, NULL),
(1, 308, NULL),
(1, 309, NULL),
(1, 310, NULL),
(1, 311, NULL),
(1, 312, NULL),
(1, 313, NULL),
(1, 314, NULL),
(1, 315, NULL),
(1, 316, NULL),
(1, 317, NULL),
(1, 318, NULL),
(1, 319, NULL),
(1, 320, NULL),
(1, 321, NULL),
(1, 322, NULL),
(1, 323, NULL),
(1, 324, NULL),
(1, 325, NULL),
(1, 326, NULL),
(1, 327, NULL),
(1, 328, NULL),
(1, 329, NULL),
(1, 330, NULL),
(1, 331, NULL),
(1, 332, NULL),
(1, 333, NULL),
(1, 334, NULL),
(1, 335, NULL),
(1, 336, NULL),
(1, 337, NULL),
(1, 338, NULL),
(1, 339, NULL),
(1, 340, NULL),
(1, 341, NULL),
(1, 342, NULL),
(1, 343, NULL),
(1, 344, NULL),
(1, 345, NULL),
(1, 346, NULL),
(1, 347, NULL),
(1, 348, NULL),
(1, 349, NULL),
(1, 350, NULL),
(1, 351, NULL),
(1, 352, NULL),
(1, 353, NULL),
(1, 354, NULL),
(1, 355, NULL),
(1, 356, NULL),
(1, 357, NULL),
(1, 358, NULL),
(1, 359, NULL),
(1, 360, NULL),
(1, 361, NULL),
(1, 362, NULL),
(1, 363, NULL),
(1, 364, NULL),
(1, 365, NULL),
(1, 366, NULL),
(1, 367, NULL),
(1, 368, NULL),
(1, 369, NULL),
(1, 370, NULL),
(1, 371, NULL),
(1, 372, NULL),
(1, 373, NULL),
(1, 374, NULL),
(1, 375, NULL),
(1, 376, NULL),
(1, 377, NULL),
(1, 378, NULL),
(1, 379, NULL),
(1, 380, NULL),
(1, 381, NULL),
(1, 382, NULL),
(1, 383, NULL),
(1, 384, NULL),
(1, 385, NULL),
(1, 386, NULL),
(1, 387, NULL),
(1, 388, NULL),
(1, 389, NULL),
(1, 390, NULL),
(1, 391, NULL),
(1, 392, NULL),
(1, 393, NULL),
(1, 394, NULL),
(1, 395, NULL),
(1, 396, NULL),
(1, 397, NULL),
(1, 398, NULL),
(1, 399, NULL),
(1, 400, NULL),
(1, 401, NULL),
(1, 402, NULL),
(1, 403, NULL),
(1, 404, NULL),
(1, 405, NULL),
(1, 406, NULL),
(1, 407, NULL),
(1, 408, NULL),
(1, 409, NULL),
(1, 410, NULL),
(1, 411, NULL),
(1, 412, NULL),
(1, 413, NULL),
(1, 414, NULL),
(1, 415, NULL),
(1, 416, NULL),
(1, 417, NULL),
(1, 418, NULL),
(1, 419, NULL),
(1, 420, NULL),
(1, 421, NULL),
(1, 422, NULL),
(1, 423, NULL),
(1, 424, NULL),
(1, 425, NULL),
(1, 426, NULL),
(1, 427, NULL),
(1, 428, NULL),
(1, 429, NULL),
(1, 430, NULL),
(1, 431, NULL),
(1, 432, NULL),
(1, 433, NULL),
(1, 434, NULL),
(1, 435, NULL),
(1, 436, NULL),
(1, 437, NULL),
(1, 438, NULL),
(1, 439, NULL),
(1, 440, NULL),
(1, 441, NULL),
(1, 442, NULL),
(1, 443, NULL),
(1, 507, NULL),
(1, 508, NULL),
(1, 509, NULL),
(1, 510, NULL),
(1, 511, NULL),
(1, 512, NULL),
(1, 513, NULL),
(1, 514, NULL),
(1, 515, NULL),
(1, 516, NULL),
(1, 517, NULL),
(1, 518, NULL),
(1, 519, NULL),
(1, 520, NULL),
(1, 521, NULL),
(1, 522, NULL),
(1, 523, NULL),
(1, 524, NULL),
(1, 525, NULL),
(1, 526, NULL),
(1, 527, NULL),
(1, 528, NULL),
(1, 529, NULL),
(1, 530, NULL),
(1, 531, NULL),
(1, 532, NULL),
(1, 533, NULL),
(1, 534, NULL),
(1, 535, NULL),
(1, 536, NULL),
(1, 537, NULL),
(1, 538, NULL),
(1, 539, NULL),
(1, 540, NULL),
(1, 541, NULL),
(1, 542, NULL),
(1, 543, NULL),
(1, 544, NULL),
(1, 545, NULL),
(1, 546, NULL),
(1, 547, NULL),
(1, 548, NULL),
(1, 549, NULL),
(1, 550, NULL),
(1, 551, NULL),
(1, 552, NULL),
(1, 553, NULL),
(1, 554, NULL),
(1, 555, NULL),
(1, 556, NULL),
(1, 557, NULL),
(1, 558, NULL),
(1, 559, NULL),
(1, 560, NULL),
(1, 561, NULL),
(1, 562, NULL),
(1, 563, NULL),
(1, 564, NULL),
(1, 565, NULL),
(1, 566, NULL),
(1, 567, NULL),
(1, 568, NULL),
(1, 569, NULL),
(1, 570, NULL),
(1, 571, NULL),
(1, 572, NULL),
(1, 573, NULL),
(1, 574, NULL),
(1, 575, NULL),
(1, 576, NULL),
(1, 577, NULL),
(1, 578, NULL),
(1, 579, NULL),
(1, 580, NULL),
(1, 581, NULL),
(1, 582, NULL),
(1, 583, NULL),
(1, 584, NULL),
(1, 585, NULL),
(1, 586, NULL),
(1, 587, NULL),
(1, 588, NULL),
(1, 589, NULL),
(1, 590, NULL),
(1, 591, NULL),
(1, 592, NULL),
(1, 593, NULL),
(1, 594, NULL),
(1, 595, NULL),
(1, 596, NULL),
(1, 597, NULL),
(1, 598, NULL),
(1, 599, NULL),
(1, 600, NULL),
(1, 601, NULL),
(1, 602, NULL),
(1, 603, NULL),
(1, 604, NULL),
(1, 605, NULL),
(1, 606, NULL),
(1, 607, NULL),
(1, 608, NULL),
(1, 609, NULL),
(1, 610, NULL),
(1, 611, NULL),
(1, 612, NULL),
(1, 613, NULL),
(1, 614, NULL),
(1, 615, NULL),
(1, 616, NULL),
(1, 617, NULL),
(1, 618, NULL),
(1, 619, NULL),
(1, 620, NULL),
(1, 621, NULL),
(1, 622, NULL),
(1, 623, NULL),
(1, 624, NULL),
(1, 625, NULL),
(1, 626, NULL),
(1, 627, NULL),
(1, 628, NULL),
(1, 629, NULL),
(1, 630, NULL),
(1, 631, NULL),
(1, 632, NULL),
(1, 633, NULL),
(1, 634, NULL),
(1, 635, NULL),
(1, 636, NULL),
(1, 637, NULL),
(1, 638, NULL),
(1, 639, NULL),
(1, 640, NULL),
(1, 641, NULL),
(1, 642, NULL),
(1, 643, NULL),
(1, 644, NULL),
(1, 645, NULL),
(1, 646, NULL),
(1, 647, NULL),
(1, 648, NULL),
(1, 649, NULL),
(1, 650, NULL),
(1, 651, NULL),
(1, 652, NULL),
(1, 653, NULL),
(1, 654, NULL),
(1, 655, NULL),
(1, 656, NULL),
(1, 657, NULL),
(1, 658, NULL),
(1, 659, NULL),
(1, 660, NULL),
(1, 661, NULL),
(1, 662, NULL),
(1, 663, NULL),
(1, 664, NULL),
(1, 665, NULL),
(1, 666, NULL),
(1, 667, NULL),
(1, 668, NULL),
(1, 669, NULL),
(1, 670, NULL),
(1, 671, NULL),
(1, 672, NULL),
(1, 673, NULL),
(1, 674, NULL),
(1, 675, NULL),
(1, 676, NULL),
(1, 677, NULL),
(1, 678, NULL),
(1, 679, NULL),
(1, 680, NULL),
(1, 681, NULL),
(1, 682, NULL),
(1, 683, NULL),
(1, 684, NULL),
(1, 685, NULL),
(1, 686, NULL),
(1, 687, NULL),
(1, 688, NULL),
(1, 689, NULL),
(1, 690, NULL),
(1, 691, NULL),
(1, 692, NULL),
(1, 693, NULL),
(1, 694, NULL),
(1, 695, NULL),
(1, 696, NULL),
(1, 697, NULL),
(1, 698, NULL),
(1, 699, NULL),
(1, 700, NULL),
(1, 701, NULL),
(1, 702, NULL),
(1, 703, NULL),
(1, 704, NULL),
(1, 705, NULL),
(1, 706, NULL),
(1, 707, NULL),
(1, 708, NULL),
(1, 709, NULL),
(1, 710, NULL),
(1, 711, NULL),
(1, 712, NULL),
(1, 713, NULL),
(1, 714, NULL),
(1, 715, NULL),
(1, 716, NULL),
(1, 717, NULL),
(1, 718, NULL),
(1, 719, NULL),
(1, 720, NULL),
(1, 721, NULL),
(1, 722, NULL),
(1, 723, NULL),
(1, 724, NULL),
(1, 725, NULL),
(1, 726, NULL),
(1, 727, NULL),
(1, 728, NULL),
(1, 729, NULL),
(1, 730, NULL),
(1, 731, NULL),
(1, 732, NULL),
(1, 733, NULL),
(1, 734, NULL),
(1, 735, NULL),
(1, 736, NULL),
(1, 737, NULL),
(1, 738, NULL),
(1, 739, NULL),
(1, 740, NULL),
(1, 741, NULL),
(1, 742, NULL),
(1, 743, NULL),
(1, 744, NULL),
(1, 745, NULL),
(1, 746, NULL),
(1, 747, NULL),
(1, 748, NULL),
(1, 749, NULL),
(1, 750, NULL),
(1, 751, NULL),
(1, 752, NULL),
(1, 753, NULL),
(1, 754, NULL),
(1, 755, NULL),
(1, 756, NULL),
(1, 757, NULL),
(1, 758, NULL),
(1, 759, NULL),
(1, 760, NULL),
(1, 761, NULL),
(1, 762, NULL),
(1, 763, NULL),
(1, 764, NULL),
(1, 765, NULL),
(1, 766, NULL),
(1, 767, NULL),
(1, 768, NULL),
(1, 769, NULL),
(1, 770, NULL),
(1, 771, NULL),
(1, 772, NULL),
(1, 773, NULL),
(1, 774, NULL),
(1, 775, NULL),
(1, 776, NULL),
(1, 777, NULL),
(1, 778, NULL),
(1, 779, NULL),
(1, 780, NULL),
(1, 781, NULL),
(1, 782, NULL),
(1, 783, NULL),
(1, 784, NULL),
(1, 785, NULL),
(1, 786, NULL),
(1, 787, NULL),
(1, 788, NULL),
(1, 789, NULL),
(1, 790, NULL),
(1, 791, NULL),
(1, 792, NULL),
(1, 793, NULL),
(1, 794, NULL),
(1, 795, NULL),
(1, 796, NULL),
(1, 797, NULL),
(1, 798, NULL),
(1, 799, NULL),
(1, 800, NULL),
(1, 801, NULL),
(1, 802, NULL),
(1, 803, NULL),
(1, 804, NULL),
(1, 805, NULL),
(1, 806, NULL),
(1, 807, NULL),
(1, 808, NULL),
(1, 809, NULL),
(1, 810, NULL),
(1, 811, NULL),
(1, 812, NULL),
(1, 813, NULL),
(1, 814, NULL),
(1, 815, NULL),
(1, 816, NULL),
(1, 817, NULL),
(1, 818, NULL),
(1, 819, NULL),
(1, 820, NULL),
(1, 821, NULL),
(1, 822, NULL),
(1, 823, NULL),
(1, 824, NULL),
(1, 825, NULL),
(1, 826, NULL),
(1, 827, NULL),
(1, 828, NULL),
(1, 829, NULL),
(1, 830, NULL),
(1, 831, NULL),
(1, 832, NULL),
(1, 833, NULL),
(1, 834, NULL),
(1, 835, NULL),
(1, 836, NULL),
(1, 837, NULL),
(1, 838, NULL),
(1, 839, NULL),
(1, 840, NULL),
(1, 841, NULL),
(1, 842, NULL),
(1, 843, NULL),
(1, 844, NULL),
(1, 845, NULL),
(1, 846, NULL),
(1, 847, NULL),
(1, 848, NULL),
(1, 849, NULL),
(1, 850, NULL),
(1, 851, NULL),
(1, 852, NULL),
(1, 853, NULL),
(1, 854, NULL),
(1, 855, NULL),
(1, 856, NULL),
(1, 857, NULL),
(1, 858, NULL),
(1, 859, NULL),
(1, 860, NULL),
(1, 861, NULL),
(1, 862, NULL),
(1, 863, NULL),
(1, 864, NULL),
(1, 865, NULL),
(1, 866, NULL),
(1, 867, NULL),
(1, 868, NULL),
(1, 869, NULL),
(1, 870, NULL),
(1, 871, NULL),
(1, 872, NULL),
(1, 873, NULL),
(1, 874, NULL),
(1, 875, NULL),
(1, 876, NULL),
(1, 877, NULL),
(1, 878, NULL),
(1, 879, NULL),
(1, 880, NULL),
(1, 881, NULL),
(1, 882, NULL),
(1, 883, NULL),
(1, 884, NULL),
(1, 885, NULL),
(1, 886, NULL),
(1, 887, NULL),
(1, 888, NULL),
(1, 889, NULL),
(1, 890, NULL),
(1, 1018, NULL),
(1, 1019, NULL),
(1, 1020, NULL),
(1, 1021, NULL),
(1, 1022, NULL),
(1, 1023, NULL),
(1, 1024, NULL),
(1, 1025, NULL),
(1, 1026, NULL),
(1, 1027, NULL),
(1, 1028, NULL),
(1, 1029, NULL),
(1, 1030, NULL),
(1, 1031, NULL),
(1, 1032, NULL),
(1, 1033, NULL),
(1, 1034, NULL),
(1, 1035, NULL),
(1, 1036, NULL),
(1, 1037, NULL),
(1, 1038, NULL),
(1, 1039, NULL),
(1, 1040, NULL),
(1, 1041, NULL),
(1, 1042, NULL),
(1, 1043, NULL),
(1, 1044, NULL),
(1, 1045, NULL),
(1, 1046, NULL),
(1, 1047, NULL),
(1, 1048, NULL),
(1, 1049, NULL),
(1, 1050, NULL),
(1, 1051, NULL),
(1, 1052, NULL),
(1, 1053, NULL),
(1, 1054, NULL),
(1, 1055, NULL),
(1, 1056, NULL),
(1, 1057, NULL),
(1, 1058, NULL),
(1, 1059, NULL),
(1, 1060, NULL),
(1, 1061, NULL),
(1, 1062, NULL),
(1, 1063, NULL),
(1, 1064, NULL),
(1, 1065, NULL),
(1, 1066, NULL),
(1, 1067, NULL),
(1, 1068, NULL),
(1, 1069, NULL),
(1, 1070, NULL),
(1, 1071, NULL),
(1, 1072, NULL),
(1, 1073, NULL),
(1, 1074, NULL),
(1, 1075, NULL),
(1, 1076, NULL),
(1, 1077, NULL),
(1, 1078, NULL),
(1, 1079, NULL),
(1, 1080, NULL),
(1, 1081, NULL),
(1, 1082, NULL),
(1, 1083, NULL),
(1, 1084, NULL),
(1, 1085, NULL),
(1, 1086, NULL),
(1, 1087, NULL),
(1, 1088, NULL),
(1, 1089, NULL),
(1, 1090, NULL),
(1, 1091, NULL),
(1, 1092, NULL),
(1, 1093, NULL),
(1, 1094, NULL),
(1, 1095, NULL),
(1, 1096, NULL),
(1, 1097, NULL),
(1, 1098, NULL),
(1, 1099, NULL),
(1, 1100, NULL),
(1, 1101, NULL),
(1, 1102, NULL),
(1, 1103, NULL),
(1, 1104, NULL),
(1, 1105, NULL),
(1, 1106, NULL),
(1, 1107, NULL),
(1, 1108, NULL),
(1, 1109, NULL),
(1, 1110, NULL),
(1, 1111, NULL),
(1, 1112, NULL),
(1, 1113, NULL),
(1, 1114, NULL),
(1, 1115, NULL),
(1, 1116, NULL),
(1, 1117, NULL),
(1, 1118, NULL),
(1, 1119, NULL),
(1, 1120, NULL),
(1, 1121, NULL),
(1, 1122, NULL),
(1, 1123, NULL),
(1, 1124, NULL),
(1, 1125, NULL),
(1, 1126, NULL),
(1, 1127, NULL),
(1, 1128, NULL),
(1, 1129, NULL),
(1, 1130, NULL),
(1, 1131, NULL),
(1, 1132, NULL),
(1, 1133, NULL),
(1, 1134, NULL),
(1, 1135, NULL),
(1, 1136, NULL),
(1, 1137, NULL),
(1, 1138, NULL),
(1, 1139, NULL),
(1, 1140, NULL),
(1, 1141, NULL),
(1, 1142, NULL),
(1, 1143, NULL),
(1, 1144, NULL),
(1, 1145, NULL),
(1, 1146, NULL),
(1, 1147, NULL),
(1, 1148, NULL),
(1, 1149, NULL),
(1, 1150, NULL),
(1, 1151, NULL),
(1, 1152, NULL),
(1, 1153, NULL),
(1, 1154, NULL),
(1, 1155, NULL),
(1, 1156, NULL),
(1, 1157, NULL),
(1, 1158, NULL),
(1, 1159, NULL),
(1, 1160, NULL),
(1, 1161, NULL),
(1, 1162, NULL),
(1, 1163, NULL),
(1, 1164, NULL),
(1, 1165, NULL),
(1, 1166, NULL),
(1, 1167, NULL),
(1, 1168, NULL),
(1, 1169, NULL),
(1, 1170, NULL),
(1, 1171, NULL),
(1, 1172, NULL),
(1, 1173, NULL),
(1, 1174, NULL),
(1, 1175, NULL),
(1, 1176, NULL),
(1, 1177, NULL),
(1, 1178, NULL),
(1, 1179, NULL),
(1, 1180, NULL),
(1, 1181, NULL),
(1, 1182, NULL),
(1, 1183, NULL),
(1, 1184, NULL),
(1, 1185, NULL),
(1, 1186, NULL),
(1, 1187, NULL),
(1, 1188, NULL),
(1, 1189, NULL),
(1, 1190, NULL),
(1, 1191, NULL),
(1, 1192, NULL),
(1, 1193, NULL),
(1, 1194, NULL),
(1, 1195, NULL),
(1, 1196, NULL),
(1, 1197, NULL),
(1, 1198, NULL),
(1, 1199, NULL),
(1, 1200, NULL),
(1, 1201, NULL),
(1, 1202, NULL),
(1, 1203, NULL),
(1, 1204, NULL),
(1, 1205, NULL),
(1, 1206, NULL),
(1, 1207, NULL),
(1, 1208, NULL),
(1, 1209, NULL),
(1, 1210, NULL),
(1, 1211, NULL),
(1, 1212, NULL),
(1, 1213, NULL),
(1, 1214, NULL),
(1, 1215, NULL),
(1, 1216, NULL),
(1, 1217, NULL),
(1, 1218, NULL),
(1, 1219, NULL),
(1, 1220, NULL),
(1, 1221, NULL),
(1, 1222, NULL),
(1, 1223, NULL),
(1, 1224, NULL),
(1, 1225, NULL),
(1, 1226, NULL),
(1, 1227, NULL),
(1, 1228, NULL),
(1, 1229, NULL),
(1, 1230, NULL),
(1, 1231, NULL),
(1, 1232, NULL),
(1, 1233, NULL),
(1, 1234, NULL),
(1, 1235, NULL),
(1, 1236, NULL),
(1, 1237, NULL),
(1, 1238, NULL),
(1, 1239, NULL),
(1, 1240, NULL),
(1, 1241, NULL),
(1, 1242, NULL),
(1, 1243, NULL),
(1, 1244, NULL),
(1, 1245, NULL),
(1, 1246, NULL),
(1, 1247, NULL),
(1, 1248, NULL),
(1, 1249, NULL),
(1, 1250, NULL),
(1, 1251, NULL),
(1, 1252, NULL),
(1, 1253, NULL),
(1, 1254, NULL),
(1, 1255, NULL),
(1, 1256, NULL),
(1, 1257, NULL),
(1, 1258, NULL),
(1, 1259, NULL),
(1, 1260, NULL),
(1, 1261, NULL),
(1, 1262, NULL),
(1, 1263, NULL),
(1, 1264, NULL),
(1, 1265, NULL),
(1, 1266, NULL),
(1, 1267, NULL),
(1, 1268, NULL),
(1, 1269, NULL),
(1, 1270, NULL),
(1, 1271, NULL),
(1, 1272, NULL),
(1, 1273, NULL),
(1, 1274, NULL),
(1, 1275, NULL),
(1, 1276, NULL),
(1, 1277, NULL),
(1, 1278, NULL),
(1, 1279, NULL),
(1, 1280, NULL),
(1, 1281, NULL),
(1, 1282, NULL),
(1, 1283, NULL),
(1, 1284, NULL),
(1, 1285, NULL),
(1, 1286, NULL),
(1, 1287, NULL),
(1, 1288, NULL),
(1, 1289, NULL),
(1, 1290, NULL),
(1, 1291, NULL),
(1, 1292, NULL),
(1, 1293, NULL),
(1, 1294, NULL),
(1, 1295, NULL),
(1, 1296, NULL),
(1, 1297, NULL),
(1, 1298, NULL),
(1, 1299, NULL),
(1, 1300, NULL),
(1, 1301, NULL),
(1, 1302, NULL),
(1, 1303, NULL),
(1, 1304, NULL),
(1, 1305, NULL),
(1, 1306, NULL),
(1, 1307, NULL),
(1, 1308, NULL),
(1, 1309, NULL),
(1, 1310, NULL),
(1, 1311, NULL),
(1, 1312, NULL),
(1, 1313, NULL),
(1, 1314, NULL),
(1, 1315, NULL),
(1, 1316, NULL),
(1, 1317, NULL),
(1, 1318, NULL),
(1, 1319, NULL),
(1, 1320, NULL),
(1, 1321, NULL),
(1, 1322, NULL),
(1, 1323, NULL),
(1, 1324, NULL),
(1, 1325, NULL),
(1, 1326, NULL),
(1, 1327, NULL),
(1, 1328, NULL),
(1, 1329, NULL),
(1, 1330, NULL),
(1, 1331, NULL),
(1, 1332, NULL),
(1, 1333, NULL),
(1, 1334, NULL),
(1, 1335, NULL),
(1, 1336, NULL),
(1, 1337, NULL),
(1, 1338, NULL),
(1, 1339, NULL),
(1, 1340, NULL),
(1, 1341, NULL),
(1, 1342, NULL),
(1, 1343, NULL),
(1, 1344, NULL),
(1, 1345, NULL),
(1, 1346, NULL),
(1, 1347, NULL),
(1, 1348, NULL),
(1, 1349, NULL),
(1, 1350, NULL),
(1, 1351, NULL),
(1, 1352, NULL),
(1, 1353, NULL),
(1, 1354, NULL),
(1, 1355, NULL),
(1, 1356, NULL),
(1, 1357, NULL),
(1, 1358, NULL),
(1, 1359, NULL),
(1, 1360, NULL),
(1, 1361, NULL),
(1, 1362, NULL),
(1, 1363, NULL),
(1, 1364, NULL),
(1, 1365, NULL),
(1, 1366, NULL),
(1, 1367, NULL),
(1, 1368, NULL),
(1, 1369, NULL),
(1, 1370, NULL),
(1, 1371, NULL),
(1, 1372, NULL),
(1, 1373, NULL),
(1, 1374, NULL),
(1, 1375, NULL),
(1, 1376, NULL),
(1, 1377, NULL),
(1, 1378, NULL),
(1, 1379, NULL),
(1, 1380, NULL),
(1, 1381, NULL),
(1, 1382, NULL),
(1, 1383, NULL),
(1, 1384, NULL),
(1, 1385, NULL),
(1, 1386, NULL),
(1, 1387, NULL),
(1, 1388, NULL),
(1, 1389, NULL),
(1, 1390, NULL),
(1, 1391, NULL),
(1, 1392, NULL),
(1, 1393, NULL),
(1, 1394, NULL),
(1, 1395, NULL),
(1, 1396, NULL),
(1, 1397, NULL),
(1, 1398, NULL),
(1, 1399, NULL),
(1, 1400, NULL),
(1, 1401, NULL),
(1, 1402, NULL),
(1, 1403, NULL),
(1, 1404, NULL),
(1, 1405, NULL),
(1, 1406, NULL),
(1, 1407, NULL),
(1, 1408, NULL),
(1, 1409, NULL),
(1, 1410, NULL),
(1, 1411, NULL),
(1, 1412, NULL),
(1, 1413, NULL),
(1, 1414, NULL),
(1, 1415, NULL),
(1, 1416, NULL),
(1, 1417, NULL),
(1, 1418, NULL),
(1, 1419, NULL),
(1, 1420, NULL),
(1, 1421, NULL),
(1, 1422, NULL),
(1, 1423, NULL),
(1, 1424, NULL),
(1, 1425, NULL),
(1, 1426, NULL),
(1, 1427, NULL),
(1, 1428, NULL),
(1, 1429, NULL),
(1, 1430, NULL),
(1, 1431, NULL),
(1, 1432, NULL),
(1, 1433, NULL),
(1, 1434, NULL),
(1, 1435, NULL),
(1, 1436, NULL),
(1, 1437, NULL),
(1, 1438, NULL),
(1, 1439, NULL),
(1, 1440, NULL),
(1, 1441, NULL),
(1, 1442, NULL),
(1, 1443, NULL),
(1, 1444, NULL),
(1, 1445, NULL),
(1, 1446, NULL),
(1, 1447, NULL),
(1, 1448, NULL),
(1, 1449, NULL),
(1, 1450, NULL),
(1, 1451, NULL),
(1, 1452, NULL),
(1, 1453, NULL),
(1, 1454, NULL),
(1, 1455, NULL),
(1, 1456, NULL),
(1, 1457, NULL),
(1, 1458, NULL),
(1, 1459, NULL),
(1, 1460, NULL),
(1, 1461, NULL),
(1, 1462, NULL),
(1, 1463, NULL),
(1, 1464, NULL),
(1, 1465, NULL),
(1, 1466, NULL),
(1, 1467, NULL),
(1, 1468, NULL),
(1, 1469, NULL),
(1, 1470, NULL),
(1, 1471, NULL),
(1, 1472, NULL),
(1, 1473, NULL),
(1, 1474, NULL),
(1, 1475, NULL),
(1, 1476, NULL),
(1, 1477, NULL),
(1, 1478, NULL),
(1, 1479, NULL),
(1, 1480, NULL),
(1, 1481, NULL),
(1, 1482, NULL),
(1, 1483, NULL),
(1, 1484, NULL),
(1, 1485, NULL),
(1, 1486, NULL),
(1, 1487, NULL),
(1, 1488, NULL),
(1, 1489, NULL),
(1, 1490, NULL),
(1, 1491, NULL),
(1, 1492, NULL),
(1, 1493, NULL),
(1, 1494, NULL),
(1, 1495, NULL),
(1, 1496, NULL),
(1, 1497, NULL),
(1, 1498, NULL),
(1, 1499, NULL),
(1, 1500, NULL),
(1, 1501, NULL),
(1, 1502, NULL),
(1, 1503, NULL),
(1, 1504, NULL),
(1, 1505, NULL),
(1, 1506, NULL),
(1, 1507, NULL),
(1, 1508, NULL),
(1, 1509, NULL),
(1, 1510, NULL),
(1, 1511, NULL),
(1, 1512, NULL),
(1, 1513, NULL),
(1, 1514, NULL),
(1, 1515, NULL),
(1, 1516, NULL),
(1, 1517, NULL),
(1, 1518, NULL),
(1, 1519, NULL),
(1, 1520, NULL),
(1, 1521, NULL),
(1, 1522, NULL),
(1, 1523, NULL),
(1, 1524, NULL),
(1, 1525, NULL),
(1, 1526, NULL),
(1, 1527, NULL),
(1, 1528, NULL),
(1, 1529, NULL),
(1, 1530, NULL),
(1, 1531, NULL),
(1, 1532, NULL),
(1, 1533, NULL),
(1, 1534, NULL),
(1, 1535, NULL),
(1, 1536, NULL),
(1, 1537, NULL),
(1, 1538, NULL),
(1, 1539, NULL),
(1, 1540, NULL),
(1, 1541, NULL),
(1, 1542, NULL),
(1, 1543, NULL),
(1, 1544, NULL),
(1, 1545, NULL),
(1, 1546, NULL),
(1, 1547, NULL),
(1, 1548, NULL),
(1, 1549, NULL),
(1, 1550, NULL),
(1, 1551, NULL),
(1, 1552, NULL),
(1, 1553, NULL),
(1, 1554, NULL),
(1, 1555, NULL),
(1, 1556, NULL),
(1, 1557, NULL),
(1, 1558, NULL),
(1, 1559, NULL),
(1, 1560, NULL),
(1, 1561, NULL),
(1, 1562, NULL),
(1, 1563, NULL),
(1, 1564, NULL),
(1, 1565, NULL),
(1, 1566, NULL),
(1, 1567, NULL),
(1, 1568, NULL),
(1, 1569, NULL),
(1, 1570, NULL),
(1, 1571, NULL),
(1, 1572, NULL),
(1, 1573, NULL),
(1, 1574, NULL),
(1, 1575, NULL),
(1, 1576, NULL),
(1, 1577, NULL),
(1, 1578, NULL),
(1, 1579, NULL),
(1, 1580, NULL),
(1, 1581, NULL),
(1, 1582, NULL),
(1, 1583, NULL),
(1, 1584, NULL),
(1, 1585, NULL),
(1, 1586, NULL),
(1, 1587, NULL),
(1, 1588, NULL),
(1, 1589, NULL),
(1, 1590, NULL),
(1, 1591, NULL),
(1, 1592, NULL),
(1, 1593, NULL),
(1, 1594, NULL),
(1, 1595, NULL),
(1, 1596, NULL),
(1, 1597, NULL),
(1, 1598, NULL),
(1, 1599, NULL),
(1, 1600, NULL),
(1, 1601, NULL),
(1, 1602, NULL),
(1, 1603, NULL),
(1, 1604, NULL),
(1, 1605, NULL),
(1, 1606, NULL),
(1, 1607, NULL),
(1, 1608, NULL),
(1, 1609, NULL),
(1, 1610, NULL),
(1, 1611, NULL),
(1, 1612, NULL),
(1, 1613, NULL),
(1, 1614, NULL),
(1, 1615, NULL),
(1, 1616, NULL),
(1, 1617, NULL),
(1, 1618, NULL),
(1, 1619, NULL),
(1, 1620, NULL),
(1, 1621, NULL),
(1, 1622, NULL),
(1, 1623, NULL),
(1, 1624, NULL),
(1, 1625, NULL),
(1, 1626, NULL),
(1, 1627, NULL),
(1, 1628, NULL),
(1, 1629, NULL),
(1, 1630, NULL),
(1, 1631, NULL),
(1, 1632, NULL),
(1, 1633, NULL),
(1, 1634, NULL),
(1, 1635, NULL),
(1, 1636, NULL),
(1, 1637, NULL),
(1, 1638, NULL),
(1, 1639, NULL),
(1, 1640, NULL),
(1, 1641, NULL),
(1, 1642, NULL),
(1, 1643, NULL),
(1, 1644, NULL),
(1, 1645, NULL),
(1, 1646, NULL),
(1, 1647, NULL),
(1, 1648, NULL),
(1, 1649, NULL),
(1, 1650, NULL),
(1, 1651, NULL),
(1, 1652, NULL),
(1, 1653, NULL),
(1, 1654, NULL),
(1, 1655, NULL),
(1, 1656, NULL),
(1, 1657, NULL),
(1, 1658, NULL),
(1, 1659, NULL),
(1, 1660, NULL),
(1, 1661, NULL),
(1, 1662, NULL),
(1, 1663, NULL),
(1, 1664, NULL),
(1, 1665, NULL),
(1, 1666, NULL),
(1, 1667, NULL),
(1, 1668, NULL),
(1, 1669, NULL),
(1, 1670, NULL),
(1, 1671, NULL),
(1, 1672, NULL),
(1, 1673, NULL),
(1, 1674, NULL),
(1, 1675, NULL),
(1, 1676, NULL),
(1, 1677, NULL),
(1, 1678, NULL),
(1, 1679, NULL),
(1, 1680, NULL),
(1, 1681, NULL),
(1, 1682, NULL),
(1, 1683, NULL),
(1, 1684, NULL),
(1, 1685, NULL),
(1, 1686, NULL),
(1, 1687, NULL),
(1, 1688, NULL),
(1, 1689, NULL),
(1, 1690, NULL),
(1, 1691, NULL),
(1, 1692, NULL),
(1, 1693, NULL),
(1, 1694, NULL),
(1, 1695, NULL),
(1, 1696, NULL),
(1, 1697, NULL),
(1, 1698, NULL),
(1, 1699, NULL),
(1, 1700, NULL),
(1, 1701, NULL),
(1, 1702, NULL),
(1, 1703, NULL),
(1, 1704, NULL),
(1, 1705, NULL),
(1, 1706, NULL),
(1, 1707, NULL),
(1, 1708, NULL),
(1, 1709, NULL),
(1, 1710, NULL),
(1, 1711, NULL),
(1, 1712, NULL),
(1, 1713, NULL),
(1, 1714, NULL),
(1, 1715, NULL),
(1, 1716, NULL),
(1, 1717, NULL),
(1, 1718, NULL),
(1, 1719, NULL),
(1, 1720, NULL),
(1, 1721, NULL),
(1, 1722, NULL),
(1, 1723, NULL),
(1, 1724, NULL),
(1, 1725, NULL),
(1, 1726, NULL),
(1, 1727, NULL),
(1, 1728, NULL),
(1, 1729, NULL),
(1, 1730, NULL),
(1, 1731, NULL),
(1, 1732, NULL),
(1, 1733, NULL),
(1, 1734, NULL),
(1, 1735, NULL),
(1, 1736, NULL),
(1, 1737, NULL),
(1, 1738, NULL),
(1, 1739, NULL),
(1, 1740, NULL),
(1, 1741, NULL),
(1, 1742, NULL),
(1, 1743, NULL),
(1, 1744, NULL),
(1, 1745, NULL),
(1, 1746, NULL),
(1, 1747, NULL),
(1, 1748, NULL),
(1, 1749, NULL),
(1, 1750, NULL),
(1, 1751, NULL),
(1, 1752, NULL),
(1, 1753, NULL),
(1, 1754, NULL),
(1, 1755, NULL),
(1, 1756, NULL),
(1, 1757, NULL),
(1, 1758, NULL),
(1, 1759, NULL),
(1, 1760, NULL),
(1, 1761, NULL),
(1, 1762, NULL),
(1, 1763, NULL),
(1, 1764, NULL),
(1, 1765, NULL),
(1, 1766, NULL),
(1, 1767, NULL),
(1, 1768, NULL),
(1, 1769, NULL),
(1, 1770, NULL),
(1, 1771, NULL),
(1, 1772, NULL),
(1, 1773, NULL),
(1, 1774, NULL),
(1, 1775, NULL),
(1, 1776, NULL),
(1, 1777, NULL),
(1, 1778, NULL),
(1, 1779, NULL),
(1, 1780, NULL),
(1, 1781, NULL),
(1, 1782, NULL),
(1, 1783, NULL),
(1, 1784, NULL),
(1, 1785, NULL),
(1, 1791, NULL),
(1, 1798, NULL),
(1, 1799, NULL),
(1, 1800, NULL),
(3, 13, NULL),
(3, 18, NULL),
(3, 19, NULL),
(3, 20, NULL),
(3, 21, NULL),
(3, 22, NULL),
(3, 24, NULL),
(3, 25, NULL),
(3, 34, NULL),
(3, 35, NULL),
(3, 36, NULL),
(3, 37, NULL),
(3, 39, NULL),
(3, 43, NULL),
(3, 44, NULL),
(3, 45, NULL),
(3, 46, NULL),
(3, 47, NULL),
(8, 13, NULL),
(8, 14, NULL),
(8, 18, NULL),
(8, 19, NULL),
(8, 20, NULL),
(8, 21, NULL),
(8, 22, NULL),
(8, 24, NULL),
(8, 25, NULL),
(8, 34, NULL),
(8, 35, NULL),
(8, 36, NULL),
(8, 37, NULL),
(8, 38, NULL),
(8, 39, NULL),
(8, 40, NULL);

-- --------------------------------------------------------

--
-- Table structure for table `groupes`
--

CREATE TABLE IF NOT EXISTS `groupes` (
  `IDGROUPE` int(11) NOT NULL AUTO_INCREMENT,
  `LIBELLE` varchar(50) NOT NULL,
  PRIMARY KEY (`IDGROUPE`)
) ENGINE=InnoDB  DEFAULT CHARSET=utf8 AUTO_INCREMENT=5 ;

--
-- Dumping data for table `groupes`
--

INSERT INTO `groupes` (`IDGROUPE`, `LIBELLE`) VALUES
(1, 'Centre de Formation'),
(2, 'RH'),
(3, 'Siège'),
(4, 'Filiale');

-- --------------------------------------------------------

--
-- Table structure for table `langue`
--

CREATE TABLE IF NOT EXISTS `langue` (
  `IDLANGUE` int(11) NOT NULL AUTO_INCREMENT,
  `LIBELLE` varchar(100) NOT NULL,
  PRIMARY KEY (`IDLANGUE`)
) ENGINE=InnoDB  DEFAULT CHARSET=utf8 AUTO_INCREMENT=4 ;

--
-- Dumping data for table `langue`
--

INSERT INTO `langue` (`IDLANGUE`, `LIBELLE`) VALUES
(1, 'Francais'),
(2, 'Anglais'),
(3, 'Espagnol');

-- --------------------------------------------------------

--
-- Table structure for table `langue_parlee`
--

CREATE TABLE IF NOT EXISTS `langue_parlee` (
  `PERSONNE` int(11) NOT NULL,
  `LANGUE` int(11) NOT NULL,
  PRIMARY KEY (`PERSONNE`,`LANGUE`),
  KEY `FK_srsx81yp34w141s8cptdng6xb` (`LANGUE`)
) ENGINE=InnoDB DEFAULT CHARSET=utf8;

--
-- Dumping data for table `langue_parlee`
--

INSERT INTO `langue_parlee` (`PERSONNE`, `LANGUE`) VALUES
(22, 1),
(22, 2);

-- --------------------------------------------------------

--
-- Table structure for table `modeles`
--

CREATE TABLE IF NOT EXISTS `modeles` (
  `IDMODELE` int(11) NOT NULL AUTO_INCREMENT,
  `LIBELLE` varchar(150) NOT NULL,
  PRIMARY KEY (`IDMODELE`)
) ENGINE=InnoDB  DEFAULT CHARSET=utf8 AUTO_INCREMENT=9 ;

--
-- Dumping data for table `modeles`
--

INSERT INTO `modeles` (`IDMODELE`, `LIBELLE`) VALUES
(1, 'CFAO Academy'),
(2, 'JCB Distance Learning'),
(3, 'Mécanique de base CFAO Academy'),
(4, 'Niveau Initial CFAO Academy (4 modules)'),
(5, 'JCB JDS'),
(6, 'Induction'),
(7, 'Introduction conduite engins'),
(8, 'JCB 3DX');

-- --------------------------------------------------------

--
-- Table structure for table `niveau`
--

CREATE TABLE IF NOT EXISTS `niveau` (
  `IDNIVEAU` int(11) NOT NULL AUTO_INCREMENT,
  `LIBELLE` varchar(100) DEFAULT NULL,
  `id` int(11) NOT NULL,
  PRIMARY KEY (`IDNIVEAU`) USING BTREE
) ENGINE=InnoDB  DEFAULT CHARSET=utf8 AUTO_INCREMENT=5 ;

--
-- Dumping data for table `niveau`
--

INSERT INTO `niveau` (`IDNIVEAU`, `LIBELLE`, `id`) VALUES
(1, 'Initial', 0),
(2, 'Fondamental', 0),
(3, 'Avancé', 0),
(4, 'Expert', 0);

-- --------------------------------------------------------

--
-- Table structure for table `niveau_etude`
--

CREATE TABLE IF NOT EXISTS `niveau_etude` (
  `IDNIVEAUETUDE` int(11) NOT NULL AUTO_INCREMENT,
  `LIBELLE` varchar(10) NOT NULL,
  PRIMARY KEY (`IDNIVEAUETUDE`)
) ENGINE=InnoDB DEFAULT CHARSET=utf8 COMMENT='Niveau d etude de l etudiant' AUTO_INCREMENT=1 ;

-- --------------------------------------------------------

--
-- Table structure for table `niveau_service`
--

CREATE TABLE IF NOT EXISTS `niveau_service` (
  `IDNIVEAUSERVICE` int(11) NOT NULL AUTO_INCREMENT,
  `LIBELLE` varchar(30) NOT NULL,
  PRIMARY KEY (`IDNIVEAUSERVICE`)
) ENGINE=InnoDB DEFAULT CHARSET=utf8 AUTO_INCREMENT=1 ;

-- --------------------------------------------------------

--
-- Table structure for table `pays`
--

CREATE TABLE IF NOT EXISTS `pays` (
  `IDPAYS` int(11) NOT NULL AUTO_INCREMENT,
  `ISO` char(2) NOT NULL,
  `NAMEFR` varchar(80) NOT NULL,
  `NAMEEN` varchar(80) NOT NULL,
  `ISO3` char(3) DEFAULT NULL,
  `NUMCODE` smallint(6) DEFAULT NULL,
  `PHONECODE` int(5) NOT NULL,
  PRIMARY KEY (`IDPAYS`)
) ENGINE=InnoDB  DEFAULT CHARSET=utf8 AUTO_INCREMENT=254 ;

--
-- Dumping data for table `pays`
--

INSERT INTO `pays` (`IDPAYS`, `ISO`, `NAMEFR`, `NAMEEN`, `ISO3`, `NUMCODE`, `PHONECODE`) VALUES
(1, 'AF', 'Afghanistan', 'Afghanistan', 'AFG', 4, 93),
(2, 'AL', 'Albanie', 'Albania', 'ALB', 8, 355),
(3, 'DZ', 'Algérie', 'Algeria', 'DZA', 12, 213),
(4, 'AS', 'Samoa Américaines', 'American Samoa', 'ASM', 16, 1684),
(5, 'AD', 'Andorre', 'Andorra', 'AND', 20, 376),
(6, 'AO', 'Angola', 'Angola', 'AGO', 24, 244),
(7, 'AI', 'Anguilla', 'Anguilla', 'AIA', 660, 1264),
(8, 'AQ', 'Antarctique', 'Antarctica', NULL, NULL, 0),
(9, 'AG', 'Antigua-et-Barbuda', 'Antigua and Barbuda', 'ATG', 28, 1268),
(10, 'AR', 'Argentine', 'Argentina', 'ARG', 32, 54),
(11, 'AM', 'Arménie', 'Armenia', 'ARM', 51, 374),
(12, 'AW', 'Aruba', 'Aruba', 'ABW', 533, 297),
(13, 'AU', 'Australie', 'Australia', 'AUS', 36, 61),
(14, 'AT', 'Autriche', 'Austria', 'AUT', 40, 43),
(15, 'AZ', 'Azerbaïdjan', 'Azerbaijan', 'AZE', 31, 994),
(16, 'BS', 'Bahamas', 'Bahamas', 'BHS', 44, 1242),
(17, 'BH', 'Bahreïn', 'Bahrain', 'BHR', 48, 973),
(18, 'BD', 'Bangladesh', 'Bangladesh', 'BGD', 50, 880),
(19, 'BB', 'Barbade', 'Barbados', 'BRB', 52, 1246),
(20, 'BY', 'Bélarus', 'Belarus', 'BLR', 112, 375),
(21, 'BE', 'Belgique', 'Belgium', 'BEL', 56, 32),
(22, 'BZ', 'Belize', 'Belize', 'BLZ', 84, 501),
(23, 'BJ', 'Bénin', 'Benin', 'BEN', 204, 229),
(24, 'BM', 'Bermudes', 'Bermuda', 'BMU', 60, 1441),
(25, 'BT', 'Bhoutan', 'Bhutan', 'BTN', 64, 975),
(26, 'BO', 'Bolivie', 'Bolivia', 'BOL', 68, 591),
(27, 'BA', 'Bosnie-Herzégovine', 'Bosnia and Herzegovina', 'BIH', 70, 387),
(28, 'BW', 'Botswana', 'Botswana', 'BWA', 72, 267),
(29, 'BV', 'Île Bouvet', 'Bouvet Island', NULL, NULL, 0),
(30, 'BR', 'Brésil', 'Brazil', 'BRA', 76, 55),
(31, 'IO', 'Territoire Britannique de l''Océan Indien', 'British Indian Ocean Territory', NULL, NULL, 246),
(32, 'BN', 'Brunéi Darussalam', 'Brunei Darussalam', 'BRN', 96, 673),
(33, 'BG', 'Bulgarie', 'Bulgaria', 'BGR', 100, 359),
(34, 'BF', 'Burkina Faso', 'Burkina Faso', 'BFA', 854, 226),
(35, 'BI', 'Burundi', 'Burundi', 'BDI', 108, 257),
(36, 'KH', 'Cambodge', 'Cambodia', 'KHM', 116, 855),
(37, 'CM', 'Cameroun', 'Cameroon', 'CMR', 120, 237),
(38, 'CA', 'Canada', 'Canada', 'CAN', 124, 1),
(39, 'CV', 'Cap-vert', 'Cape Verde', 'CPV', 132, 238),
(40, 'KY', 'Îles Caïmanes', 'Cayman Islands', 'CYM', 136, 1345),
(41, 'CF', 'République Centrafricaine', 'Central African Republic', 'CAF', 140, 236),
(42, 'TD', 'Tchad', 'Chad', 'TCD', 148, 235),
(43, 'CL', 'Chili', 'Chile', 'CHL', 152, 56),
(44, 'CN', 'Chine', 'China', 'CHN', 156, 86),
(45, 'CX', 'Île Christmas', 'Christmas Island', NULL, NULL, 61),
(46, 'CC', 'Îles Cocos (Keeling)', 'Cocos (Keeling) Islands', NULL, NULL, 672),
(47, 'CO', 'Colombie', 'Colombia', 'COL', 170, 57),
(48, 'KM', 'Comores', 'Comoros', 'COM', 174, 269),
(49, 'CG', 'République du Congo', 'Congo', 'COG', 178, 242),
(50, 'CD', 'République Démocratique du Congo', 'Congo, the Democratic Republic of the', 'COD', 180, 243),
(51, 'CK', 'Îles Cook', 'Cook Islands', 'COK', 184, 682),
(52, 'CR', 'Costa Rica', 'Costa Rica', 'CRI', 188, 506),
(53, 'CI', 'Côte d''Ivoire', 'Cote D''Ivoire', 'CIV', 384, 225),
(54, 'HR', 'Croatie', 'Croatia', 'HRV', 191, 385),
(55, 'CU', 'Cuba', 'Cuba', 'CUB', 192, 53),
(56, 'CY', 'Chypre', 'Cyprus', 'CYP', 196, 357),
(57, 'CZ', 'République Tchèque', 'Czech Republic', 'CZE', 203, 420),
(58, 'DK', 'Danemark', 'Denmark', 'DNK', 208, 45),
(59, 'DJ', 'Djibouti', 'Djibouti', 'DJI', 262, 253),
(60, 'DM', 'Dominique', 'Dominica', 'DMA', 212, 1767),
(61, 'DO', 'République Dominicaine', 'Dominican Republic', 'DOM', 214, 1809),
(62, 'EC', 'Équateur', 'Ecuador', 'ECU', 218, 593),
(63, 'EG', 'Égypte', 'Egypt', 'EGY', 818, 20),
(64, 'SV', 'El Salvador', 'El Salvador', 'SLV', 222, 503),
(65, 'GQ', 'Guinée Équatoriale', 'Equatorial Guinea', 'GNQ', 226, 240),
(66, 'ER', 'Érythrée', 'Eritrea', 'ERI', 232, 291),
(67, 'EE', 'Estonie', 'Estonia', 'EST', 233, 372),
(68, 'ET', 'Éthiopie', 'Ethiopia', 'ETH', 231, 251),
(69, 'FK', 'Îles (malvinas) Falkland', 'Falkland Islands (Malvinas)', 'FLK', 238, 500),
(70, 'FO', 'Îles Féroé', 'Faroe Islands', 'FRO', 234, 298),
(71, 'FJ', 'Fidji', 'Fiji', 'FJI', 242, 679),
(72, 'FI', 'Finlande', 'Finland', 'FIN', 246, 358),
(73, 'FR', 'France', 'France', 'FRA', 250, 33),
(74, 'GF', 'Guyane Française', 'French Guiana', 'GUF', 254, 594),
(75, 'PF', 'Polynésie Française', 'French Polynesia', 'PYF', 258, 689),
(76, 'TF', 'Terres Australes Françaises', 'French Southern Territories', NULL, NULL, 0),
(77, 'GA', 'Gabon', 'Gabon', 'GAB', 266, 241),
(78, 'GM', 'Gambie', 'Gambia', 'GMB', 270, 220),
(79, 'GE', 'Géorgie', 'Georgia', 'GEO', 268, 995),
(80, 'DE', 'Allemagne', 'Germany', 'DEU', 276, 49),
(81, 'GH', 'Ghana', 'Ghana', 'GHA', 288, 233),
(82, 'GI', 'Gibraltar', 'Gibraltar', 'GIB', 292, 350),
(83, 'GR', 'Grèce', 'Greece', 'GRC', 300, 30),
(84, 'GL', 'Groenland', 'Greenland', 'GRL', 304, 299),
(85, 'GD', 'Grenade', 'Grenada', 'GRD', 308, 1473),
(86, 'GP', 'Guadeloupe', 'Guadeloupe', 'GLP', 312, 590),
(87, 'GU', 'Guam', 'Guam', 'GUM', 316, 1671),
(88, 'GT', 'Guatemala', 'Guatemala', 'GTM', 320, 502),
(89, 'GN', 'Guinée', 'Guinea', 'GIN', 324, 224),
(90, 'GW', 'Guinée-Bissau', 'Guinea-Bissau', 'GNB', 624, 245),
(91, 'GY', 'Guyana', 'Guyana', 'GUY', 328, 592),
(92, 'HT', 'Haïti', 'Haiti', 'HTI', 332, 509),
(93, 'HM', 'Îles Heard et Mcdonald', 'Heard Island and Mcdonald Islands', NULL, NULL, 0),
(94, 'VA', 'Saint-Siège (état de la Cité du Vatican)', 'Holy See (Vatican City State)', 'VAT', 336, 39),
(95, 'HN', 'Honduras', 'Honduras', 'HND', 340, 504),
(96, 'HK', 'Hong-Kong', 'Hong Kong', 'HKG', 344, 852),
(97, 'HU', 'Hongrie', 'Hungary', 'HUN', 348, 36),
(98, 'IS', 'Islande', 'Iceland', 'ISL', 352, 354),
(99, 'IN', 'Inde', 'India', 'IND', 356, 91),
(100, 'ID', 'Indonésie', 'Indonesia', 'IDN', 360, 62),
(101, 'IR', 'République Islamique d''Iran', 'Iran, Islamic Republic of', 'IRN', 364, 98),
(102, 'IQ', 'Iraq', 'Iraq', 'IRQ', 368, 964),
(103, 'IE', 'Irlande', 'Ireland', 'IRL', 372, 353),
(104, 'IL', 'Israël', 'Israel', 'ISR', 376, 972),
(105, 'IT', 'Italie', 'Italy', 'ITA', 380, 39),
(106, 'JM', 'Jamaïque', 'Jamaica', 'JAM', 388, 1876),
(107, 'JP', 'Japon', 'Japan', 'JPN', 392, 81),
(108, 'JO', 'Jordanie', 'Jordan', 'JOR', 400, 962),
(109, 'KZ', 'Kazakhstan', 'Kazakhstan', 'KAZ', 398, 7),
(110, 'KE', 'Kenya', 'Kenya', 'KEN', 404, 254),
(111, 'KI', 'Kiribati', 'Kiribati', 'KIR', 296, 686),
(112, 'KP', 'République Populaire Démocratique de Corée', 'Korea, Democratic People''s Republic of', 'PRK', 408, 850),
(113, 'KR', 'République de Corée', 'Korea, Republic of', 'KOR', 410, 82),
(114, 'KW', 'Koweït', 'Kuwait', 'KWT', 414, 965),
(115, 'KG', 'Kirghizistan', 'Kyrgyzstan', 'KGZ', 417, 996),
(116, 'LA', 'République Démocratique Populaire Lao', 'Lao People''s Democratic Republic', 'LAO', 418, 856),
(117, 'LV', 'Lettonie', 'Latvia', 'LVA', 428, 371),
(118, 'LB', 'Liban', 'Lebanon', 'LBN', 422, 961),
(119, 'LS', 'Lesotho', 'Lesotho', 'LSO', 426, 266),
(120, 'LR', 'Libéria', 'Liberia', 'LBR', 430, 231),
(121, 'LY', 'Jamahiriya Arabe Libyenne', 'Libyan Arab Jamahiriya', 'LBY', 434, 218),
(122, 'LI', 'Liechtenstein', 'Liechtenstein', 'LIE', 438, 423),
(123, 'LT', 'Lituanie', 'Lithuania', 'LTU', 440, 370),
(124, 'LU', 'Luxembourg', 'Luxembourg', 'LUX', 442, 352),
(125, 'MO', 'Macao', 'Macao', 'MAC', 446, 853),
(126, 'MK', 'L''ex-République Yougoslave de Macédoine', 'Macedonia, the Former Yugoslav Republic of', 'MKD', 807, 389),
(127, 'MG', 'Madagascar', 'Madagascar', 'MDG', 450, 261),
(128, 'MW', 'Malawi', 'Malawi', 'MWI', 454, 265),
(129, 'MY', 'Malaisie', 'Malaysia', 'MYS', 458, 60),
(130, 'MV', 'Maldives', 'Maldives', 'MDV', 462, 960),
(131, 'ML', 'Mali', 'Mali', 'MLI', 466, 223),
(132, 'MT', 'Malte', 'Malta', 'MLT', 470, 356),
(133, 'MH', 'Îles Marshall', 'Marshall Islands', 'MHL', 584, 692),
(134, 'MQ', 'Martinique', 'Martinique', 'MTQ', 474, 596),
(135, 'MR', 'Mauritanie', 'Mauritania', 'MRT', 478, 222),
(136, 'MU', 'Maurice', 'Mauritius', 'MUS', 480, 230),
(137, 'YT', 'Mayotte', 'Mayotte', NULL, NULL, 269),
(138, 'MX', 'Mexique', 'Mexico', 'MEX', 484, 52),
(139, 'FM', 'États Fédérés de Micronésie', 'Micronesia, Federated States of', 'FSM', 583, 691),
(140, 'MD', 'République de Moldova', 'Moldova, Republic of', 'MDA', 498, 373),
(141, 'MC', 'Monaco', 'Monaco', 'MCO', 492, 377),
(142, 'MN', 'Mongolie', 'Mongolia', 'MNG', 496, 976),
(143, 'MS', 'Montserrat', 'Montserrat', 'MSR', 500, 1664),
(144, 'MA', 'Maroc', 'Morocco', 'MAR', 504, 212),
(145, 'MZ', 'Mozambique', 'Mozambique', 'MOZ', 508, 258),
(146, 'MM', 'Myanmar', 'Myanmar', 'MMR', 104, 95),
(147, 'NA', 'Namibie', 'Namibia', 'NAM', 516, 264),
(148, 'NR', 'Nauru', 'Nauru', 'NRU', 520, 674),
(149, 'NP', 'Népal', 'Nepal', 'NPL', 524, 977),
(150, 'NL', 'Pays-Bas', 'Netherlands', 'NLD', 528, 31),
(151, 'AN', 'Antilles Néerlandaises', 'Netherlands Antilles', 'ANT', 530, 599),
(152, 'NC', 'Nouvelle-Calédonie', 'New Caledonia', 'NCL', 540, 687),
(153, 'NZ', 'Nouvelle-Zélande', 'New Zealand', 'NZL', 554, 64),
(154, 'NI', 'Nicaragua', 'Nicaragua', 'NIC', 558, 505),
(155, 'NE', 'Niger', 'Niger', 'NER', 562, 227),
(156, 'NG', 'Nigéria', 'Nigeria', 'NGA', 566, 234),
(157, 'NU', 'Niué', 'Niue', 'NIU', 570, 683),
(158, 'NF', 'Île Norfolk', 'Norfolk Island', 'NFK', 574, 672),
(159, 'MP', 'Îles Mariannes du Nord', 'Northern Mariana Islands', 'MNP', 580, 1670),
(160, 'NO', 'Norvège', 'Norway', 'NOR', 578, 47),
(161, 'OM', 'Oman', 'Oman', 'OMN', 512, 968),
(162, 'PK', 'Pakistan', 'Pakistan', 'PAK', 586, 92),
(163, 'PW', 'Palaos', 'Palau', 'PLW', 585, 680),
(164, 'PS', 'Territoire Palestinien Occupé', 'Palestinian Territory, Occupied', NULL, NULL, 970),
(165, 'PA', 'Panama', 'Panama', 'PAN', 591, 507),
(166, 'PG', 'Papouasie-Nouvelle-Guinée', 'Papua New Guinea', 'PNG', 598, 675),
(167, 'PY', 'Paraguay', 'Paraguay', 'PRY', 600, 595),
(168, 'PE', 'Pérou', 'Peru', 'PER', 604, 51),
(169, 'PH', 'Philippines', 'Philippines', 'PHL', 608, 63),
(170, 'PN', 'Pitcairn', 'Pitcairn', 'PCN', 612, 0),
(171, 'PL', 'Pologne', 'Poland', 'POL', 616, 48),
(172, 'PT', 'Portugal', 'Portugal', 'PRT', 620, 351),
(173, 'PR', 'Porto Rico', 'Puerto Rico', 'PRI', 630, 1787),
(174, 'QA', 'Qatar', 'Qatar', 'QAT', 634, 974),
(175, 'RE', 'Réunion', 'Reunion', 'REU', 638, 262),
(176, 'RO', 'Roumanie', 'Romania', 'ROM', 642, 40),
(177, 'RU', 'Fédération de Russie', 'Russian Federation', 'RUS', 643, 7),
(178, 'RW', 'Rwanda', 'Rwanda', 'RWA', 646, 250),
(179, 'SH', 'Sainte-Hélène', 'Saint Helena', 'SHN', 654, 290),
(180, 'KN', 'Saint-Kitts-et-Nevis', 'Saint Kitts and Nevis', 'KNA', 659, 1869),
(181, 'LC', 'Sainte-Lucie', 'Saint Lucia', 'LCA', 662, 1758),
(182, 'PM', 'Saint-Pierre-et-Miquelon', 'Saint Pierre and Miquelon', 'SPM', 666, 508),
(183, 'VC', 'Saint-Vincent-et-les Grenadines', 'Saint Vincent and the Grenadines', 'VCT', 670, 1784),
(184, 'WS', 'Samoa', 'Samoa', 'WSM', 882, 684),
(185, 'SM', 'Saint-Marin', 'San Marino', 'SMR', 674, 378),
(186, 'ST', 'Sao Tomé-et-Principe', 'Sao Tome and Principe', 'STP', 678, 239),
(187, 'SA', 'Arabie Saoudite', 'Saudi Arabia', 'SAU', 682, 966),
(188, 'SN', 'Sénégal', 'Senegal', 'SEN', 686, 221),
(190, 'SC', 'Seychelles', 'Seychelles', 'SYC', 690, 248),
(191, 'SL', 'Sierra Leone', 'Sierra Leone', 'SLE', 694, 232),
(192, 'SG', 'Singapour', 'Singapore', 'SGP', 702, 65),
(193, 'SK', 'Slovaquie', 'Slovakia', 'SVK', 703, 421),
(194, 'SI', 'Slovénie', 'Slovenia', 'SVN', 705, 386),
(195, 'SB', 'Îles Salomon', 'Solomon Islands', 'SLB', 90, 677),
(196, 'SO', 'Somalie', 'Somalia', 'SOM', 706, 252),
(197, 'ZA', 'Afrique du Sud', 'South Africa', 'ZAF', 710, 27),
(198, 'GS', 'Géorgie du Sud et les Îles Sandwich du Sud', 'South Georgia and the South Sandwich Islands', NULL, NULL, 0),
(199, 'ES', 'Espagne', 'Spain', 'ESP', 724, 34),
(200, 'LK', 'Sri Lanka', 'Sri Lanka', 'LKA', 144, 94),
(201, 'SD', 'Soudan', 'Sudan', 'SDN', 736, 249),
(202, 'SR', 'Suriname', 'Suriname', 'SUR', 740, 597),
(203, 'SJ', 'Svalbard etÎle Jan Mayen', 'Svalbard and Jan Mayen', 'SJM', 744, 47),
(204, 'SZ', 'Swaziland', 'Swaziland', 'SWZ', 748, 268),
(205, 'SE', 'Suède', 'Sweden', 'SWE', 752, 46),
(206, 'CH', 'Suisse', 'Switzerland', 'CHE', 756, 41),
(207, 'SY', 'République Arabe Syrienne', 'Syrian Arab Republic', 'SYR', 760, 963),
(208, 'TW', 'Taïwan', 'Taiwan, Province of China', 'TWN', 158, 886),
(209, 'TJ', 'Tadjikistan', 'Tajikistan', 'TJK', 762, 992),
(210, 'TZ', 'République-Unie de Tanzanie', 'Tanzania, United Republic of', 'TZA', 834, 255),
(211, 'TH', 'Thaïlande', 'Thailand', 'THA', 764, 66),
(212, 'TL', 'Timor-Leste', 'Timor-Leste', NULL, NULL, 670),
(213, 'TG', 'Togo', 'Togo', 'TGO', 768, 228),
(214, 'TK', 'Tokelau', 'Tokelau', 'TKL', 772, 690),
(215, 'TO', 'Tonga', 'Tonga', 'TON', 776, 676),
(216, 'TT', 'Trinité-et-Tobago', 'Trinidad and Tobago', 'TTO', 780, 1868),
(217, 'TN', 'Tunisie', 'Tunisia', 'TUN', 788, 216),
(218, 'TR', 'Turquie', 'Turkey', 'TUR', 792, 90),
(219, 'TM', 'Turkménistan', 'Turkmenistan', 'TKM', 795, 7370),
(220, 'TC', 'Îles Turks et Caïques', 'Turks and Caicos Islands', 'TCA', 796, 1649),
(221, 'TV', 'Tuvalu', 'Tuvalu', 'TUV', 798, 688),
(222, 'UG', 'Ouganda', 'Uganda', 'UGA', 800, 256),
(223, 'UA', 'Ukraine', 'Ukraine', 'UKR', 804, 380),
(224, 'AE', 'Émirats Arabes Unis', 'United Arab Emirates', 'ARE', 784, 971),
(225, 'GB', 'Royaume-Uni', 'United Kingdom', 'GBR', 826, 44),
(226, 'US', 'États-Unis', 'United States', 'USA', 840, 1),
(227, 'UM', 'Îles Mineures Éloignées des États-Unis', 'United States Minor Outlying Islands', NULL, NULL, 1),
(228, 'UY', 'Uruguay', 'Uruguay', 'URY', 858, 598),
(229, 'UZ', 'Ouzbékistan', 'Uzbekistan', 'UZB', 860, 998),
(230, 'VU', 'Vanuatu', 'Vanuatu', 'VUT', 548, 678),
(231, 'VE', 'Venezuela', 'Venezuela', 'VEN', 862, 58),
(232, 'VN', 'Viet Nam', 'Viet Nam', 'VNM', 704, 84),
(233, 'VG', 'Îles Vierges Britanniques', 'Virgin Islands, British', 'VGB', 92, 1284),
(234, 'VI', 'Îles Vierges des États-Unis', 'Virgin Islands, U.s.', 'VIR', 850, 1340),
(235, 'WF', 'Wallis et Futuna', 'Wallis and Futuna', 'WLF', 876, 681),
(236, 'EH', 'Sahara Occidental', 'Western Sahara', 'ESH', 732, 212),
(237, 'YE', 'Yémen', 'Yemen', 'YEM', 887, 967),
(238, 'ZM', 'Zambie', 'Zambia', 'ZMB', 894, 260),
(239, 'ZW', 'Zimbabwe', 'Zimbabwe', 'ZWE', 716, 263),
(240, 'RS', 'Serbie', 'Serbia', 'SRB', 688, 381),
(241, 'AP', 'Asie Région Pacifique', 'Asia / Pacific Region', '0', 0, 0),
(242, 'ME', 'Monténégro', 'Montenegro', 'MNE', 499, 382),
(243, 'AX', 'Îles Åland', 'Aland Islands', 'ALA', 248, 358),
(244, 'BQ', 'Bonaire, Sint Eustatius and Saba', 'Bonaire, Sint Eustatius and Saba', 'BES', 535, 599),
(245, 'CW', 'Curacao', 'Curacao', 'CUW', 531, 599),
(246, 'GG', 'Guernsey', 'Guernsey', 'GGY', 831, 44),
(247, 'IM', 'Île de Man', 'Isle of Man', 'IMN', 833, 44),
(248, 'JE', 'Jersey', 'Jersey', 'JEY', 832, 44),
(249, 'XK', 'Kosovo', 'Kosovo', '---', 0, 381),
(250, 'BL', 'Saint Barthelémie', 'Saint Barthelemy', 'BLM', 652, 590),
(251, 'MF', 'Saint Martin', 'Saint Martin', 'MAF', 663, 590),
(252, 'SX', 'Sint Maarten', 'Sint Maarten', 'SXM', 534, 1),
(253, 'SS', 'Soudan du Sud', 'South Sudan', 'SSD', 728, 211);

-- --------------------------------------------------------

--
-- Table structure for table `pays2`
--

CREATE TABLE IF NOT EXISTS `pays2` (
  `id` smallint(5) unsigned NOT NULL AUTO_INCREMENT,
  `code` int(3) NOT NULL,
  `alpha2` varchar(2) NOT NULL,
  `alpha3` varchar(3) NOT NULL,
  `nom_en_gb` varchar(45) NOT NULL,
  `nom_fr_fr` varchar(45) NOT NULL,
  PRIMARY KEY (`id`),
  UNIQUE KEY `alpha2` (`alpha2`),
  UNIQUE KEY `alpha3` (`alpha3`),
  UNIQUE KEY `code_unique` (`code`)
) ENGINE=MyISAM  DEFAULT CHARSET=utf8 AUTO_INCREMENT=242 ;

--
-- Dumping data for table `pays2`
--

INSERT INTO `pays2` (`id`, `code`, `alpha2`, `alpha3`, `nom_en_gb`, `nom_fr_fr`) VALUES
(1, 4, 'AF', 'AFG', 'Afghanistan', 'Afghanistan'),
(2, 8, 'AL', 'ALB', 'Albania', 'Albanie'),
(3, 10, 'AQ', 'ATA', 'Antarctica', 'Antarctique'),
(4, 12, 'DZ', 'DZA', 'Algeria', 'Algérie'),
(5, 16, 'AS', 'ASM', 'American Samoa', 'Samoa Américaines'),
(6, 20, 'AD', 'AND', 'Andorra', 'Andorre'),
(7, 24, 'AO', 'AGO', 'Angola', 'Angola'),
(8, 28, 'AG', 'ATG', 'Antigua and Barbuda', 'Antigua-et-Barbuda'),
(9, 31, 'AZ', 'AZE', 'Azerbaijan', 'Azerbaïdjan'),
(10, 32, 'AR', 'ARG', 'Argentina', 'Argentine'),
(11, 36, 'AU', 'AUS', 'Australia', 'Australie'),
(12, 40, 'AT', 'AUT', 'Austria', 'Autriche'),
(13, 44, 'BS', 'BHS', 'Bahamas', 'Bahamas'),
(14, 48, 'BH', 'BHR', 'Bahrain', 'Bahreïn'),
(15, 50, 'BD', 'BGD', 'Bangladesh', 'Bangladesh'),
(16, 51, 'AM', 'ARM', 'Armenia', 'Arménie'),
(17, 52, 'BB', 'BRB', 'Barbados', 'Barbade'),
(18, 56, 'BE', 'BEL', 'Belgium', 'Belgique'),
(19, 60, 'BM', 'BMU', 'Bermuda', 'Bermudes'),
(20, 64, 'BT', 'BTN', 'Bhutan', 'Bhoutan'),
(21, 68, 'BO', 'BOL', 'Bolivia', 'Bolivie'),
(22, 70, 'BA', 'BIH', 'Bosnia and Herzegovina', 'Bosnie-Herzégovine'),
(23, 72, 'BW', 'BWA', 'Botswana', 'Botswana'),
(24, 74, 'BV', 'BVT', 'Bouvet Island', 'Île Bouvet'),
(25, 76, 'BR', 'BRA', 'Brazil', 'Brésil'),
(26, 84, 'BZ', 'BLZ', 'Belize', 'Belize'),
(27, 86, 'IO', 'IOT', 'British Indian Ocean Territory', 'Territoire Britannique de l''Océan Indien'),
(28, 90, 'SB', 'SLB', 'Solomon Islands', 'Îles Salomon'),
(29, 92, 'VG', 'VGB', 'British Virgin Islands', 'Îles Vierges Britanniques'),
(30, 96, 'BN', 'BRN', 'Brunei Darussalam', 'Brunéi Darussalam'),
(31, 100, 'BG', 'BGR', 'Bulgaria', 'Bulgarie'),
(32, 104, 'MM', 'MMR', 'Myanmar', 'Myanmar'),
(33, 108, 'BI', 'BDI', 'Burundi', 'Burundi'),
(34, 112, 'BY', 'BLR', 'Belarus', 'Bélarus'),
(35, 116, 'KH', 'KHM', 'Cambodia', 'Cambodge'),
(36, 120, 'CM', 'CMR', 'Cameroon', 'Cameroun'),
(37, 124, 'CA', 'CAN', 'Canada', 'Canada'),
(38, 132, 'CV', 'CPV', 'Cape Verde', 'Cap-vert'),
(39, 136, 'KY', 'CYM', 'Cayman Islands', 'Îles Caïmanes'),
(40, 140, 'CF', 'CAF', 'Central African', 'République Centrafricaine'),
(41, 144, 'LK', 'LKA', 'Sri Lanka', 'Sri Lanka'),
(42, 148, 'TD', 'TCD', 'Chad', 'Tchad'),
(43, 152, 'CL', 'CHL', 'Chile', 'Chili'),
(44, 156, 'CN', 'CHN', 'China', 'Chine'),
(45, 158, 'TW', 'TWN', 'Taiwan', 'Taïwan'),
(46, 162, 'CX', 'CXR', 'Christmas Island', 'Île Christmas'),
(47, 166, 'CC', 'CCK', 'Cocos (Keeling) Islands', 'Îles Cocos (Keeling)'),
(48, 170, 'CO', 'COL', 'Colombia', 'Colombie'),
(49, 174, 'KM', 'COM', 'Comoros', 'Comores'),
(50, 175, 'YT', 'MYT', 'Mayotte', 'Mayotte'),
(51, 178, 'CG', 'COG', 'Republic of the Congo', 'République du Congo'),
(52, 180, 'CD', 'COD', 'The Democratic Republic Of The Congo', 'République Démocratique du Congo'),
(53, 184, 'CK', 'COK', 'Cook Islands', 'Îles Cook'),
(54, 188, 'CR', 'CRI', 'Costa Rica', 'Costa Rica'),
(55, 191, 'HR', 'HRV', 'Croatia', 'Croatie'),
(56, 192, 'CU', 'CUB', 'Cuba', 'Cuba'),
(57, 196, 'CY', 'CYP', 'Cyprus', 'Chypre'),
(58, 203, 'CZ', 'CZE', 'Czech Republic', 'République Tchèque'),
(59, 204, 'BJ', 'BEN', 'Benin', 'Bénin'),
(60, 208, 'DK', 'DNK', 'Denmark', 'Danemark'),
(61, 212, 'DM', 'DMA', 'Dominica', 'Dominique'),
(62, 214, 'DO', 'DOM', 'Dominican Republic', 'République Dominicaine'),
(63, 218, 'EC', 'ECU', 'Ecuador', 'Équateur'),
(64, 222, 'SV', 'SLV', 'El Salvador', 'El Salvador'),
(65, 226, 'GQ', 'GNQ', 'Equatorial Guinea', 'Guinée Équatoriale'),
(66, 231, 'ET', 'ETH', 'Ethiopia', 'Éthiopie'),
(67, 232, 'ER', 'ERI', 'Eritrea', 'Érythrée'),
(68, 233, 'EE', 'EST', 'Estonia', 'Estonie'),
(69, 234, 'FO', 'FRO', 'Faroe Islands', 'Îles Féroé'),
(70, 238, 'FK', 'FLK', 'Falkland Islands', 'Îles (malvinas) Falkland'),
(71, 239, 'GS', 'SGS', 'South Georgia and the South Sandwich Islands', 'Géorgie du Sud et les Îles Sandwich du Sud'),
(72, 242, 'FJ', 'FJI', 'Fiji', 'Fidji'),
(73, 246, 'FI', 'FIN', 'Finland', 'Finlande'),
(74, 248, 'AX', 'ALA', 'Åland Islands', 'Îles Åland'),
(75, 250, 'FR', 'FRA', 'France', 'France'),
(76, 254, 'GF', 'GUF', 'French Guiana', 'Guyane Française'),
(77, 258, 'PF', 'PYF', 'French Polynesia', 'Polynésie Française'),
(78, 260, 'TF', 'ATF', 'French Southern Territories', 'Terres Australes Françaises'),
(79, 262, 'DJ', 'DJI', 'Djibouti', 'Djibouti'),
(80, 266, 'GA', 'GAB', 'Gabon', 'Gabon'),
(81, 268, 'GE', 'GEO', 'Georgia', 'Géorgie'),
(82, 270, 'GM', 'GMB', 'Gambia', 'Gambie'),
(83, 275, 'PS', 'PSE', 'Occupied Palestinian Territory', 'Territoire Palestinien Occupé'),
(84, 276, 'DE', 'DEU', 'Germany', 'Allemagne'),
(85, 288, 'GH', 'GHA', 'Ghana', 'Ghana'),
(86, 292, 'GI', 'GIB', 'Gibraltar', 'Gibraltar'),
(87, 296, 'KI', 'KIR', 'Kiribati', 'Kiribati'),
(88, 300, 'GR', 'GRC', 'Greece', 'Grèce'),
(89, 304, 'GL', 'GRL', 'Greenland', 'Groenland'),
(90, 308, 'GD', 'GRD', 'Grenada', 'Grenade'),
(91, 312, 'GP', 'GLP', 'Guadeloupe', 'Guadeloupe'),
(92, 316, 'GU', 'GUM', 'Guam', 'Guam'),
(93, 320, 'GT', 'GTM', 'Guatemala', 'Guatemala'),
(94, 324, 'GN', 'GIN', 'Guinea', 'Guinée'),
(95, 328, 'GY', 'GUY', 'Guyana', 'Guyana'),
(96, 332, 'HT', 'HTI', 'Haiti', 'Haïti'),
(97, 334, 'HM', 'HMD', 'Heard Island and McDonald Islands', 'Îles Heard et Mcdonald'),
(98, 336, 'VA', 'VAT', 'Vatican City State', 'Saint-Siège (état de la Cité du Vatican)'),
(99, 340, 'HN', 'HND', 'Honduras', 'Honduras'),
(100, 344, 'HK', 'HKG', 'Hong Kong', 'Hong-Kong'),
(101, 348, 'HU', 'HUN', 'Hungary', 'Hongrie'),
(102, 352, 'IS', 'ISL', 'Iceland', 'Islande'),
(103, 356, 'IN', 'IND', 'India', 'Inde'),
(104, 360, 'ID', 'IDN', 'Indonesia', 'Indonésie'),
(105, 364, 'IR', 'IRN', 'Islamic Republic of Iran', 'République Islamique d''Iran'),
(106, 368, 'IQ', 'IRQ', 'Iraq', 'Iraq'),
(107, 372, 'IE', 'IRL', 'Ireland', 'Irlande'),
(108, 376, 'IL', 'ISR', 'Israel', 'Israël'),
(109, 380, 'IT', 'ITA', 'Italy', 'Italie'),
(110, 384, 'CI', 'CIV', 'Côte d''Ivoire', 'Côte d''Ivoire'),
(111, 388, 'JM', 'JAM', 'Jamaica', 'Jamaïque'),
(112, 392, 'JP', 'JPN', 'Japan', 'Japon'),
(113, 398, 'KZ', 'KAZ', 'Kazakhstan', 'Kazakhstan'),
(114, 400, 'JO', 'JOR', 'Jordan', 'Jordanie'),
(115, 404, 'KE', 'KEN', 'Kenya', 'Kenya'),
(116, 408, 'KP', 'PRK', 'Democratic People''s Republic of Korea', 'République Populaire Démocratique de Corée'),
(117, 410, 'KR', 'KOR', 'Republic of Korea', 'République de Corée'),
(118, 414, 'KW', 'KWT', 'Kuwait', 'Koweït'),
(119, 417, 'KG', 'KGZ', 'Kyrgyzstan', 'Kirghizistan'),
(120, 418, 'LA', 'LAO', 'Lao People''s Democratic Republic', 'République Démocratique Populaire Lao'),
(121, 422, 'LB', 'LBN', 'Lebanon', 'Liban'),
(122, 426, 'LS', 'LSO', 'Lesotho', 'Lesotho'),
(123, 428, 'LV', 'LVA', 'Latvia', 'Lettonie'),
(124, 430, 'LR', 'LBR', 'Liberia', 'Libéria'),
(125, 434, 'LY', 'LBY', 'Libyan Arab Jamahiriya', 'Jamahiriya Arabe Libyenne'),
(126, 438, 'LI', 'LIE', 'Liechtenstein', 'Liechtenstein'),
(127, 440, 'LT', 'LTU', 'Lithuania', 'Lituanie'),
(128, 442, 'LU', 'LUX', 'Luxembourg', 'Luxembourg'),
(129, 446, 'MO', 'MAC', 'Macao', 'Macao'),
(130, 450, 'MG', 'MDG', 'Madagascar', 'Madagascar'),
(131, 454, 'MW', 'MWI', 'Malawi', 'Malawi'),
(132, 458, 'MY', 'MYS', 'Malaysia', 'Malaisie'),
(133, 462, 'MV', 'MDV', 'Maldives', 'Maldives'),
(134, 466, 'ML', 'MLI', 'Mali', 'Mali'),
(135, 470, 'MT', 'MLT', 'Malta', 'Malte'),
(136, 474, 'MQ', 'MTQ', 'Martinique', 'Martinique'),
(137, 478, 'MR', 'MRT', 'Mauritania', 'Mauritanie'),
(138, 480, 'MU', 'MUS', 'Mauritius', 'Maurice'),
(139, 484, 'MX', 'MEX', 'Mexico', 'Mexique'),
(140, 492, 'MC', 'MCO', 'Monaco', 'Monaco'),
(141, 496, 'MN', 'MNG', 'Mongolia', 'Mongolie'),
(142, 498, 'MD', 'MDA', 'Republic of Moldova', 'République de Moldova'),
(143, 500, 'MS', 'MSR', 'Montserrat', 'Montserrat'),
(144, 504, 'MA', 'MAR', 'Morocco', 'Maroc'),
(145, 508, 'MZ', 'MOZ', 'Mozambique', 'Mozambique'),
(146, 512, 'OM', 'OMN', 'Oman', 'Oman'),
(147, 516, 'NA', 'NAM', 'Namibia', 'Namibie'),
(148, 520, 'NR', 'NRU', 'Nauru', 'Nauru'),
(149, 524, 'NP', 'NPL', 'Nepal', 'Népal'),
(150, 528, 'NL', 'NLD', 'Netherlands', 'Pays-Bas'),
(151, 530, 'AN', 'ANT', 'Netherlands Antilles', 'Antilles Néerlandaises'),
(152, 533, 'AW', 'ABW', 'Aruba', 'Aruba'),
(153, 540, 'NC', 'NCL', 'New Caledonia', 'Nouvelle-Calédonie'),
(154, 548, 'VU', 'VUT', 'Vanuatu', 'Vanuatu'),
(155, 554, 'NZ', 'NZL', 'New Zealand', 'Nouvelle-Zélande'),
(156, 558, 'NI', 'NIC', 'Nicaragua', 'Nicaragua'),
(157, 562, 'NE', 'NER', 'Niger', 'Niger'),
(158, 566, 'NG', 'NGA', 'Nigeria', 'Nigéria'),
(159, 570, 'NU', 'NIU', 'Niue', 'Niué'),
(160, 574, 'NF', 'NFK', 'Norfolk Island', 'Île Norfolk'),
(161, 578, 'NO', 'NOR', 'Norway', 'Norvège'),
(162, 580, 'MP', 'MNP', 'Northern Mariana Islands', 'Îles Mariannes du Nord'),
(163, 581, 'UM', 'UMI', 'United States Minor Outlying Islands', 'Îles Mineures Éloignées des États-Unis'),
(164, 583, 'FM', 'FSM', 'Federated States of Micronesia', 'États Fédérés de Micronésie'),
(165, 584, 'MH', 'MHL', 'Marshall Islands', 'Îles Marshall'),
(166, 585, 'PW', 'PLW', 'Palau', 'Palaos'),
(167, 586, 'PK', 'PAK', 'Pakistan', 'Pakistan'),
(168, 591, 'PA', 'PAN', 'Panama', 'Panama'),
(169, 598, 'PG', 'PNG', 'Papua New Guinea', 'Papouasie-Nouvelle-Guinée'),
(170, 600, 'PY', 'PRY', 'Paraguay', 'Paraguay'),
(171, 604, 'PE', 'PER', 'Peru', 'Pérou'),
(172, 608, 'PH', 'PHL', 'Philippines', 'Philippines'),
(173, 612, 'PN', 'PCN', 'Pitcairn', 'Pitcairn'),
(174, 616, 'PL', 'POL', 'Poland', 'Pologne'),
(175, 620, 'PT', 'PRT', 'Portugal', 'Portugal'),
(176, 624, 'GW', 'GNB', 'Guinea-Bissau', 'Guinée-Bissau'),
(177, 626, 'TL', 'TLS', 'Timor-Leste', 'Timor-Leste'),
(178, 630, 'PR', 'PRI', 'Puerto Rico', 'Porto Rico'),
(179, 634, 'QA', 'QAT', 'Qatar', 'Qatar'),
(180, 638, 'RE', 'REU', 'Réunion', 'Réunion'),
(181, 642, 'RO', 'ROU', 'Romania', 'Roumanie'),
(182, 643, 'RU', 'RUS', 'Russian Federation', 'Fédération de Russie'),
(183, 646, 'RW', 'RWA', 'Rwanda', 'Rwanda'),
(184, 654, 'SH', 'SHN', 'Saint Helena', 'Sainte-Hélène'),
(185, 659, 'KN', 'KNA', 'Saint Kitts and Nevis', 'Saint-Kitts-et-Nevis'),
(186, 660, 'AI', 'AIA', 'Anguilla', 'Anguilla'),
(187, 662, 'LC', 'LCA', 'Saint Lucia', 'Sainte-Lucie'),
(188, 666, 'PM', 'SPM', 'Saint-Pierre and Miquelon', 'Saint-Pierre-et-Miquelon'),
(189, 670, 'VC', 'VCT', 'Saint Vincent and the Grenadines', 'Saint-Vincent-et-les Grenadines'),
(190, 674, 'SM', 'SMR', 'San Marino', 'Saint-Marin'),
(191, 678, 'ST', 'STP', 'Sao Tome and Principe', 'Sao Tomé-et-Principe'),
(192, 682, 'SA', 'SAU', 'Saudi Arabia', 'Arabie Saoudite'),
(193, 686, 'SN', 'SEN', 'Senegal', 'Sénégal'),
(194, 690, 'SC', 'SYC', 'Seychelles', 'Seychelles'),
(195, 694, 'SL', 'SLE', 'Sierra Leone', 'Sierra Leone'),
(196, 702, 'SG', 'SGP', 'Singapore', 'Singapour'),
(197, 703, 'SK', 'SVK', 'Slovakia', 'Slovaquie'),
(198, 704, 'VN', 'VNM', 'Vietnam', 'Viet Nam'),
(199, 705, 'SI', 'SVN', 'Slovenia', 'Slovénie'),
(200, 706, 'SO', 'SOM', 'Somalia', 'Somalie'),
(201, 710, 'ZA', 'ZAF', 'South Africa', 'Afrique du Sud'),
(202, 716, 'ZW', 'ZWE', 'Zimbabwe', 'Zimbabwe'),
(203, 724, 'ES', 'ESP', 'Spain', 'Espagne'),
(204, 732, 'EH', 'ESH', 'Western Sahara', 'Sahara Occidental'),
(205, 736, 'SD', 'SDN', 'Sudan', 'Soudan'),
(206, 740, 'SR', 'SUR', 'Suriname', 'Suriname'),
(207, 744, 'SJ', 'SJM', 'Svalbard and Jan Mayen', 'Svalbard etÎle Jan Mayen'),
(208, 748, 'SZ', 'SWZ', 'Swaziland', 'Swaziland'),
(209, 752, 'SE', 'SWE', 'Sweden', 'Suède'),
(210, 756, 'CH', 'CHE', 'Switzerland', 'Suisse'),
(211, 760, 'SY', 'SYR', 'Syrian Arab Republic', 'République Arabe Syrienne'),
(212, 762, 'TJ', 'TJK', 'Tajikistan', 'Tadjikistan'),
(213, 764, 'TH', 'THA', 'Thailand', 'Thaïlande'),
(214, 768, 'TG', 'TGO', 'Togo', 'Togo'),
(215, 772, 'TK', 'TKL', 'Tokelau', 'Tokelau'),
(216, 776, 'TO', 'TON', 'Tonga', 'Tonga'),
(217, 780, 'TT', 'TTO', 'Trinidad and Tobago', 'Trinité-et-Tobago'),
(218, 784, 'AE', 'ARE', 'United Arab Emirates', 'Émirats Arabes Unis'),
(219, 788, 'TN', 'TUN', 'Tunisia', 'Tunisie'),
(220, 792, 'TR', 'TUR', 'Turkey', 'Turquie'),
(221, 795, 'TM', 'TKM', 'Turkmenistan', 'Turkménistan'),
(222, 796, 'TC', 'TCA', 'Turks and Caicos Islands', 'Îles Turks et Caïques'),
(223, 798, 'TV', 'TUV', 'Tuvalu', 'Tuvalu'),
(224, 800, 'UG', 'UGA', 'Uganda', 'Ouganda'),
(225, 804, 'UA', 'UKR', 'Ukraine', 'Ukraine'),
(226, 807, 'MK', 'MKD', 'The Former Yugoslav Republic of Macedonia', 'L''ex-République Yougoslave de Macédoine'),
(227, 818, 'EG', 'EGY', 'Egypt', 'Égypte'),
(228, 826, 'GB', 'GBR', 'United Kingdom', 'Royaume-Uni'),
(229, 833, 'IM', 'IMN', 'Isle of Man', 'Île de Man'),
(230, 834, 'TZ', 'TZA', 'United Republic Of Tanzania', 'République-Unie de Tanzanie'),
(231, 840, 'US', 'USA', 'United States', 'États-Unis'),
(232, 850, 'VI', 'VIR', 'U.S. Virgin Islands', 'Îles Vierges des États-Unis'),
(233, 854, 'BF', 'BFA', 'Burkina Faso', 'Burkina Faso'),
(234, 858, 'UY', 'URY', 'Uruguay', 'Uruguay'),
(235, 860, 'UZ', 'UZB', 'Uzbekistan', 'Ouzbékistan'),
(236, 862, 'VE', 'VEN', 'Venezuela', 'Venezuela'),
(237, 876, 'WF', 'WLF', 'Wallis and Futuna', 'Wallis et Futuna'),
(238, 882, 'WS', 'WSM', 'Samoa', 'Samoa'),
(239, 887, 'YE', 'YEM', 'Yemen', 'Yémen'),
(240, 891, 'CS', 'SCG', 'Serbia and Montenegro', 'Serbie-et-Monténégro'),
(241, 894, 'ZM', 'ZMB', 'Zambia', 'Zambie');

-- --------------------------------------------------------

--
-- Table structure for table `personnels`
--

CREATE TABLE IF NOT EXISTS `personnels` (
  `IDPERSONNEL` int(11) NOT NULL AUTO_INCREMENT,
  `NOM` varchar(30) NOT NULL,
  `PRENOM` varchar(30) DEFAULT NULL,
  `ADRESSE` varchar(50) DEFAULT NULL,
  `TELEPHONE` varchar(20) DEFAULT NULL,
  PRIMARY KEY (`IDPERSONNEL`)
) ENGINE=InnoDB  DEFAULT CHARSET=utf8 AUTO_INCREMENT=4 ;

--
-- Dumping data for table `personnels`
--

INSERT INTO `personnels` (`IDPERSONNEL`, `NOM`, `PRENOM`, `ADRESSE`, `TELEPHONE`) VALUES
(1, 'Ainam', 'Jean-Paul', 'Nanga-Eboko', NULL),
(2, 'Armel', 'Kadje', 'Une adresse', NULL),
(3, 'Un Personnel', 'prenom personnel', 'adresse du personne', NULL);

-- --------------------------------------------------------

--
-- Table structure for table `personnes`
--

CREATE TABLE IF NOT EXISTS `personnes` (
  `IDPERSONNE` int(11) NOT NULL AUTO_INCREMENT,
  `MATRICULE` varchar(15) NOT NULL,
  `NOM` varchar(30) NOT NULL,
  `PRENOM` varchar(30) NOT NULL,
  `AUTRENOM` varchar(30) DEFAULT NULL,
  `DATENAISS` date NOT NULL,
  `TELEPHONE` varchar(20) DEFAULT NULL,
  `EMAIL` varchar(50) DEFAULT NULL,
  `PAYS` int(11) DEFAULT NULL,
  `GROUPE` int(11) DEFAULT NULL,
  `SOCIETE` int(11) DEFAULT NULL,
  `SECTION` int(11) DEFAULT NULL,
  `CONTRAT` int(11) DEFAULT NULL,
  `AMBITION` int(11) DEFAULT NULL,
  `LANGUE` int(11) DEFAULT NULL,
  `DATECONTRAT` date DEFAULT NULL,
  `MEMO` varchar(255) DEFAULT NULL,
  `POTENTIEL` int(11) DEFAULT NULL,
  `PHOTO` varchar(150) DEFAULT NULL,
  PRIMARY KEY (`IDPERSONNE`),
  KEY `PAYS` (`PAYS`),
  KEY `GROUPE` (`GROUPE`),
  KEY `SOCIETE` (`SOCIETE`),
  KEY `SECTION` (`SECTION`),
  KEY `FK_contrat` (`CONTRAT`),
  KEY `LANGUE` (`LANGUE`),
  KEY `AMBITION` (`AMBITION`),
  KEY `FK_sn7joh98p4rajw7bflfj6fx91` (`POTENTIEL`)
) ENGINE=InnoDB  DEFAULT CHARSET=utf8 AUTO_INCREMENT=1801 ;

--
-- Dumping data for table `personnes`
--

INSERT INTO `personnes` (`IDPERSONNE`, `MATRICULE`, `NOM`, `PRENOM`, `AUTRENOM`, `DATENAISS`, `TELEPHONE`, `EMAIL`, `PAYS`, `GROUPE`, `SOCIETE`, `SECTION`, `CONTRAT`, `AMBITION`, `LANGUE`, `DATECONTRAT`, `MEMO`, `POTENTIEL`, `PHOTO`) VALUES
(5, 'ok', 'ok', 'ok', NULL, '2017-06-26', 'gztzts', 'ok', 20, 2, 11, 5, 3, 2, 2, NULL, NULL, NULL, ''),
(8, 'NE00714', 'CHEFOU', 'IDI', NULL, '2017-06-26', NULL, NULL, 55, 3, 13, 4, 3, 2, 1, NULL, NULL, NULL, ''),
(13, 'BF00421', 'BADINI', 'Adama', NULL, '2017-06-26', NULL, NULL, 20, 2, 12, 3, 2, 3, 3, NULL, NULL, NULL, 'd6cc7b94-d34a-40cf-a59c-d1a861bf0970.jpg'),
(14, 'NE00714', 'CHEFOU', 'IDI', NULL, '2017-06-26', 'hrtre', NULL, 55, 2, 12, 3, 2, 3, 3, NULL, NULL, NULL, 'd6cc7b94-d34a-40cf-a59c-d1a861bf0970.jpg'),
(18, 'BJ00043', 'ADAMNE', 'Bertin', NULL, '2017-06-26', NULL, NULL, 14, 2, 12, 3, 2, 3, 3, NULL, NULL, NULL, 'd6cc7b94-d34a-40cf-a59c-d1a861bf0970.jpg'),
(19, 'TG00032', 'AKAKPO AGBAN', 'Alban', NULL, '2017-06-26', NULL, NULL, 15, 2, 12, 3, 2, 3, 3, NULL, NULL, NULL, 'd6cc7b94-d34a-40cf-a59c-d1a861bf0970.jpg'),
(20, 'BF00421', 'BADINI', 'Adama', NULL, '2017-06-26', NULL, NULL, 20, 2, 12, 3, 2, 3, 3, NULL, NULL, NULL, 'd6cc7b94-d34a-40cf-a59c-d1a861bf0970.jpg'),
(21, 'NE00714', 'CHEFOU', 'IDI', NULL, '2017-06-26', NULL, NULL, 55, 2, 12, 3, 2, 3, 3, NULL, NULL, NULL, 'd6cc7b94-d34a-40cf-a59c-d1a861bf0970.jpg'),
(22, 'NE00729', 'ABDOULKARIM', 'ALI', NULL, '2017-06-11', NULL, NULL, 130, 2, 12, 3, 2, 3, 3, NULL, NULL, NULL, 'd6cc7b94-d34a-40cf-a59c-d1a861bf0970.jpg'),
(24, 'BJ00043', 'ADAMNE', 'Bertin', NULL, '2017-06-26', NULL, NULL, 14, 2, 12, 3, 2, 3, 3, NULL, NULL, NULL, 'd6cc7b94-d34a-40cf-a59c-d1a861bf0970.jpg'),
(25, 'TG00032', 'AKAKPO AGBAN', 'Alban', NULL, '2017-06-26', NULL, NULL, 15, 2, 12, 3, 2, 3, 3, NULL, NULL, NULL, 'd6cc7b94-d34a-40cf-a59c-d1a861bf0970.jpg'),
(34, 'TG00032', 'AKAKPO AGBAN', 'Alban', NULL, '2017-06-26', NULL, NULL, 15, 2, 12, 3, 2, 3, 3, NULL, NULL, NULL, 'd6cc7b94-d34a-40cf-a59c-d1a861bf0970.jpg'),
(35, 'BF00421', 'BADINI', 'Adama', NULL, '2017-06-26', NULL, NULL, 20, 2, 12, 3, 2, 3, 3, NULL, NULL, NULL, 'd6cc7b94-d34a-40cf-a59c-d1a861bf0970.jpg'),
(36, 'NE00714', 'CHEFOU', 'IDI', NULL, '2017-06-26', NULL, NULL, 55, 2, 12, 3, 2, 3, 3, NULL, NULL, NULL, 'd6cc7b94-d34a-40cf-a59c-d1a861bf0970.jpg'),
(37, 'NE00729', 'ABDOULKARIM', 'ALI', NULL, '2017-06-11', NULL, NULL, 130, 2, 12, 3, 2, 3, 3, NULL, NULL, NULL, 'd6cc7b94-d34a-40cf-a59c-d1a861bf0970.jpg'),
(38, 'TC0012', 'Armel', 'Kadje', NULL, '2017-06-11', NULL, NULL, 18, 2, 12, 3, 2, 3, 3, NULL, NULL, NULL, 'd6cc7b94-d34a-40cf-a59c-d1a861bf0970.jpg'),
(39, 'BJ00043', 'ADAMNE', 'Bertin', NULL, '2017-06-26', NULL, NULL, 14, 2, 12, 3, 2, 3, 3, NULL, NULL, NULL, 'd6cc7b94-d34a-40cf-a59c-d1a861bf0970.jpg'),
(40, 'TG00032', 'AKAKPO AGBAN', 'Alban', NULL, '2017-06-26', NULL, NULL, 15, 2, 12, 3, 2, 3, 3, NULL, NULL, NULL, 'd6cc7b94-d34a-40cf-a59c-d1a861bf0970.jpg'),
(41, 'BF00421', 'BADINI', 'Adama', NULL, '2017-06-26', NULL, NULL, 20, 2, 12, 3, 2, 3, 3, NULL, NULL, NULL, 'd6cc7b94-d34a-40cf-a59c-d1a861bf0970.jpg'),
(42, 'NE00714', 'CHEFOU', 'IDI', NULL, '2017-06-26', NULL, NULL, 55, 2, 12, 3, 2, 3, 3, NULL, NULL, NULL, 'd6cc7b94-d34a-40cf-a59c-d1a861bf0970.jpg'),
(43, 'NE00729', 'ABDOULKARIM', 'ALI', NULL, '2017-06-11', NULL, NULL, 130, 2, 12, 3, 2, 3, 3, NULL, NULL, NULL, 'd6cc7b94-d34a-40cf-a59c-d1a861bf0970.jpg'),
(44, 'TC0012', 'Armel', 'Kadje', NULL, '2017-06-11', NULL, NULL, 18, 2, 12, 3, 2, 3, 3, NULL, NULL, NULL, 'd6cc7b94-d34a-40cf-a59c-d1a861bf0970.jpg'),
(45, 'BJ00043', 'ADAMNE', 'Bertin', NULL, '2017-06-26', NULL, NULL, 14, 2, 12, 3, 2, 3, 3, NULL, NULL, NULL, 'd6cc7b94-d34a-40cf-a59c-d1a861bf0970.jpg'),
(46, 'TG00032', 'AKAKPO AGBAN', 'Alban', NULL, '2017-06-26', NULL, NULL, 15, 2, 12, 3, 2, 3, 3, NULL, NULL, NULL, 'd6cc7b94-d34a-40cf-a59c-d1a861bf0970.jpg'),
(47, 'BF00421', 'BADINI', 'Adama', NULL, '2017-06-26', NULL, NULL, 20, 2, 12, 3, 2, 3, 3, NULL, NULL, NULL, 'd6cc7b94-d34a-40cf-a59c-d1a861bf0970.jpg'),
(48, 'NE00714', 'CHEFOU', 'IDI', NULL, '2017-06-26', NULL, NULL, 55, 2, 12, 3, 2, 3, 3, NULL, NULL, NULL, 'd6cc7b94-d34a-40cf-a59c-d1a861bf0970.jpg'),
(49, 'NE00729', 'ABDOULKARIM', 'ALI', NULL, '2017-06-11', NULL, NULL, 130, 2, 12, 3, 2, 3, 3, NULL, NULL, NULL, 'd6cc7b94-d34a-40cf-a59c-d1a861bf0970.jpg'),
(50, 'TC0012', 'Armel', 'Kadje', NULL, '2017-06-11', NULL, NULL, 18, 2, 12, 3, 2, 3, 3, NULL, NULL, NULL, 'd6cc7b94-d34a-40cf-a59c-d1a861bf0970.jpg'),
(51, 'BJ00043', 'ADAMNE', 'Bertin', NULL, '2017-06-26', NULL, NULL, 14, 2, 12, 3, 2, 3, 3, NULL, NULL, NULL, 'd6cc7b94-d34a-40cf-a59c-d1a861bf0970.jpg'),
(52, 'TG00032', 'AKAKPO AGBAN', 'Alban', NULL, '2017-06-26', NULL, NULL, 15, 2, 12, 3, 2, 3, 3, NULL, NULL, NULL, 'd6cc7b94-d34a-40cf-a59c-d1a861bf0970.jpg'),
(53, 'BF00421', 'BADINI', 'Adama', NULL, '2017-06-26', NULL, NULL, 20, 2, 12, 3, 2, 3, 3, NULL, NULL, NULL, 'd6cc7b94-d34a-40cf-a59c-d1a861bf0970.jpg'),
(54, 'NE00714', 'CHEFOU', 'IDI', NULL, '2017-06-26', NULL, NULL, 55, 2, 12, 3, 2, 3, 3, NULL, NULL, NULL, 'd6cc7b94-d34a-40cf-a59c-d1a861bf0970.jpg'),
(62, 'NE00729', 'ABDOULKARIM', 'ALI', NULL, '2017-06-11', NULL, NULL, 130, 2, 12, 3, 2, 3, 3, NULL, NULL, NULL, 'd6cc7b94-d34a-40cf-a59c-d1a861bf0970.jpg'),
(63, 'TC0012', 'Armel', 'Kadje', NULL, '2017-06-11', NULL, NULL, 18, 2, 12, 3, 2, 3, 3, NULL, NULL, NULL, 'd6cc7b94-d34a-40cf-a59c-d1a861bf0970.jpg'),
(64, 'BJ00043', 'ADAMNE', 'Bertin', NULL, '2017-06-26', NULL, NULL, 14, 2, 12, 3, 2, 3, 3, NULL, NULL, NULL, 'd6cc7b94-d34a-40cf-a59c-d1a861bf0970.jpg'),
(65, 'TG00032', 'AKAKPO AGBAN', 'Alban', NULL, '2017-06-26', NULL, NULL, 15, 2, 12, 3, 2, 3, 3, NULL, NULL, NULL, 'd6cc7b94-d34a-40cf-a59c-d1a861bf0970.jpg'),
(66, 'BF00421', 'BADINI', 'Adama', NULL, '2017-06-26', NULL, NULL, 20, 2, 12, 3, 2, 3, 3, NULL, NULL, NULL, 'd6cc7b94-d34a-40cf-a59c-d1a861bf0970.jpg'),
(67, 'NE00714', 'CHEFOU', 'IDI', NULL, '2017-06-26', NULL, NULL, 55, 2, 12, 3, 2, 3, 3, NULL, NULL, NULL, 'd6cc7b94-d34a-40cf-a59c-d1a861bf0970.jpg'),
(68, 'NE00729', 'ABDOULKARIM', 'ALI', NULL, '2017-06-11', NULL, NULL, 130, 2, 12, 3, 2, 3, 3, NULL, NULL, NULL, 'd6cc7b94-d34a-40cf-a59c-d1a861bf0970.jpg'),
(69, 'TC0012', 'Armel', 'Kadje', NULL, '2017-06-11', NULL, NULL, 18, 2, 12, 3, 2, 3, 3, NULL, NULL, NULL, 'd6cc7b94-d34a-40cf-a59c-d1a861bf0970.jpg'),
(70, 'BJ00043', 'ADAMNE', 'Bertin', NULL, '2017-06-26', NULL, NULL, 14, 2, 12, 3, 2, 3, 3, NULL, NULL, NULL, 'd6cc7b94-d34a-40cf-a59c-d1a861bf0970.jpg'),
(71, 'TG00032', 'AKAKPO AGBAN', 'Alban', NULL, '2017-06-26', NULL, NULL, 15, 2, 12, 3, 2, 3, 3, NULL, NULL, NULL, 'd6cc7b94-d34a-40cf-a59c-d1a861bf0970.jpg'),
(72, 'BF00421', 'BADINI', 'Adama', NULL, '2017-06-26', NULL, NULL, 20, 2, 12, 3, 2, 3, 3, NULL, NULL, NULL, 'd6cc7b94-d34a-40cf-a59c-d1a861bf0970.jpg'),
(73, 'NE00714', 'CHEFOU', 'IDI', NULL, '2017-06-26', NULL, NULL, 55, 2, 12, 3, 2, 3, 3, NULL, NULL, NULL, 'd6cc7b94-d34a-40cf-a59c-d1a861bf0970.jpg'),
(74, 'NE00729', 'ABDOULKARIM', 'ALI', NULL, '2017-06-11', NULL, NULL, 130, 2, 12, 3, 2, 3, 3, NULL, NULL, NULL, 'd6cc7b94-d34a-40cf-a59c-d1a861bf0970.jpg'),
(75, 'TC0012', 'Armel', 'Kadje', NULL, '2017-06-11', NULL, NULL, 18, 2, 12, 3, 2, 3, 3, NULL, NULL, NULL, 'd6cc7b94-d34a-40cf-a59c-d1a861bf0970.jpg'),
(76, 'BJ00043', 'ADAMNE', 'Bertin', NULL, '2017-06-26', NULL, NULL, 14, 2, 12, 3, 2, 3, 3, NULL, NULL, NULL, 'd6cc7b94-d34a-40cf-a59c-d1a861bf0970.jpg'),
(77, 'TG00032', 'AKAKPO AGBAN', 'Alban', NULL, '2017-06-26', NULL, NULL, 15, 2, 12, 3, 2, 3, 3, NULL, NULL, NULL, 'd6cc7b94-d34a-40cf-a59c-d1a861bf0970.jpg'),
(78, 'BF00421', 'BADINI', 'Adama', NULL, '2017-06-26', NULL, NULL, 20, 2, 12, 3, 2, 3, 3, NULL, NULL, NULL, 'd6cc7b94-d34a-40cf-a59c-d1a861bf0970.jpg'),
(79, 'NE00714', 'CHEFOU', 'IDI', NULL, '2017-06-26', NULL, NULL, 55, 2, 12, 3, 2, 3, 3, NULL, NULL, NULL, 'd6cc7b94-d34a-40cf-a59c-d1a861bf0970.jpg'),
(80, 'NE00729', 'ABDOULKARIM', 'ALI', NULL, '2017-06-11', NULL, NULL, 130, 2, 12, 3, 2, 3, 3, NULL, NULL, NULL, 'd6cc7b94-d34a-40cf-a59c-d1a861bf0970.jpg'),
(81, 'TC0012', 'Armel', 'Kadje', NULL, '2017-06-11', NULL, NULL, 18, 2, 12, 3, 2, 3, 3, NULL, NULL, NULL, 'd6cc7b94-d34a-40cf-a59c-d1a861bf0970.jpg'),
(82, 'BJ00043', 'ADAMNE', 'Bertin', NULL, '2017-06-26', NULL, NULL, 14, 2, 12, 3, 2, 3, 3, NULL, NULL, NULL, 'd6cc7b94-d34a-40cf-a59c-d1a861bf0970.jpg'),
(83, 'TG00032', 'AKAKPO AGBAN', 'Alban', NULL, '2017-06-26', NULL, NULL, 15, 2, 12, 3, 2, 3, 3, NULL, NULL, NULL, 'd6cc7b94-d34a-40cf-a59c-d1a861bf0970.jpg'),
(84, 'BF00421', 'BADINI', 'Adama', NULL, '2017-06-26', NULL, NULL, 20, 2, 12, 3, 2, 3, 3, NULL, NULL, NULL, 'd6cc7b94-d34a-40cf-a59c-d1a861bf0970.jpg'),
(85, 'NE00714', 'CHEFOU', 'IDI', NULL, '2017-06-26', NULL, NULL, 55, 2, 12, 3, 2, 3, 3, NULL, NULL, NULL, 'd6cc7b94-d34a-40cf-a59c-d1a861bf0970.jpg'),
(86, 'NE00729', 'ABDOULKARIM', 'ALI', NULL, '2017-06-11', NULL, NULL, 130, 2, 12, 3, 2, 3, 3, NULL, NULL, NULL, 'd6cc7b94-d34a-40cf-a59c-d1a861bf0970.jpg'),
(87, 'TC0012', 'Armel', 'Kadje', NULL, '2017-06-11', NULL, NULL, 18, 2, 12, 3, 2, 3, 3, NULL, NULL, NULL, 'd6cc7b94-d34a-40cf-a59c-d1a861bf0970.jpg'),
(88, 'BJ00043', 'ADAMNE', 'Bertin', NULL, '2017-06-26', NULL, NULL, 14, 2, 12, 3, 2, 3, 3, NULL, NULL, NULL, 'd6cc7b94-d34a-40cf-a59c-d1a861bf0970.jpg'),
(89, 'TG00032', 'AKAKPO AGBAN', 'Alban', NULL, '2017-06-26', NULL, NULL, 15, 2, 12, 3, 2, 3, 3, NULL, NULL, NULL, 'd6cc7b94-d34a-40cf-a59c-d1a861bf0970.jpg'),
(90, 'BF00421', 'BADINI', 'Adama', NULL, '2017-06-26', NULL, NULL, 20, 2, 12, 3, 2, 3, 3, NULL, NULL, NULL, 'd6cc7b94-d34a-40cf-a59c-d1a861bf0970.jpg'),
(91, 'NE00714', 'CHEFOU', 'IDI', NULL, '2017-06-26', NULL, NULL, 55, 2, 12, 3, 2, 3, 3, NULL, NULL, NULL, 'd6cc7b94-d34a-40cf-a59c-d1a861bf0970.jpg'),
(92, 'NE00729', 'ABDOULKARIM', 'ALI', NULL, '2017-06-11', NULL, NULL, 130, 2, 12, 3, 2, 3, 3, NULL, NULL, NULL, 'd6cc7b94-d34a-40cf-a59c-d1a861bf0970.jpg'),
(93, 'TC0012', 'Armel', 'Kadje', NULL, '2017-06-11', NULL, NULL, 18, 2, 12, 3, 2, 3, 3, NULL, NULL, NULL, 'd6cc7b94-d34a-40cf-a59c-d1a861bf0970.jpg'),
(94, 'BJ00043', 'ADAMNE', 'Bertin', NULL, '2017-06-26', NULL, NULL, 14, 2, 12, 3, 2, 3, 3, NULL, NULL, NULL, 'd6cc7b94-d34a-40cf-a59c-d1a861bf0970.jpg'),
(95, 'TG00032', 'AKAKPO AGBAN', 'Alban', NULL, '2017-06-26', NULL, NULL, 15, 2, 12, 3, 2, 3, 3, NULL, NULL, NULL, 'd6cc7b94-d34a-40cf-a59c-d1a861bf0970.jpg'),
(96, 'BF00421', 'BADINI', 'Adama', NULL, '2017-06-26', NULL, NULL, 20, 2, 12, 3, 2, 3, 3, NULL, NULL, NULL, 'd6cc7b94-d34a-40cf-a59c-d1a861bf0970.jpg'),
(97, 'NE00714', 'CHEFOU', 'IDI', NULL, '2017-06-26', NULL, NULL, 55, 2, 12, 3, 2, 3, 3, NULL, NULL, NULL, 'd6cc7b94-d34a-40cf-a59c-d1a861bf0970.jpg'),
(98, 'NE00729', 'ABDOULKARIM', 'ALI', NULL, '2017-06-11', NULL, NULL, 130, 2, 12, 3, 2, 3, 3, NULL, NULL, NULL, 'd6cc7b94-d34a-40cf-a59c-d1a861bf0970.jpg'),
(99, 'TC0012', 'Armel', 'Kadje', NULL, '2017-06-11', NULL, NULL, 18, 2, 12, 3, 2, 3, 3, NULL, NULL, NULL, 'd6cc7b94-d34a-40cf-a59c-d1a861bf0970.jpg'),
(100, 'BJ00043', 'ADAMNE', 'Bertin', NULL, '2017-06-26', NULL, NULL, 14, 2, 12, 3, 2, 3, 3, NULL, NULL, NULL, 'd6cc7b94-d34a-40cf-a59c-d1a861bf0970.jpg'),
(101, 'TG00032', 'AKAKPO AGBAN', 'Alban', NULL, '2017-06-26', NULL, NULL, 15, 2, 12, 3, 2, 3, 3, NULL, NULL, NULL, 'd6cc7b94-d34a-40cf-a59c-d1a861bf0970.jpg'),
(102, 'BF00421', 'BADINI', 'Adama', NULL, '2017-06-26', NULL, NULL, 20, 2, 12, 3, 2, 3, 3, NULL, NULL, NULL, 'd6cc7b94-d34a-40cf-a59c-d1a861bf0970.jpg'),
(103, 'NE00714', 'CHEFOU', 'IDI', NULL, '2017-06-26', NULL, NULL, 55, 2, 12, 3, 2, 3, 3, NULL, NULL, NULL, 'd6cc7b94-d34a-40cf-a59c-d1a861bf0970.jpg'),
(104, 'NE00729', 'ABDOULKARIM', 'ALI', NULL, '2017-06-11', NULL, NULL, 130, 2, 12, 3, 2, 3, 3, NULL, NULL, NULL, 'd6cc7b94-d34a-40cf-a59c-d1a861bf0970.jpg'),
(105, 'TC0012', 'Armel', 'Kadje', NULL, '2017-06-11', NULL, NULL, 18, 2, 12, 3, 2, 3, 3, NULL, NULL, NULL, 'd6cc7b94-d34a-40cf-a59c-d1a861bf0970.jpg'),
(106, 'BJ00043', 'ADAMNE', 'Bertin', NULL, '2017-06-26', NULL, NULL, 14, 2, 12, 3, 2, 3, 3, NULL, NULL, NULL, 'd6cc7b94-d34a-40cf-a59c-d1a861bf0970.jpg'),
(107, 'TG00032', 'AKAKPO AGBAN', 'Alban', NULL, '2017-06-26', NULL, NULL, 15, 2, 12, 3, 2, 3, 3, NULL, NULL, NULL, 'd6cc7b94-d34a-40cf-a59c-d1a861bf0970.jpg'),
(108, 'BF00421', 'BADINI', 'Adama', NULL, '2017-06-26', NULL, NULL, 20, 2, 12, 3, 2, 3, 3, NULL, NULL, NULL, 'd6cc7b94-d34a-40cf-a59c-d1a861bf0970.jpg'),
(109, 'NE00714', 'CHEFOU', 'IDI', NULL, '2017-06-26', NULL, NULL, 55, 2, 12, 3, 2, 3, 3, NULL, NULL, NULL, 'd6cc7b94-d34a-40cf-a59c-d1a861bf0970.jpg'),
(125, 'NE00729', 'ABDOULKARIM', 'ALI', NULL, '2017-06-11', NULL, NULL, 130, 2, 12, 3, 2, 3, 3, NULL, NULL, NULL, 'd6cc7b94-d34a-40cf-a59c-d1a861bf0970.jpg'),
(126, 'TC0012', 'Armel', 'Kadje', NULL, '2017-06-11', NULL, NULL, 18, 2, 12, 3, 2, 3, 3, NULL, NULL, NULL, 'd6cc7b94-d34a-40cf-a59c-d1a861bf0970.jpg'),
(127, 'BJ00043', 'ADAMNE', 'Bertin', NULL, '2017-06-26', NULL, NULL, 14, 2, 12, 3, 2, 3, 3, NULL, NULL, NULL, 'd6cc7b94-d34a-40cf-a59c-d1a861bf0970.jpg'),
(128, 'TG00032', 'AKAKPO AGBAN', 'Alban', NULL, '2017-06-26', NULL, NULL, 15, 2, 12, 3, 2, 3, 3, NULL, NULL, NULL, 'd6cc7b94-d34a-40cf-a59c-d1a861bf0970.jpg'),
(129, 'BF00421', 'BADINI', 'Adama', NULL, '2017-06-26', NULL, NULL, 20, 2, 12, 3, 2, 3, 3, NULL, NULL, NULL, 'd6cc7b94-d34a-40cf-a59c-d1a861bf0970.jpg'),
(130, 'NE00714', 'CHEFOU', 'IDI', NULL, '2017-06-26', NULL, NULL, 55, 2, 12, 3, 2, 3, 3, NULL, NULL, NULL, 'd6cc7b94-d34a-40cf-a59c-d1a861bf0970.jpg'),
(131, 'NE00729', 'ABDOULKARIM', 'ALI', NULL, '2017-06-11', NULL, NULL, 130, 2, 12, 3, 2, 3, 3, NULL, NULL, NULL, 'd6cc7b94-d34a-40cf-a59c-d1a861bf0970.jpg'),
(132, 'TC0012', 'Armel', 'Kadje', NULL, '2017-06-11', NULL, NULL, 18, 2, 12, 3, 2, 3, 3, NULL, NULL, NULL, 'd6cc7b94-d34a-40cf-a59c-d1a861bf0970.jpg'),
(133, 'BJ00043', 'ADAMNE', 'Bertin', NULL, '2017-06-26', NULL, NULL, 14, 2, 12, 3, 2, 3, 3, NULL, NULL, NULL, 'd6cc7b94-d34a-40cf-a59c-d1a861bf0970.jpg'),
(134, 'TG00032', 'AKAKPO AGBAN', 'Alban', NULL, '2017-06-26', NULL, NULL, 15, 2, 12, 3, 2, 3, 3, NULL, NULL, NULL, 'd6cc7b94-d34a-40cf-a59c-d1a861bf0970.jpg'),
(135, 'BF00421', 'BADINI', 'Adama', NULL, '2017-06-26', NULL, NULL, 20, 2, 12, 3, 2, 3, 3, NULL, NULL, NULL, 'd6cc7b94-d34a-40cf-a59c-d1a861bf0970.jpg'),
(136, 'NE00714', 'CHEFOU', 'IDI', NULL, '2017-06-26', NULL, NULL, 55, 2, 12, 3, 2, 3, 3, NULL, NULL, NULL, 'd6cc7b94-d34a-40cf-a59c-d1a861bf0970.jpg'),
(137, 'NE00729', 'ABDOULKARIM', 'ALI', NULL, '2017-06-11', NULL, NULL, 130, 2, 12, 3, 2, 3, 3, NULL, NULL, NULL, 'd6cc7b94-d34a-40cf-a59c-d1a861bf0970.jpg'),
(138, 'TC0012', 'Armel', 'Kadje', NULL, '2017-06-11', NULL, NULL, 18, 2, 12, 3, 2, 3, 3, NULL, NULL, NULL, 'd6cc7b94-d34a-40cf-a59c-d1a861bf0970.jpg'),
(139, 'BJ00043', 'ADAMNE', 'Bertin', NULL, '2017-06-26', NULL, NULL, 14, 2, 12, 3, 2, 3, 3, NULL, NULL, NULL, 'd6cc7b94-d34a-40cf-a59c-d1a861bf0970.jpg'),
(140, 'TG00032', 'AKAKPO AGBAN', 'Alban', NULL, '2017-06-26', NULL, NULL, 15, 2, 12, 3, 2, 3, 3, NULL, NULL, NULL, 'd6cc7b94-d34a-40cf-a59c-d1a861bf0970.jpg'),
(141, 'BF00421', 'BADINI', 'Adama', NULL, '2017-06-26', NULL, NULL, 20, 2, 12, 3, 2, 3, 3, NULL, NULL, NULL, 'd6cc7b94-d34a-40cf-a59c-d1a861bf0970.jpg'),
(142, 'NE00714', 'CHEFOU', 'IDI', NULL, '2017-06-26', NULL, NULL, 55, 2, 12, 3, 2, 3, 3, NULL, NULL, NULL, 'd6cc7b94-d34a-40cf-a59c-d1a861bf0970.jpg'),
(143, 'NE00729', 'ABDOULKARIM', 'ALI', NULL, '2017-06-11', NULL, NULL, 130, 2, 12, 3, 2, 3, 3, NULL, NULL, NULL, 'd6cc7b94-d34a-40cf-a59c-d1a861bf0970.jpg'),
(144, 'TC0012', 'Armel', 'Kadje', NULL, '2017-06-11', NULL, NULL, 18, 2, 12, 3, 2, 3, 3, NULL, NULL, NULL, 'd6cc7b94-d34a-40cf-a59c-d1a861bf0970.jpg'),
(145, 'BJ00043', 'ADAMNE', 'Bertin', NULL, '2017-06-26', NULL, NULL, 14, 2, 12, 3, 2, 3, 3, NULL, NULL, NULL, 'd6cc7b94-d34a-40cf-a59c-d1a861bf0970.jpg'),
(146, 'TG00032', 'AKAKPO AGBAN', 'Alban', NULL, '2017-06-26', NULL, NULL, 15, 2, 12, 3, 2, 3, 3, NULL, NULL, NULL, 'd6cc7b94-d34a-40cf-a59c-d1a861bf0970.jpg'),
(147, 'BF00421', 'BADINI', 'Adama', NULL, '2017-06-26', NULL, NULL, 20, 2, 12, 3, 2, 3, 3, NULL, NULL, NULL, 'd6cc7b94-d34a-40cf-a59c-d1a861bf0970.jpg'),
(148, 'NE00714', 'CHEFOU', 'IDI', NULL, '2017-06-26', NULL, NULL, 55, 2, 12, 3, 2, 3, 3, NULL, NULL, NULL, 'd6cc7b94-d34a-40cf-a59c-d1a861bf0970.jpg'),
(149, 'NE00729', 'ABDOULKARIM', 'ALI', NULL, '2017-06-11', NULL, NULL, 130, 2, 12, 3, 2, 3, 3, NULL, NULL, NULL, 'd6cc7b94-d34a-40cf-a59c-d1a861bf0970.jpg'),
(150, 'TC0012', 'Armel', 'Kadje', NULL, '2017-06-11', NULL, NULL, 18, 2, 12, 3, 2, 3, 3, NULL, NULL, NULL, 'd6cc7b94-d34a-40cf-a59c-d1a861bf0970.jpg'),
(151, 'BJ00043', 'ADAMNE', 'Bertin', NULL, '2017-06-26', NULL, NULL, 14, 2, 12, 3, 2, 3, 3, NULL, NULL, NULL, 'd6cc7b94-d34a-40cf-a59c-d1a861bf0970.jpg'),
(152, 'TG00032', 'AKAKPO AGBAN', 'Alban', NULL, '2017-06-26', NULL, NULL, 15, 2, 12, 3, 2, 3, 3, NULL, NULL, NULL, 'd6cc7b94-d34a-40cf-a59c-d1a861bf0970.jpg'),
(153, 'BF00421', 'BADINI', 'Adama', NULL, '2017-06-26', NULL, NULL, 20, 2, 12, 3, 2, 3, 3, NULL, NULL, NULL, 'd6cc7b94-d34a-40cf-a59c-d1a861bf0970.jpg'),
(154, 'NE00714', 'CHEFOU', 'IDI', NULL, '2017-06-26', NULL, NULL, 55, 2, 12, 3, 2, 3, 3, NULL, NULL, NULL, 'd6cc7b94-d34a-40cf-a59c-d1a861bf0970.jpg'),
(155, 'NE00729', 'ABDOULKARIM', 'ALI', NULL, '2017-06-11', NULL, NULL, 130, 2, 12, 3, 2, 3, 3, NULL, NULL, NULL, 'd6cc7b94-d34a-40cf-a59c-d1a861bf0970.jpg'),
(156, 'TC0012', 'Armel', 'Kadje', NULL, '2017-06-11', NULL, NULL, 18, 2, 12, 3, 2, 3, 3, NULL, NULL, NULL, 'd6cc7b94-d34a-40cf-a59c-d1a861bf0970.jpg'),
(157, 'BJ00043', 'ADAMNE', 'Bertin', NULL, '2017-06-26', NULL, NULL, 14, 2, 12, 3, 2, 3, 3, NULL, NULL, NULL, 'd6cc7b94-d34a-40cf-a59c-d1a861bf0970.jpg'),
(158, 'TG00032', 'AKAKPO AGBAN', 'Alban', NULL, '2017-06-26', NULL, NULL, 15, 2, 12, 3, 2, 3, 3, NULL, NULL, NULL, 'd6cc7b94-d34a-40cf-a59c-d1a861bf0970.jpg'),
(159, 'BF00421', 'BADINI', 'Adama', NULL, '2017-06-26', NULL, NULL, 20, 2, 12, 3, 2, 3, 3, NULL, NULL, NULL, 'd6cc7b94-d34a-40cf-a59c-d1a861bf0970.jpg'),
(160, 'NE00714', 'CHEFOU', 'IDI', NULL, '2017-06-26', NULL, NULL, 55, 2, 12, 3, 2, 3, 3, NULL, NULL, NULL, 'd6cc7b94-d34a-40cf-a59c-d1a861bf0970.jpg'),
(161, 'NE00729', 'ABDOULKARIM', 'ALI', NULL, '2017-06-11', NULL, NULL, 130, 2, 12, 3, 2, 3, 3, NULL, NULL, NULL, 'd6cc7b94-d34a-40cf-a59c-d1a861bf0970.jpg'),
(162, 'TC0012', 'Armel', 'Kadje', NULL, '2017-06-11', NULL, NULL, 18, 2, 12, 3, 2, 3, 3, NULL, NULL, NULL, 'd6cc7b94-d34a-40cf-a59c-d1a861bf0970.jpg'),
(163, 'BJ00043', 'ADAMNE', 'Bertin', NULL, '2017-06-26', NULL, NULL, 14, 2, 12, 3, 2, 3, 3, NULL, NULL, NULL, 'd6cc7b94-d34a-40cf-a59c-d1a861bf0970.jpg'),
(164, 'TG00032', 'AKAKPO AGBAN', 'Alban', NULL, '2017-06-26', NULL, NULL, 15, 2, 12, 3, 2, 3, 3, NULL, NULL, NULL, 'd6cc7b94-d34a-40cf-a59c-d1a861bf0970.jpg'),
(165, 'BF00421', 'BADINI', 'Adama', NULL, '2017-06-26', NULL, NULL, 20, 2, 12, 3, 2, 3, 3, NULL, NULL, NULL, 'd6cc7b94-d34a-40cf-a59c-d1a861bf0970.jpg'),
(166, 'NE00714', 'CHEFOU', 'IDI', NULL, '2017-06-26', NULL, NULL, 55, 2, 12, 3, 2, 3, 3, NULL, NULL, NULL, 'd6cc7b94-d34a-40cf-a59c-d1a861bf0970.jpg'),
(167, 'NE00729', 'ABDOULKARIM', 'ALI', NULL, '2017-06-11', NULL, NULL, 130, 2, 12, 3, 2, 3, 3, NULL, NULL, NULL, 'd6cc7b94-d34a-40cf-a59c-d1a861bf0970.jpg'),
(168, 'TC0012', 'Armel', 'Kadje', NULL, '2017-06-11', NULL, NULL, 18, 2, 12, 3, 2, 3, 3, NULL, NULL, NULL, 'd6cc7b94-d34a-40cf-a59c-d1a861bf0970.jpg'),
(169, 'BJ00043', 'ADAMNE', 'Bertin', NULL, '2017-06-26', NULL, NULL, 14, 2, 12, 3, 2, 3, 3, NULL, NULL, NULL, 'd6cc7b94-d34a-40cf-a59c-d1a861bf0970.jpg'),
(170, 'TG00032', 'AKAKPO AGBAN', 'Alban', NULL, '2017-06-26', NULL, NULL, 15, 2, 12, 3, 2, 3, 3, NULL, NULL, NULL, 'd6cc7b94-d34a-40cf-a59c-d1a861bf0970.jpg'),
(171, 'BF00421', 'BADINI', 'Adama', NULL, '2017-06-26', NULL, NULL, 20, 2, 12, 3, 2, 3, 3, NULL, NULL, NULL, 'd6cc7b94-d34a-40cf-a59c-d1a861bf0970.jpg'),
(172, 'NE00714', 'CHEFOU', 'IDI', NULL, '2017-06-26', NULL, NULL, 55, 2, 12, 3, 2, 3, 3, NULL, NULL, NULL, 'd6cc7b94-d34a-40cf-a59c-d1a861bf0970.jpg'),
(173, 'NE00729', 'ABDOULKARIM', 'ALI', NULL, '2017-06-11', NULL, NULL, 130, 2, 12, 3, 2, 3, 3, NULL, NULL, NULL, 'd6cc7b94-d34a-40cf-a59c-d1a861bf0970.jpg'),
(174, 'TC0012', 'Armel', 'Kadje', NULL, '2017-06-11', NULL, NULL, 18, 2, 12, 3, 2, 3, 3, NULL, NULL, NULL, 'd6cc7b94-d34a-40cf-a59c-d1a861bf0970.jpg'),
(175, 'BJ00043', 'ADAMNE', 'Bertin', NULL, '2017-06-26', NULL, NULL, 14, 2, 12, 3, 2, 3, 3, NULL, NULL, NULL, 'd6cc7b94-d34a-40cf-a59c-d1a861bf0970.jpg'),
(176, 'TG00032', 'AKAKPO AGBAN', 'Alban', NULL, '2017-06-26', NULL, NULL, 15, 2, 12, 3, 2, 3, 3, NULL, NULL, NULL, 'd6cc7b94-d34a-40cf-a59c-d1a861bf0970.jpg'),
(177, 'BF00421', 'BADINI', 'Adama', NULL, '2017-06-26', NULL, NULL, 20, 2, 12, 3, 2, 3, 3, NULL, NULL, NULL, 'd6cc7b94-d34a-40cf-a59c-d1a861bf0970.jpg'),
(178, 'NE00714', 'CHEFOU', 'IDI', NULL, '2017-06-26', NULL, NULL, 55, 2, 12, 3, 2, 3, 3, NULL, NULL, NULL, 'd6cc7b94-d34a-40cf-a59c-d1a861bf0970.jpg'),
(179, 'NE00729', 'ABDOULKARIM', 'ALI', NULL, '2017-06-11', NULL, NULL, 130, 2, 12, 3, 2, 3, 3, NULL, NULL, NULL, 'd6cc7b94-d34a-40cf-a59c-d1a861bf0970.jpg'),
(180, 'TC0012', 'Armel', 'Kadje', NULL, '2017-06-11', NULL, NULL, 18, 2, 12, 3, 2, 3, 3, NULL, NULL, NULL, 'd6cc7b94-d34a-40cf-a59c-d1a861bf0970.jpg'),
(181, 'BJ00043', 'ADAMNE', 'Bertin', NULL, '2017-06-26', NULL, NULL, 14, 2, 12, 3, 2, 3, 3, NULL, NULL, NULL, 'd6cc7b94-d34a-40cf-a59c-d1a861bf0970.jpg'),
(182, 'TG00032', 'AKAKPO AGBAN', 'Alban', NULL, '2017-06-26', NULL, NULL, 15, 2, 12, 3, 2, 3, 3, NULL, NULL, NULL, 'd6cc7b94-d34a-40cf-a59c-d1a861bf0970.jpg'),
(183, 'BF00421', 'BADINI', 'Adama', NULL, '2017-06-26', NULL, NULL, 20, 2, 12, 3, 2, 3, 3, NULL, NULL, NULL, 'd6cc7b94-d34a-40cf-a59c-d1a861bf0970.jpg'),
(184, 'NE00714', 'CHEFOU', 'IDI', NULL, '2017-06-26', NULL, NULL, 55, 2, 12, 3, 2, 3, 3, NULL, NULL, NULL, 'd6cc7b94-d34a-40cf-a59c-d1a861bf0970.jpg'),
(185, 'NE00729', 'ABDOULKARIM', 'ALI', NULL, '2017-06-11', NULL, NULL, 130, 2, 12, 3, 2, 3, 3, NULL, NULL, NULL, 'd6cc7b94-d34a-40cf-a59c-d1a861bf0970.jpg'),
(186, 'TC0012', 'Armel', 'Kadje', NULL, '2017-06-11', NULL, NULL, 18, 2, 12, 3, 2, 3, 3, NULL, NULL, NULL, 'd6cc7b94-d34a-40cf-a59c-d1a861bf0970.jpg'),
(187, 'BJ00043', 'ADAMNE', 'Bertin', NULL, '2017-06-26', NULL, NULL, 14, 2, 12, 3, 2, 3, 3, NULL, NULL, NULL, 'd6cc7b94-d34a-40cf-a59c-d1a861bf0970.jpg'),
(188, 'TG00032', 'AKAKPO AGBAN', 'Alban', NULL, '2017-06-26', NULL, NULL, 15, 2, 12, 3, 2, 3, 3, NULL, NULL, NULL, 'd6cc7b94-d34a-40cf-a59c-d1a861bf0970.jpg'),
(189, 'BF00421', 'BADINI', 'Adama', NULL, '2017-06-26', NULL, NULL, 20, 2, 12, 3, 2, 3, 3, NULL, NULL, NULL, 'd6cc7b94-d34a-40cf-a59c-d1a861bf0970.jpg'),
(190, 'NE00714', 'CHEFOU', 'IDI', NULL, '2017-06-26', NULL, NULL, 55, 2, 12, 3, 2, 3, 3, NULL, NULL, NULL, 'd6cc7b94-d34a-40cf-a59c-d1a861bf0970.jpg'),
(191, 'NE00729', 'ABDOULKARIM', 'ALI', NULL, '2017-06-11', NULL, NULL, 130, 2, 12, 3, 2, 3, 3, NULL, NULL, NULL, 'd6cc7b94-d34a-40cf-a59c-d1a861bf0970.jpg'),
(192, 'TC0012', 'Armel', 'Kadje', NULL, '2017-06-11', NULL, NULL, 18, 2, 12, 3, 2, 3, 3, NULL, NULL, NULL, 'd6cc7b94-d34a-40cf-a59c-d1a861bf0970.jpg'),
(193, 'BJ00043', 'ADAMNE', 'Bertin', NULL, '2017-06-26', NULL, NULL, 14, 2, 12, 3, 2, 3, 3, NULL, NULL, NULL, 'd6cc7b94-d34a-40cf-a59c-d1a861bf0970.jpg'),
(194, 'TG00032', 'AKAKPO AGBAN', 'Alban', NULL, '2017-06-26', NULL, NULL, 15, 2, 12, 3, 2, 3, 3, NULL, NULL, NULL, 'd6cc7b94-d34a-40cf-a59c-d1a861bf0970.jpg'),
(195, 'BF00421', 'BADINI', 'Adama', NULL, '2017-06-26', NULL, NULL, 20, 2, 12, 3, 2, 3, 3, NULL, NULL, NULL, 'd6cc7b94-d34a-40cf-a59c-d1a861bf0970.jpg'),
(196, 'NE00714', 'CHEFOU', 'IDI', NULL, '2017-06-26', NULL, NULL, 55, 2, 12, 3, 2, 3, 3, NULL, NULL, NULL, 'd6cc7b94-d34a-40cf-a59c-d1a861bf0970.jpg'),
(197, 'NE00729', 'ABDOULKARIM', 'ALI', NULL, '2017-06-11', NULL, NULL, 130, 2, 12, 3, 2, 3, 3, NULL, NULL, NULL, 'd6cc7b94-d34a-40cf-a59c-d1a861bf0970.jpg'),
(198, 'TC0012', 'Armel', 'Kadje', NULL, '2017-06-11', NULL, NULL, 18, 2, 12, 3, 2, 3, 3, NULL, NULL, NULL, 'd6cc7b94-d34a-40cf-a59c-d1a861bf0970.jpg'),
(199, 'BJ00043', 'ADAMNE', 'Bertin', NULL, '2017-06-26', NULL, NULL, 14, 2, 12, 3, 2, 3, 3, NULL, NULL, NULL, 'd6cc7b94-d34a-40cf-a59c-d1a861bf0970.jpg'),
(200, 'TG00032', 'AKAKPO AGBAN', 'Alban', NULL, '2017-06-26', NULL, NULL, 15, 2, 12, 3, 2, 3, 3, NULL, NULL, NULL, 'd6cc7b94-d34a-40cf-a59c-d1a861bf0970.jpg'),
(201, 'BF00421', 'BADINI', 'Adama', NULL, '2017-06-26', NULL, NULL, 20, 2, 12, 3, 2, 3, 3, NULL, NULL, NULL, 'd6cc7b94-d34a-40cf-a59c-d1a861bf0970.jpg'),
(202, 'NE00714', 'CHEFOU', 'IDI', NULL, '2017-06-26', NULL, NULL, 55, 2, 12, 3, 2, 3, 3, NULL, NULL, NULL, 'd6cc7b94-d34a-40cf-a59c-d1a861bf0970.jpg'),
(203, 'NE00729', 'ABDOULKARIM', 'ALI', NULL, '2017-06-11', NULL, NULL, 130, 2, 12, 3, 2, 3, 3, NULL, NULL, NULL, 'd6cc7b94-d34a-40cf-a59c-d1a861bf0970.jpg'),
(204, 'TC0012', 'Armel', 'Kadje', NULL, '2017-06-11', NULL, NULL, 18, 2, 12, 3, 2, 3, 3, NULL, NULL, NULL, 'd6cc7b94-d34a-40cf-a59c-d1a861bf0970.jpg'),
(205, 'BJ00043', 'ADAMNE', 'Bertin', NULL, '2017-06-26', NULL, NULL, 14, 2, 12, 3, 2, 3, 3, NULL, NULL, NULL, 'd6cc7b94-d34a-40cf-a59c-d1a861bf0970.jpg'),
(206, 'TG00032', 'AKAKPO AGBAN', 'Alban', NULL, '2017-06-26', NULL, NULL, 15, 2, 12, 3, 2, 3, 3, NULL, NULL, NULL, 'd6cc7b94-d34a-40cf-a59c-d1a861bf0970.jpg'),
(207, 'BF00421', 'BADINI', 'Adama', NULL, '2017-06-26', NULL, NULL, 20, 2, 12, 3, 2, 3, 3, NULL, NULL, NULL, 'd6cc7b94-d34a-40cf-a59c-d1a861bf0970.jpg'),
(208, 'NE00714', 'CHEFOU', 'IDI', NULL, '2017-06-26', NULL, NULL, 55, 2, 12, 3, 2, 3, 3, NULL, NULL, NULL, 'd6cc7b94-d34a-40cf-a59c-d1a861bf0970.jpg'),
(209, 'NE00729', 'ABDOULKARIM', 'ALI', NULL, '2017-06-11', NULL, NULL, 130, 2, 12, 3, 2, 3, 3, NULL, NULL, NULL, 'd6cc7b94-d34a-40cf-a59c-d1a861bf0970.jpg'),
(210, 'TC0012', 'Armel', 'Kadje', NULL, '2017-06-11', NULL, NULL, 18, 2, 12, 3, 2, 3, 3, NULL, NULL, NULL, 'd6cc7b94-d34a-40cf-a59c-d1a861bf0970.jpg'),
(211, 'BJ00043', 'ADAMNE', 'Bertin', NULL, '2017-06-26', NULL, NULL, 14, 2, 12, 3, 2, 3, 3, NULL, NULL, NULL, 'd6cc7b94-d34a-40cf-a59c-d1a861bf0970.jpg'),
(212, 'TG00032', 'AKAKPO AGBAN', 'Alban', NULL, '2017-06-26', NULL, NULL, 15, 2, 12, 3, 2, 3, 3, NULL, NULL, NULL, 'd6cc7b94-d34a-40cf-a59c-d1a861bf0970.jpg'),
(213, 'BF00421', 'BADINI', 'Adama', NULL, '2017-06-26', NULL, NULL, 20, 2, 12, 3, 2, 3, 3, NULL, NULL, NULL, 'd6cc7b94-d34a-40cf-a59c-d1a861bf0970.jpg'),
(214, 'NE00714', 'CHEFOU', 'IDI', NULL, '2017-06-26', NULL, NULL, 55, 2, 12, 3, 2, 3, 3, NULL, NULL, NULL, 'd6cc7b94-d34a-40cf-a59c-d1a861bf0970.jpg'),
(215, 'NE00729', 'ABDOULKARIM', 'ALI', NULL, '2017-06-11', NULL, NULL, 130, 2, 12, 3, 2, 3, 3, NULL, NULL, NULL, 'd6cc7b94-d34a-40cf-a59c-d1a861bf0970.jpg'),
(216, 'TC0012', 'Armel', 'Kadje', NULL, '2017-06-11', NULL, NULL, 18, 2, 12, 3, 2, 3, 3, NULL, NULL, NULL, 'd6cc7b94-d34a-40cf-a59c-d1a861bf0970.jpg'),
(217, 'BJ00043', 'ADAMNE', 'Bertin', NULL, '2017-06-26', NULL, NULL, 14, 2, 12, 3, 2, 3, 3, NULL, NULL, NULL, 'd6cc7b94-d34a-40cf-a59c-d1a861bf0970.jpg'),
(218, 'TG00032', 'AKAKPO AGBAN', 'Alban', NULL, '2017-06-26', NULL, NULL, 15, 2, 12, 3, 2, 3, 3, NULL, NULL, NULL, 'd6cc7b94-d34a-40cf-a59c-d1a861bf0970.jpg'),
(219, 'BF00421', 'BADINI', 'Adama', NULL, '2017-06-26', NULL, NULL, 20, 2, 12, 3, 2, 3, 3, NULL, NULL, NULL, 'd6cc7b94-d34a-40cf-a59c-d1a861bf0970.jpg'),
(220, 'NE00714', 'CHEFOU', 'IDI', NULL, '2017-06-26', NULL, NULL, 55, 2, 12, 3, 2, 3, 3, NULL, NULL, NULL, 'd6cc7b94-d34a-40cf-a59c-d1a861bf0970.jpg'),
(252, 'NE00729', 'ABDOULKARIM', 'ALI', NULL, '2017-06-11', NULL, NULL, 130, 2, 12, 3, 2, 3, 3, NULL, NULL, NULL, 'd6cc7b94-d34a-40cf-a59c-d1a861bf0970.jpg'),
(253, 'TC0012', 'Armel', 'Kadje', NULL, '2017-06-11', NULL, NULL, 18, 2, 12, 3, 2, 3, 3, NULL, NULL, NULL, 'd6cc7b94-d34a-40cf-a59c-d1a861bf0970.jpg'),
(254, 'BJ00043', 'ADAMNE', 'Bertin', NULL, '2017-06-26', NULL, NULL, 14, 2, 12, 3, 2, 3, 3, NULL, NULL, NULL, 'd6cc7b94-d34a-40cf-a59c-d1a861bf0970.jpg'),
(255, 'TG00032', 'AKAKPO AGBAN', 'Alban', NULL, '2017-06-26', NULL, NULL, 15, 2, 12, 3, 2, 3, 3, NULL, NULL, NULL, 'd6cc7b94-d34a-40cf-a59c-d1a861bf0970.jpg'),
(256, 'BF00421', 'BADINI', 'Adama', NULL, '2017-06-26', NULL, NULL, 20, 2, 12, 3, 2, 3, 3, NULL, NULL, NULL, 'd6cc7b94-d34a-40cf-a59c-d1a861bf0970.jpg'),
(257, 'NE00714', 'CHEFOU', 'IDI', NULL, '2017-06-26', NULL, NULL, 55, 2, 12, 3, 2, 3, 3, NULL, NULL, NULL, 'd6cc7b94-d34a-40cf-a59c-d1a861bf0970.jpg'),
(258, 'NE00729', 'ABDOULKARIM', 'ALI', NULL, '2017-06-11', NULL, NULL, 130, 2, 12, 3, 2, 3, 3, NULL, NULL, NULL, 'd6cc7b94-d34a-40cf-a59c-d1a861bf0970.jpg'),
(259, 'TC0012', 'Armel', 'Kadje', NULL, '2017-06-11', NULL, NULL, 18, 2, 12, 3, 2, 3, 3, NULL, NULL, NULL, 'd6cc7b94-d34a-40cf-a59c-d1a861bf0970.jpg'),
(260, 'BJ00043', 'ADAMNE', 'Bertin', NULL, '2017-06-26', NULL, NULL, 14, 2, 12, 3, 2, 3, 3, NULL, NULL, NULL, 'd6cc7b94-d34a-40cf-a59c-d1a861bf0970.jpg'),
(261, 'TG00032', 'AKAKPO AGBAN', 'Alban', NULL, '2017-06-26', NULL, NULL, 15, 2, 12, 3, 2, 3, 3, NULL, NULL, NULL, 'd6cc7b94-d34a-40cf-a59c-d1a861bf0970.jpg'),
(262, 'BF00421', 'BADINI', 'Adama', NULL, '2017-06-26', NULL, NULL, 20, 2, 12, 3, 2, 3, 3, NULL, NULL, NULL, 'd6cc7b94-d34a-40cf-a59c-d1a861bf0970.jpg'),
(263, 'NE00714', 'CHEFOU', 'IDI', NULL, '2017-06-26', NULL, NULL, 55, 2, 12, 3, 2, 3, 3, NULL, NULL, NULL, 'd6cc7b94-d34a-40cf-a59c-d1a861bf0970.jpg'),
(264, 'NE00729', 'ABDOULKARIM', 'ALI', NULL, '2017-06-11', NULL, NULL, 130, 2, 12, 3, 2, 3, 3, NULL, NULL, NULL, 'd6cc7b94-d34a-40cf-a59c-d1a861bf0970.jpg'),
(265, 'TC0012', 'Armel', 'Kadje', NULL, '2017-06-11', NULL, NULL, 18, 2, 12, 3, 2, 3, 3, NULL, NULL, NULL, 'd6cc7b94-d34a-40cf-a59c-d1a861bf0970.jpg'),
(266, 'BJ00043', 'ADAMNE', 'Bertin', NULL, '2017-06-26', NULL, NULL, 14, 2, 12, 3, 2, 3, 3, NULL, NULL, NULL, 'd6cc7b94-d34a-40cf-a59c-d1a861bf0970.jpg'),
(267, 'TG00032', 'AKAKPO AGBAN', 'Alban', NULL, '2017-06-26', NULL, NULL, 15, 2, 12, 3, 2, 3, 3, NULL, NULL, NULL, 'd6cc7b94-d34a-40cf-a59c-d1a861bf0970.jpg'),
(268, 'BF00421', 'BADINI', 'Adama', NULL, '2017-06-26', NULL, NULL, 20, 2, 12, 3, 2, 3, 3, NULL, NULL, NULL, 'd6cc7b94-d34a-40cf-a59c-d1a861bf0970.jpg'),
(269, 'NE00714', 'CHEFOU', 'IDI', NULL, '2017-06-26', NULL, NULL, 55, 2, 12, 3, 2, 3, 3, NULL, NULL, NULL, 'd6cc7b94-d34a-40cf-a59c-d1a861bf0970.jpg'),
(270, 'NE00729', 'ABDOULKARIM', 'ALI', NULL, '2017-06-11', NULL, NULL, 130, 2, 12, 3, 2, 3, 3, NULL, NULL, NULL, 'd6cc7b94-d34a-40cf-a59c-d1a861bf0970.jpg'),
(271, 'TC0012', 'Armel', 'Kadje', NULL, '2017-06-11', NULL, NULL, 18, 2, 12, 3, 2, 3, 3, NULL, NULL, NULL, 'd6cc7b94-d34a-40cf-a59c-d1a861bf0970.jpg'),
(272, 'BJ00043', 'ADAMNE', 'Bertin', NULL, '2017-06-26', NULL, NULL, 14, 2, 12, 3, 2, 3, 3, NULL, NULL, NULL, 'd6cc7b94-d34a-40cf-a59c-d1a861bf0970.jpg'),
(273, 'TG00032', 'AKAKPO AGBAN', 'Alban', NULL, '2017-06-26', NULL, NULL, 15, 2, 12, 3, 2, 3, 3, NULL, NULL, NULL, 'd6cc7b94-d34a-40cf-a59c-d1a861bf0970.jpg'),
(274, 'BF00421', 'BADINI', 'Adama', NULL, '2017-06-26', NULL, NULL, 20, 2, 12, 3, 2, 3, 3, NULL, NULL, NULL, 'd6cc7b94-d34a-40cf-a59c-d1a861bf0970.jpg'),
(275, 'NE00714', 'CHEFOU', 'IDI', NULL, '2017-06-26', NULL, NULL, 55, 2, 12, 3, 2, 3, 3, NULL, NULL, NULL, 'd6cc7b94-d34a-40cf-a59c-d1a861bf0970.jpg'),
(276, 'NE00729', 'ABDOULKARIM', 'ALI', NULL, '2017-06-11', NULL, NULL, 130, 2, 12, 3, 2, 3, 3, NULL, NULL, NULL, 'd6cc7b94-d34a-40cf-a59c-d1a861bf0970.jpg'),
(277, 'TC0012', 'Armel', 'Kadje', NULL, '2017-06-11', NULL, NULL, 18, 2, 12, 3, 2, 3, 3, NULL, NULL, NULL, 'd6cc7b94-d34a-40cf-a59c-d1a861bf0970.jpg'),
(278, 'BJ00043', 'ADAMNE', 'Bertin', NULL, '2017-06-26', NULL, NULL, 14, 2, 12, 3, 2, 3, 3, NULL, NULL, NULL, 'd6cc7b94-d34a-40cf-a59c-d1a861bf0970.jpg'),
(279, 'TG00032', 'AKAKPO AGBAN', 'Alban', NULL, '2017-06-26', NULL, NULL, 15, 2, 12, 3, 2, 3, 3, NULL, NULL, NULL, 'd6cc7b94-d34a-40cf-a59c-d1a861bf0970.jpg'),
(280, 'BF00421', 'BADINI', 'Adama', NULL, '2017-06-26', NULL, NULL, 20, 2, 12, 3, 2, 3, 3, NULL, NULL, NULL, 'd6cc7b94-d34a-40cf-a59c-d1a861bf0970.jpg'),
(281, 'NE00714', 'CHEFOU', 'IDI', NULL, '2017-06-26', NULL, NULL, 55, 2, 12, 3, 2, 3, 3, NULL, NULL, NULL, 'd6cc7b94-d34a-40cf-a59c-d1a861bf0970.jpg'),
(282, 'NE00729', 'ABDOULKARIM', 'ALI', NULL, '2017-06-11', NULL, NULL, 130, 2, 12, 3, 2, 3, 3, NULL, NULL, NULL, 'd6cc7b94-d34a-40cf-a59c-d1a861bf0970.jpg'),
(283, 'TC0012', 'Armel', 'Kadje', NULL, '2017-06-11', NULL, NULL, 18, 2, 12, 3, 2, 3, 3, NULL, NULL, NULL, 'd6cc7b94-d34a-40cf-a59c-d1a861bf0970.jpg'),
(284, 'BJ00043', 'ADAMNE', 'Bertin', NULL, '2017-06-26', NULL, NULL, 14, 2, 12, 3, 2, 3, 3, NULL, NULL, NULL, 'd6cc7b94-d34a-40cf-a59c-d1a861bf0970.jpg'),
(285, 'TG00032', 'AKAKPO AGBAN', 'Alban', NULL, '2017-06-26', NULL, NULL, 15, 2, 12, 3, 2, 3, 3, NULL, NULL, NULL, 'd6cc7b94-d34a-40cf-a59c-d1a861bf0970.jpg'),
(286, 'BF00421', 'BADINI', 'Adama', NULL, '2017-06-26', NULL, NULL, 20, 2, 12, 3, 2, 3, 3, NULL, NULL, NULL, 'd6cc7b94-d34a-40cf-a59c-d1a861bf0970.jpg'),
(287, 'NE00714', 'CHEFOU', 'IDI', NULL, '2017-06-26', NULL, NULL, 55, 2, 12, 3, 2, 3, 3, NULL, NULL, NULL, 'd6cc7b94-d34a-40cf-a59c-d1a861bf0970.jpg'),
(288, 'NE00729', 'ABDOULKARIM', 'ALI', NULL, '2017-06-11', NULL, NULL, 130, 2, 12, 3, 2, 3, 3, NULL, NULL, NULL, 'd6cc7b94-d34a-40cf-a59c-d1a861bf0970.jpg'),
(289, 'TC0012', 'Armel', 'Kadje', NULL, '2017-06-11', NULL, NULL, 18, 2, 12, 3, 2, 3, 3, NULL, NULL, NULL, 'd6cc7b94-d34a-40cf-a59c-d1a861bf0970.jpg'),
(290, 'BJ00043', 'ADAMNE', 'Bertin', NULL, '2017-06-26', NULL, NULL, 14, 2, 12, 3, 2, 3, 3, NULL, NULL, NULL, 'd6cc7b94-d34a-40cf-a59c-d1a861bf0970.jpg'),
(291, 'TG00032', 'AKAKPO AGBAN', 'Alban', NULL, '2017-06-26', NULL, NULL, 15, 2, 12, 3, 2, 3, 3, NULL, NULL, NULL, 'd6cc7b94-d34a-40cf-a59c-d1a861bf0970.jpg'),
(292, 'BF00421', 'BADINI', 'Adama', NULL, '2017-06-26', NULL, NULL, 20, 2, 12, 3, 2, 3, 3, NULL, NULL, NULL, 'd6cc7b94-d34a-40cf-a59c-d1a861bf0970.jpg'),
(293, 'NE00714', 'CHEFOU', 'IDI', NULL, '2017-06-26', NULL, NULL, 55, 2, 12, 3, 2, 3, 3, NULL, NULL, NULL, 'd6cc7b94-d34a-40cf-a59c-d1a861bf0970.jpg'),
(294, 'NE00729', 'ABDOULKARIM', 'ALI', NULL, '2017-06-11', NULL, NULL, 130, 2, 12, 3, 2, 3, 3, NULL, NULL, NULL, 'd6cc7b94-d34a-40cf-a59c-d1a861bf0970.jpg'),
(295, 'TC0012', 'Armel', 'Kadje', NULL, '2017-06-11', NULL, NULL, 18, 2, 12, 3, 2, 3, 3, NULL, NULL, NULL, 'd6cc7b94-d34a-40cf-a59c-d1a861bf0970.jpg'),
(296, 'BJ00043', 'ADAMNE', 'Bertin', NULL, '2017-06-26', NULL, NULL, 14, 2, 12, 3, 2, 3, 3, NULL, NULL, NULL, 'd6cc7b94-d34a-40cf-a59c-d1a861bf0970.jpg'),
(297, 'TG00032', 'AKAKPO AGBAN', 'Alban', NULL, '2017-06-26', NULL, NULL, 15, 2, 12, 3, 2, 3, 3, NULL, NULL, NULL, 'd6cc7b94-d34a-40cf-a59c-d1a861bf0970.jpg'),
(298, 'BF00421', 'BADINI', 'Adama', NULL, '2017-06-26', NULL, NULL, 20, 2, 12, 3, 2, 3, 3, NULL, NULL, NULL, 'd6cc7b94-d34a-40cf-a59c-d1a861bf0970.jpg'),
(299, 'NE00714', 'CHEFOU', 'IDI', NULL, '2017-06-26', NULL, NULL, 55, 2, 12, 3, 2, 3, 3, NULL, NULL, NULL, 'd6cc7b94-d34a-40cf-a59c-d1a861bf0970.jpg'),
(300, 'NE00729', 'ABDOULKARIM', 'ALI', NULL, '2017-06-11', NULL, NULL, 130, 2, 12, 3, 2, 3, 3, NULL, NULL, NULL, 'd6cc7b94-d34a-40cf-a59c-d1a861bf0970.jpg'),
(301, 'TC0012', 'Armel', 'Kadje', NULL, '2017-06-11', NULL, NULL, 18, 2, 12, 3, 2, 3, 3, NULL, NULL, NULL, 'd6cc7b94-d34a-40cf-a59c-d1a861bf0970.jpg'),
(302, 'BJ00043', 'ADAMNE', 'Bertin', NULL, '2017-06-26', NULL, NULL, 14, 2, 12, 3, 2, 3, 3, NULL, NULL, NULL, 'd6cc7b94-d34a-40cf-a59c-d1a861bf0970.jpg'),
(303, 'TG00032', 'AKAKPO AGBAN', 'Alban', NULL, '2017-06-26', NULL, NULL, 15, 2, 12, 3, 2, 3, 3, NULL, NULL, NULL, 'd6cc7b94-d34a-40cf-a59c-d1a861bf0970.jpg'),
(304, 'BF00421', 'BADINI', 'Adama', NULL, '2017-06-26', 'ibubibi', NULL, 20, 2, 12, 3, 2, 3, 3, NULL, NULL, NULL, ''),
(305, 'NE00714', 'CHEFOU', 'IDI', NULL, '2017-06-26', NULL, NULL, 55, 2, 12, 3, 2, 3, 3, NULL, NULL, NULL, 'd6cc7b94-d34a-40cf-a59c-d1a861bf0970.jpg'),
(306, 'NE00729', 'ABDOULKARIM', 'ALI', NULL, '2017-06-11', NULL, NULL, 130, 2, 12, 3, 2, 3, 3, NULL, NULL, NULL, 'd6cc7b94-d34a-40cf-a59c-d1a861bf0970.jpg'),
(307, 'TC0012', 'Armel', 'Kadje', NULL, '2017-06-11', NULL, NULL, 18, 2, 12, 3, 2, 3, 3, NULL, NULL, NULL, 'd6cc7b94-d34a-40cf-a59c-d1a861bf0970.jpg'),
(308, 'BJ00043', 'ADAMNE', 'Bertin', NULL, '2017-06-26', NULL, NULL, 14, 2, 12, 3, 2, 3, 3, NULL, NULL, NULL, 'd6cc7b94-d34a-40cf-a59c-d1a861bf0970.jpg'),
(309, 'TG00032', 'AKAKPO AGBAN', 'Alban', NULL, '2017-06-26', NULL, NULL, 15, 2, 12, 3, 2, 3, 3, NULL, NULL, NULL, 'd6cc7b94-d34a-40cf-a59c-d1a861bf0970.jpg'),
(310, 'BF00421', 'BADINI', 'Adama', NULL, '2017-06-26', NULL, NULL, 20, 2, 12, 3, 2, 3, 3, NULL, NULL, NULL, 'd6cc7b94-d34a-40cf-a59c-d1a861bf0970.jpg'),
(311, 'NE00714', 'CHEFOU', 'IDI', NULL, '2017-06-26', NULL, NULL, 55, 2, 12, 3, 2, 3, 3, NULL, NULL, NULL, 'd6cc7b94-d34a-40cf-a59c-d1a861bf0970.jpg'),
(312, 'NE00729', 'ABDOULKARIM', 'ALI', NULL, '2017-06-11', NULL, NULL, 130, 2, 12, 3, 2, 3, 3, NULL, NULL, NULL, 'd6cc7b94-d34a-40cf-a59c-d1a861bf0970.jpg'),
(313, 'TC0012', 'Armel', 'Kadje', NULL, '2017-06-11', NULL, NULL, 18, 2, 12, 3, 2, 3, 3, NULL, NULL, NULL, 'd6cc7b94-d34a-40cf-a59c-d1a861bf0970.jpg'),
(314, 'BJ00043', 'ADAMNE', 'Bertin', NULL, '2017-06-26', NULL, NULL, 14, 2, 12, 3, 2, 3, 3, NULL, NULL, NULL, 'd6cc7b94-d34a-40cf-a59c-d1a861bf0970.jpg'),
(315, 'TG00032', 'AKAKPO AGBAN', 'Alban', NULL, '2017-06-26', NULL, NULL, 15, 2, 12, 3, 2, 3, 3, NULL, NULL, NULL, 'd6cc7b94-d34a-40cf-a59c-d1a861bf0970.jpg'),
(316, 'BF00421', 'BADINI', 'Adama', NULL, '2017-06-26', NULL, NULL, 20, 2, 12, 3, 2, 3, 3, NULL, NULL, NULL, 'd6cc7b94-d34a-40cf-a59c-d1a861bf0970.jpg'),
(317, 'NE00714', 'CHEFOU', 'IDI', NULL, '2017-06-26', NULL, NULL, 55, 2, 12, 3, 2, 3, 3, NULL, NULL, NULL, 'd6cc7b94-d34a-40cf-a59c-d1a861bf0970.jpg'),
(318, 'NE00729', 'ABDOULKARIM', 'ALI', NULL, '2017-06-11', NULL, NULL, 130, 2, 12, 3, 2, 3, 3, NULL, NULL, NULL, 'd6cc7b94-d34a-40cf-a59c-d1a861bf0970.jpg'),
(319, 'TC0012', 'Armel', 'Kadje', NULL, '2017-06-11', NULL, NULL, 18, 2, 12, 3, 2, 3, 3, NULL, NULL, NULL, 'd6cc7b94-d34a-40cf-a59c-d1a861bf0970.jpg'),
(320, 'BJ00043', 'ADAMNE', 'Bertin', NULL, '2017-06-26', NULL, NULL, 14, 2, 12, 3, 2, 3, 3, NULL, NULL, NULL, 'd6cc7b94-d34a-40cf-a59c-d1a861bf0970.jpg'),
(321, 'TG00032', 'AKAKPO AGBAN', 'Alban', NULL, '2017-06-26', NULL, NULL, 15, 2, 12, 3, 2, 3, 3, NULL, NULL, NULL, 'd6cc7b94-d34a-40cf-a59c-d1a861bf0970.jpg'),
(322, 'BF00421', 'BADINI', 'Adama', NULL, '2017-06-26', NULL, NULL, 20, 2, 12, 3, 2, 3, 3, NULL, NULL, NULL, 'd6cc7b94-d34a-40cf-a59c-d1a861bf0970.jpg'),
(323, 'NE00714', 'CHEFOU', 'IDI', NULL, '2017-06-26', NULL, NULL, 55, 2, 12, 3, 2, 3, 3, NULL, NULL, NULL, 'd6cc7b94-d34a-40cf-a59c-d1a861bf0970.jpg'),
(324, 'NE00729', 'ABDOULKARIM', 'ALI', NULL, '2017-06-11', NULL, NULL, 130, 2, 12, 3, 2, 3, 3, NULL, NULL, NULL, 'd6cc7b94-d34a-40cf-a59c-d1a861bf0970.jpg'),
(325, 'TC0012', 'Armel', 'Kadje', NULL, '2017-06-11', NULL, NULL, 18, 2, 12, 3, 2, 3, 3, NULL, NULL, NULL, 'd6cc7b94-d34a-40cf-a59c-d1a861bf0970.jpg'),
(326, 'BJ00043', 'ADAMNE', 'Bertin', NULL, '2017-06-26', NULL, NULL, 14, 2, 12, 3, 2, 3, 3, NULL, NULL, NULL, 'd6cc7b94-d34a-40cf-a59c-d1a861bf0970.jpg'),
(327, 'TG00032', 'AKAKPO AGBAN', 'Alban', NULL, '2017-06-26', NULL, NULL, 15, 2, 12, 3, 2, 3, 3, NULL, NULL, NULL, 'd6cc7b94-d34a-40cf-a59c-d1a861bf0970.jpg'),
(328, 'BF00421', 'BADINI', 'Adama', NULL, '2017-06-26', NULL, NULL, 20, 2, 12, 3, 2, 3, 3, NULL, NULL, NULL, 'd6cc7b94-d34a-40cf-a59c-d1a861bf0970.jpg'),
(329, 'NE00714', 'CHEFOU', 'IDI', NULL, '2017-06-26', NULL, NULL, 55, 2, 12, 3, 2, 3, 3, NULL, NULL, NULL, 'd6cc7b94-d34a-40cf-a59c-d1a861bf0970.jpg'),
(330, 'NE00729', 'ABDOULKARIM', 'ALI', NULL, '2017-06-11', NULL, NULL, 130, 2, 12, 3, 2, 3, 3, NULL, NULL, NULL, 'd6cc7b94-d34a-40cf-a59c-d1a861bf0970.jpg'),
(331, 'TC0012', 'Armel', 'Kadje', NULL, '2017-06-11', NULL, NULL, 18, 2, 12, 3, 2, 3, 3, NULL, NULL, NULL, 'd6cc7b94-d34a-40cf-a59c-d1a861bf0970.jpg'),
(332, 'BJ00043', 'ADAMNE', 'Bertin', NULL, '2017-06-26', NULL, NULL, 14, 2, 12, 3, 2, 3, 3, NULL, NULL, NULL, 'd6cc7b94-d34a-40cf-a59c-d1a861bf0970.jpg'),
(333, 'TG00032', 'AKAKPO AGBAN', 'Alban', NULL, '2017-06-26', NULL, NULL, 15, 2, 12, 3, 2, 3, 3, NULL, NULL, NULL, 'd6cc7b94-d34a-40cf-a59c-d1a861bf0970.jpg'),
(334, 'BF00421', 'BADINI', 'Adama', NULL, '2017-06-26', NULL, NULL, 20, 2, 12, 3, 2, 3, 3, NULL, NULL, NULL, 'd6cc7b94-d34a-40cf-a59c-d1a861bf0970.jpg'),
(335, 'NE00714', 'CHEFOU', 'IDI', NULL, '2017-06-26', NULL, NULL, 55, 2, 12, 3, 2, 3, 3, NULL, NULL, NULL, 'd6cc7b94-d34a-40cf-a59c-d1a861bf0970.jpg'),
(336, 'NE00729', 'ABDOULKARIM', 'ALI', NULL, '2017-06-11', NULL, NULL, 130, 2, 12, 3, 2, 3, 3, NULL, NULL, NULL, 'd6cc7b94-d34a-40cf-a59c-d1a861bf0970.jpg'),
(337, 'TC0012', 'Armel', 'Kadje', NULL, '2017-06-11', NULL, NULL, 18, 2, 12, 3, 2, 3, 3, NULL, NULL, NULL, 'd6cc7b94-d34a-40cf-a59c-d1a861bf0970.jpg'),
(338, 'BJ00043', 'ADAMNE', 'Bertin', NULL, '2017-06-26', NULL, NULL, 14, 2, 12, 3, 2, 3, 3, NULL, NULL, NULL, 'd6cc7b94-d34a-40cf-a59c-d1a861bf0970.jpg'),
(339, 'TG00032', 'AKAKPO AGBAN', 'Alban', NULL, '2017-06-26', NULL, NULL, 15, 2, 12, 3, 2, 3, 3, NULL, NULL, NULL, 'd6cc7b94-d34a-40cf-a59c-d1a861bf0970.jpg'),
(340, 'BF00421', 'BADINI', 'Adama', NULL, '2017-06-26', NULL, NULL, 20, 2, 12, 3, 2, 3, 3, NULL, NULL, NULL, 'd6cc7b94-d34a-40cf-a59c-d1a861bf0970.jpg'),
(341, 'NE00714', 'CHEFOU', 'IDI', NULL, '2017-06-26', NULL, NULL, 55, 2, 12, 3, 2, 3, 3, NULL, NULL, NULL, 'd6cc7b94-d34a-40cf-a59c-d1a861bf0970.jpg'),
(342, 'NE00729', 'ABDOULKARIM', 'ALI', NULL, '2017-06-11', NULL, NULL, 130, 2, 12, 3, 2, 3, 3, NULL, NULL, NULL, 'd6cc7b94-d34a-40cf-a59c-d1a861bf0970.jpg'),
(343, 'TC0012', 'Armel', 'Kadje', NULL, '2017-06-11', NULL, NULL, 18, 2, 12, 3, 2, 3, 3, NULL, NULL, NULL, 'd6cc7b94-d34a-40cf-a59c-d1a861bf0970.jpg'),
(344, 'BJ00043', 'ADAMNE', 'Bertin', NULL, '2017-06-26', NULL, NULL, 14, 2, 12, 3, 2, 3, 3, NULL, NULL, NULL, 'd6cc7b94-d34a-40cf-a59c-d1a861bf0970.jpg'),
(345, 'TG00032', 'AKAKPO AGBAN', 'Alban', NULL, '2017-06-26', NULL, NULL, 15, 2, 12, 3, 2, 3, 3, NULL, NULL, NULL, 'd6cc7b94-d34a-40cf-a59c-d1a861bf0970.jpg'),
(346, 'BF00421', 'BADINI', 'Adama', NULL, '2017-06-26', NULL, NULL, 20, 2, 12, 3, 2, 3, 3, NULL, NULL, NULL, 'd6cc7b94-d34a-40cf-a59c-d1a861bf0970.jpg'),
(347, 'NE00714', 'CHEFOU', 'IDI', NULL, '2017-06-26', NULL, NULL, 55, 2, 12, 3, 2, 3, 3, NULL, NULL, NULL, 'd6cc7b94-d34a-40cf-a59c-d1a861bf0970.jpg'),
(348, 'NE00729', 'ABDOULKARIM', 'ALI', NULL, '2017-06-11', NULL, NULL, 130, 2, 12, 3, 2, 3, 3, NULL, NULL, NULL, 'd6cc7b94-d34a-40cf-a59c-d1a861bf0970.jpg'),
(349, 'TC0012', 'Armel', 'Kadje', NULL, '2017-06-11', NULL, NULL, 18, 2, 12, 3, 2, 3, 3, NULL, NULL, NULL, 'd6cc7b94-d34a-40cf-a59c-d1a861bf0970.jpg'),
(350, 'BJ00043', 'ADAMNE', 'Bertin', NULL, '2017-06-26', NULL, NULL, 14, 2, 12, 3, 2, 3, 3, NULL, NULL, NULL, 'd6cc7b94-d34a-40cf-a59c-d1a861bf0970.jpg'),
(351, 'TG00032', 'AKAKPO AGBAN', 'Alban', NULL, '2017-06-26', NULL, NULL, 15, 2, 12, 3, 2, 3, 3, NULL, NULL, NULL, 'd6cc7b94-d34a-40cf-a59c-d1a861bf0970.jpg'),
(352, 'BF00421', 'BADINI', 'Adama', NULL, '2017-06-26', NULL, NULL, 20, 2, 12, 3, 2, 3, 3, NULL, NULL, NULL, 'd6cc7b94-d34a-40cf-a59c-d1a861bf0970.jpg'),
(353, 'NE00714', 'CHEFOU', 'IDI', NULL, '2017-06-26', NULL, NULL, 55, 2, 12, 3, 2, 3, 3, NULL, NULL, NULL, 'd6cc7b94-d34a-40cf-a59c-d1a861bf0970.jpg'),
(354, 'NE00729', 'ABDOULKARIM', 'ALI', NULL, '2017-06-11', NULL, NULL, 130, 2, 12, 3, 2, 3, 3, NULL, NULL, NULL, 'd6cc7b94-d34a-40cf-a59c-d1a861bf0970.jpg'),
(355, 'TC0012', 'Armel', 'Kadje', NULL, '2017-06-11', NULL, NULL, 18, 2, 12, 3, 2, 3, 3, NULL, NULL, NULL, 'd6cc7b94-d34a-40cf-a59c-d1a861bf0970.jpg'),
(356, 'BJ00043', 'ADAMNE', 'Bertin', NULL, '2017-06-26', NULL, NULL, 14, 2, 12, 3, 2, 3, 3, NULL, NULL, NULL, 'd6cc7b94-d34a-40cf-a59c-d1a861bf0970.jpg'),
(357, 'TG00032', 'AKAKPO AGBAN', 'Alban', NULL, '2017-06-26', NULL, NULL, 15, 2, 12, 3, 2, 3, 3, NULL, NULL, NULL, 'd6cc7b94-d34a-40cf-a59c-d1a861bf0970.jpg'),
(358, 'BF00421', 'BADINI', 'Adama', NULL, '2017-06-26', NULL, NULL, 20, 2, 12, 3, 2, 3, 3, NULL, NULL, NULL, 'd6cc7b94-d34a-40cf-a59c-d1a861bf0970.jpg'),
(359, 'NE00714', 'CHEFOU', 'IDI', NULL, '2017-06-26', NULL, NULL, 55, 2, 12, 3, 2, 3, 3, NULL, NULL, NULL, 'd6cc7b94-d34a-40cf-a59c-d1a861bf0970.jpg'),
(360, 'NE00729', 'ABDOULKARIM', 'ALI', NULL, '2017-06-11', NULL, NULL, 130, 2, 12, 3, 2, 3, 3, NULL, NULL, NULL, 'd6cc7b94-d34a-40cf-a59c-d1a861bf0970.jpg'),
(361, 'TC0012', 'Armel', 'Kadje', NULL, '2017-06-11', NULL, NULL, 18, 2, 12, 3, 2, 3, 3, NULL, NULL, NULL, 'd6cc7b94-d34a-40cf-a59c-d1a861bf0970.jpg'),
(362, 'BJ00043', 'ADAMNE', 'Bertin', NULL, '2017-06-26', NULL, NULL, 14, 2, 12, 3, 2, 3, 3, NULL, NULL, NULL, 'd6cc7b94-d34a-40cf-a59c-d1a861bf0970.jpg'),
(363, 'TG00032', 'AKAKPO AGBAN', 'Alban', NULL, '2017-06-26', NULL, NULL, 15, 2, 12, 3, 2, 3, 3, NULL, NULL, NULL, 'd6cc7b94-d34a-40cf-a59c-d1a861bf0970.jpg'),
(364, 'BF00421', 'BADINI', 'Adama', NULL, '2017-06-26', NULL, NULL, 20, 2, 12, 3, 2, 3, 3, NULL, NULL, NULL, 'd6cc7b94-d34a-40cf-a59c-d1a861bf0970.jpg'),
(365, 'NE00714', 'CHEFOU', 'IDI', NULL, '2017-06-26', NULL, NULL, 55, 2, 12, 3, 2, 3, 3, NULL, NULL, NULL, 'd6cc7b94-d34a-40cf-a59c-d1a861bf0970.jpg'),
(366, 'NE00729', 'ABDOULKARIM', 'ALI', NULL, '2017-06-11', NULL, NULL, 130, 2, 12, 3, 2, 3, 3, NULL, NULL, NULL, 'd6cc7b94-d34a-40cf-a59c-d1a861bf0970.jpg'),
(367, 'TC0012', 'Armel', 'Kadje', NULL, '2017-06-11', NULL, NULL, 18, 2, 12, 3, 2, 3, 3, NULL, NULL, NULL, 'd6cc7b94-d34a-40cf-a59c-d1a861bf0970.jpg'),
(368, 'BJ00043', 'ADAMNE', 'Bertin', NULL, '2017-06-26', NULL, NULL, 14, 2, 12, 3, 2, 3, 3, NULL, NULL, NULL, 'd6cc7b94-d34a-40cf-a59c-d1a861bf0970.jpg'),
(369, 'TG00032', 'AKAKPO AGBAN', 'Alban', NULL, '2017-06-26', NULL, NULL, 15, 2, 12, 3, 2, 3, 3, NULL, NULL, NULL, 'd6cc7b94-d34a-40cf-a59c-d1a861bf0970.jpg'),
(370, 'BF00421', 'BADINI', 'Adama', NULL, '2017-06-26', NULL, NULL, 20, 2, 12, 3, 2, 3, 3, NULL, NULL, NULL, 'd6cc7b94-d34a-40cf-a59c-d1a861bf0970.jpg'),
(371, 'NE00714', 'CHEFOU', 'IDI', NULL, '2017-06-26', NULL, NULL, 55, 2, 12, 3, 2, 3, 3, NULL, NULL, NULL, 'd6cc7b94-d34a-40cf-a59c-d1a861bf0970.jpg'),
(372, 'NE00729', 'ABDOULKARIM', 'ALI', NULL, '2017-06-11', NULL, NULL, 130, 2, 12, 3, 2, 3, 3, NULL, NULL, NULL, 'd6cc7b94-d34a-40cf-a59c-d1a861bf0970.jpg'),
(373, 'TC0012', 'Armel', 'Kadje', NULL, '2017-06-11', NULL, NULL, 18, 2, 12, 3, 2, 3, 3, NULL, NULL, NULL, 'd6cc7b94-d34a-40cf-a59c-d1a861bf0970.jpg'),
(374, 'BJ00043', 'ADAMNE', 'Bertin', NULL, '2017-06-26', NULL, NULL, 14, 2, 12, 3, 2, 3, 3, NULL, NULL, NULL, 'd6cc7b94-d34a-40cf-a59c-d1a861bf0970.jpg'),
(375, 'TG00032', 'AKAKPO AGBAN', 'Alban', NULL, '2017-06-26', NULL, NULL, 15, 2, 12, 3, 2, 3, 3, NULL, NULL, NULL, 'd6cc7b94-d34a-40cf-a59c-d1a861bf0970.jpg'),
(376, 'BF00421', 'BADINI', 'Adama', NULL, '2017-06-26', NULL, NULL, 20, 2, 12, 3, 2, 3, 3, NULL, NULL, NULL, 'd6cc7b94-d34a-40cf-a59c-d1a861bf0970.jpg'),
(377, 'NE00714', 'CHEFOU', 'IDI', NULL, '2017-06-26', NULL, NULL, 55, 2, 12, 3, 2, 3, 3, NULL, NULL, NULL, 'd6cc7b94-d34a-40cf-a59c-d1a861bf0970.jpg'),
(378, 'NE00729', 'ABDOULKARIM', 'ALI', NULL, '2017-06-11', NULL, NULL, 130, 2, 12, 3, 2, 3, 3, NULL, NULL, NULL, 'd6cc7b94-d34a-40cf-a59c-d1a861bf0970.jpg'),
(379, 'TC0012', 'Armel', 'Kadje', NULL, '2017-06-11', NULL, NULL, 18, 2, 12, 3, 2, 3, 3, NULL, NULL, NULL, 'd6cc7b94-d34a-40cf-a59c-d1a861bf0970.jpg'),
(380, 'BJ00043', 'ADAMNE', 'Bertin', NULL, '2017-06-26', NULL, NULL, 14, 2, 12, 3, 2, 3, 3, NULL, NULL, NULL, 'd6cc7b94-d34a-40cf-a59c-d1a861bf0970.jpg'),
(381, 'TG00032', 'AKAKPO AGBAN', 'Alban', NULL, '2017-06-26', NULL, NULL, 15, 2, 12, 3, 2, 3, 3, NULL, NULL, NULL, 'd6cc7b94-d34a-40cf-a59c-d1a861bf0970.jpg'),
(382, 'BF00421', 'BADINI', 'Adama', NULL, '2017-06-26', NULL, NULL, 20, 2, 12, 3, 2, 3, 3, NULL, NULL, NULL, 'd6cc7b94-d34a-40cf-a59c-d1a861bf0970.jpg'),
(383, 'NE00714', 'CHEFOU', 'IDI', NULL, '2017-06-26', NULL, NULL, 55, 2, 12, 3, 2, 3, 3, NULL, NULL, NULL, 'd6cc7b94-d34a-40cf-a59c-d1a861bf0970.jpg'),
(384, 'NE00729', 'ABDOULKARIM', 'ALI', NULL, '2017-06-11', NULL, NULL, 130, 2, 12, 3, 2, 3, 3, NULL, NULL, NULL, 'd6cc7b94-d34a-40cf-a59c-d1a861bf0970.jpg'),
(385, 'TC0012', 'Armel', 'Kadje', NULL, '2017-06-11', NULL, NULL, 18, 2, 12, 3, 2, 3, 3, NULL, NULL, NULL, 'd6cc7b94-d34a-40cf-a59c-d1a861bf0970.jpg'),
(386, 'BJ00043', 'ADAMNE', 'Bertin', NULL, '2017-06-26', NULL, NULL, 14, 2, 12, 3, 2, 3, 3, NULL, NULL, NULL, 'd6cc7b94-d34a-40cf-a59c-d1a861bf0970.jpg'),
(387, 'TG00032', 'AKAKPO AGBAN', 'Alban', NULL, '2017-06-26', NULL, NULL, 15, 2, 12, 3, 2, 3, 3, NULL, NULL, NULL, 'd6cc7b94-d34a-40cf-a59c-d1a861bf0970.jpg'),
(388, 'BF00421', 'BADINI', 'Adama', NULL, '2017-06-26', NULL, NULL, 20, 2, 12, 3, 2, 3, 3, NULL, NULL, NULL, 'd6cc7b94-d34a-40cf-a59c-d1a861bf0970.jpg'),
(389, 'NE00714', 'CHEFOU', 'IDI', NULL, '2017-06-26', NULL, NULL, 55, 2, 12, 3, 2, 3, 3, NULL, NULL, NULL, 'd6cc7b94-d34a-40cf-a59c-d1a861bf0970.jpg'),
(390, 'NE00729', 'ABDOULKARIM', 'ALI', NULL, '2017-06-11', NULL, NULL, 130, 2, 12, 3, 2, 3, 3, NULL, NULL, NULL, 'd6cc7b94-d34a-40cf-a59c-d1a861bf0970.jpg'),
(391, 'TC0012', 'Armel', 'Kadje', NULL, '2017-06-11', NULL, NULL, 18, 2, 12, 3, 2, 3, 3, NULL, NULL, NULL, 'd6cc7b94-d34a-40cf-a59c-d1a861bf0970.jpg'),
(392, 'BJ00043', 'ADAMNE', 'Bertin', NULL, '2017-06-26', NULL, NULL, 14, 2, 12, 3, 2, 3, 3, NULL, NULL, NULL, 'd6cc7b94-d34a-40cf-a59c-d1a861bf0970.jpg'),
(393, 'TG00032', 'AKAKPO AGBAN', 'Alban', NULL, '2017-06-26', NULL, NULL, 15, 2, 12, 3, 2, 3, 3, NULL, NULL, NULL, 'd6cc7b94-d34a-40cf-a59c-d1a861bf0970.jpg'),
(394, 'BF00421', 'BADINI', 'Adama', NULL, '2017-06-26', NULL, NULL, 20, 2, 12, 3, 2, 3, 3, NULL, NULL, NULL, 'd6cc7b94-d34a-40cf-a59c-d1a861bf0970.jpg'),
(395, 'NE00714', 'CHEFOU', 'IDI', NULL, '2017-06-26', NULL, NULL, 55, 2, 12, 3, 2, 3, 3, NULL, NULL, NULL, 'd6cc7b94-d34a-40cf-a59c-d1a861bf0970.jpg'),
(396, 'NE00729', 'ABDOULKARIM', 'ALI', NULL, '2017-06-11', NULL, NULL, 130, 2, 12, 3, 2, 3, 3, NULL, NULL, NULL, 'd6cc7b94-d34a-40cf-a59c-d1a861bf0970.jpg'),
(397, 'TC0012', 'Armel', 'Kadje', NULL, '2017-06-11', NULL, NULL, 18, 2, 12, 3, 2, 3, 3, NULL, NULL, NULL, 'd6cc7b94-d34a-40cf-a59c-d1a861bf0970.jpg'),
(398, 'BJ00043', 'ADAMNE', 'Bertin', NULL, '2017-06-26', NULL, NULL, 14, 2, 12, 3, 2, 3, 3, NULL, NULL, NULL, 'd6cc7b94-d34a-40cf-a59c-d1a861bf0970.jpg'),
(399, 'TG00032', 'AKAKPO AGBAN', 'Alban', NULL, '2017-06-26', NULL, NULL, 15, 2, 12, 3, 2, 3, 3, NULL, NULL, NULL, 'd6cc7b94-d34a-40cf-a59c-d1a861bf0970.jpg'),
(400, 'BF00421', 'BADINI', 'Adama', NULL, '2017-06-26', NULL, NULL, 20, 2, 12, 3, 2, 3, 3, NULL, NULL, NULL, 'd6cc7b94-d34a-40cf-a59c-d1a861bf0970.jpg'),
(401, 'NE00714', 'CHEFOU', 'IDI', NULL, '2017-06-26', NULL, NULL, 55, 2, 12, 3, 2, 3, 3, NULL, NULL, NULL, 'd6cc7b94-d34a-40cf-a59c-d1a861bf0970.jpg');
INSERT INTO `personnes` (`IDPERSONNE`, `MATRICULE`, `NOM`, `PRENOM`, `AUTRENOM`, `DATENAISS`, `TELEPHONE`, `EMAIL`, `PAYS`, `GROUPE`, `SOCIETE`, `SECTION`, `CONTRAT`, `AMBITION`, `LANGUE`, `DATECONTRAT`, `MEMO`, `POTENTIEL`, `PHOTO`) VALUES
(402, 'NE00729', 'ABDOULKARIM', 'ALI', NULL, '2017-06-11', NULL, NULL, 130, 2, 12, 3, 2, 3, 3, NULL, NULL, NULL, 'd6cc7b94-d34a-40cf-a59c-d1a861bf0970.jpg'),
(403, 'TC0012', 'Armel', 'Kadje', NULL, '2017-06-11', NULL, NULL, 18, 2, 12, 3, 2, 3, 3, NULL, NULL, NULL, 'd6cc7b94-d34a-40cf-a59c-d1a861bf0970.jpg'),
(404, 'BJ00043', 'ADAMNE', 'Bertin', NULL, '2017-06-26', NULL, NULL, 14, 2, 12, 3, 2, 3, 3, NULL, NULL, NULL, 'd6cc7b94-d34a-40cf-a59c-d1a861bf0970.jpg'),
(405, 'TG00032', 'AKAKPO AGBAN', 'Alban', NULL, '2017-06-26', NULL, NULL, 15, 2, 12, 3, 2, 3, 3, NULL, NULL, NULL, 'd6cc7b94-d34a-40cf-a59c-d1a861bf0970.jpg'),
(406, 'BF00421', 'BADINI', 'Adama', NULL, '2017-06-26', NULL, NULL, 20, 2, 12, 3, 2, 3, 3, NULL, NULL, NULL, 'd6cc7b94-d34a-40cf-a59c-d1a861bf0970.jpg'),
(407, 'NE00714', 'CHEFOU', 'IDI', NULL, '2017-06-26', NULL, NULL, 55, 2, 12, 3, 2, 3, 3, NULL, NULL, NULL, 'd6cc7b94-d34a-40cf-a59c-d1a861bf0970.jpg'),
(408, 'NE00729', 'ABDOULKARIM', 'ALI', NULL, '2017-06-11', NULL, NULL, 130, 2, 12, 3, 2, 3, 3, NULL, NULL, NULL, 'd6cc7b94-d34a-40cf-a59c-d1a861bf0970.jpg'),
(409, 'TC0012', 'Armel', 'Kadje', NULL, '2017-06-11', NULL, NULL, 18, 2, 12, 3, 2, 3, 3, NULL, NULL, NULL, 'd6cc7b94-d34a-40cf-a59c-d1a861bf0970.jpg'),
(410, 'BJ00043', 'ADAMNE', 'Bertin', NULL, '2017-06-26', NULL, NULL, 14, 2, 12, 3, 2, 3, 3, NULL, NULL, NULL, 'd6cc7b94-d34a-40cf-a59c-d1a861bf0970.jpg'),
(411, 'TG00032', 'AKAKPO AGBAN', 'Alban', NULL, '2017-06-26', NULL, NULL, 15, 2, 12, 3, 2, 3, 3, NULL, NULL, NULL, 'd6cc7b94-d34a-40cf-a59c-d1a861bf0970.jpg'),
(412, 'BF00421', 'BADINI', 'Adama', NULL, '2017-06-26', NULL, NULL, 20, 2, 12, 3, 2, 3, 3, NULL, NULL, NULL, 'd6cc7b94-d34a-40cf-a59c-d1a861bf0970.jpg'),
(413, 'NE00714', 'CHEFOU', 'IDI', NULL, '2017-06-26', NULL, NULL, 55, 2, 12, 3, 2, 3, 3, NULL, NULL, NULL, 'd6cc7b94-d34a-40cf-a59c-d1a861bf0970.jpg'),
(414, 'NE00729', 'ABDOULKARIM', 'ALI', NULL, '2017-06-11', NULL, NULL, 130, 2, 12, 3, 2, 3, 3, NULL, NULL, NULL, 'd6cc7b94-d34a-40cf-a59c-d1a861bf0970.jpg'),
(415, 'TC0012', 'Armel', 'Kadje', NULL, '2017-06-11', NULL, NULL, 18, 2, 12, 3, 2, 3, 3, NULL, NULL, NULL, 'd6cc7b94-d34a-40cf-a59c-d1a861bf0970.jpg'),
(416, 'BJ00043', 'ADAMNE', 'Bertin', NULL, '2017-06-26', NULL, NULL, 14, 2, 12, 3, 2, 3, 3, NULL, NULL, NULL, 'd6cc7b94-d34a-40cf-a59c-d1a861bf0970.jpg'),
(417, 'TG00032', 'AKAKPO AGBAN', 'Alban', NULL, '2017-06-26', NULL, NULL, 15, 2, 12, 3, 2, 3, 3, NULL, NULL, NULL, 'd6cc7b94-d34a-40cf-a59c-d1a861bf0970.jpg'),
(418, 'BF00421', 'BADINI', 'Adama', NULL, '2017-06-26', NULL, NULL, 20, 2, 12, 3, 2, 3, 3, NULL, NULL, NULL, 'd6cc7b94-d34a-40cf-a59c-d1a861bf0970.jpg'),
(419, 'NE00714', 'CHEFOU', 'IDI', NULL, '2017-06-26', NULL, NULL, 55, 2, 12, 3, 2, 3, 3, NULL, NULL, NULL, 'd6cc7b94-d34a-40cf-a59c-d1a861bf0970.jpg'),
(420, 'NE00729', 'ABDOULKARIM', 'ALI', NULL, '2017-06-11', NULL, NULL, 130, 2, 12, 3, 2, 3, 3, NULL, NULL, NULL, 'd6cc7b94-d34a-40cf-a59c-d1a861bf0970.jpg'),
(421, 'TC0012', 'Armel', 'Kadje', NULL, '2017-06-11', NULL, NULL, 18, 2, 12, 3, 2, 3, 3, NULL, NULL, NULL, 'd6cc7b94-d34a-40cf-a59c-d1a861bf0970.jpg'),
(422, 'BJ00043', 'ADAMNE', 'Bertin', NULL, '2017-06-26', NULL, NULL, 14, 2, 12, 3, 2, 3, 3, NULL, NULL, NULL, 'd6cc7b94-d34a-40cf-a59c-d1a861bf0970.jpg'),
(423, 'TG00032', 'AKAKPO AGBAN', 'Alban', NULL, '2017-06-26', NULL, NULL, 15, 2, 12, 3, 2, 3, 3, NULL, NULL, NULL, 'd6cc7b94-d34a-40cf-a59c-d1a861bf0970.jpg'),
(424, 'BF00421', 'BADINI', 'Adama', NULL, '2017-06-26', NULL, NULL, 20, 2, 12, 3, 2, 3, 3, NULL, NULL, NULL, 'd6cc7b94-d34a-40cf-a59c-d1a861bf0970.jpg'),
(425, 'NE00714', 'CHEFOU', 'IDI', NULL, '2017-06-26', NULL, NULL, 55, 2, 12, 3, 2, 3, 3, NULL, NULL, NULL, 'd6cc7b94-d34a-40cf-a59c-d1a861bf0970.jpg'),
(426, 'NE00729', 'ABDOULKARIM', 'ALI', NULL, '2017-06-11', NULL, NULL, 130, 2, 12, 3, 2, 3, 3, NULL, NULL, NULL, 'd6cc7b94-d34a-40cf-a59c-d1a861bf0970.jpg'),
(427, 'TC0012', 'Armel', 'Kadje', NULL, '2017-06-11', NULL, NULL, 18, 2, 12, 3, 2, 3, 3, NULL, NULL, NULL, 'd6cc7b94-d34a-40cf-a59c-d1a861bf0970.jpg'),
(428, 'BJ00043', 'ADAMNE', 'Bertin', NULL, '2017-06-26', NULL, NULL, 14, 2, 12, 3, 2, 3, 3, NULL, NULL, NULL, 'd6cc7b94-d34a-40cf-a59c-d1a861bf0970.jpg'),
(429, 'TG00032', 'AKAKPO AGBAN', 'Alban', NULL, '2017-06-26', NULL, NULL, 15, 2, 12, 3, 2, 3, 3, NULL, NULL, NULL, 'd6cc7b94-d34a-40cf-a59c-d1a861bf0970.jpg'),
(430, 'BF00421', 'BADINI', 'Adama', NULL, '2017-06-26', NULL, NULL, 20, 2, 12, 3, 2, 3, 3, NULL, NULL, NULL, 'd6cc7b94-d34a-40cf-a59c-d1a861bf0970.jpg'),
(431, 'NE00714', 'CHEFOU', 'IDI', NULL, '2017-06-26', NULL, NULL, 55, 2, 12, 3, 2, 3, 3, NULL, NULL, NULL, 'd6cc7b94-d34a-40cf-a59c-d1a861bf0970.jpg'),
(432, 'NE00729', 'ABDOULKARIM', 'ALI', NULL, '2017-06-11', NULL, NULL, 130, 2, 12, 3, 2, 3, 3, NULL, NULL, NULL, 'd6cc7b94-d34a-40cf-a59c-d1a861bf0970.jpg'),
(433, 'TC0012', 'Armel', 'Kadje', NULL, '2017-06-11', NULL, NULL, 18, 2, 12, 3, 2, 3, 3, NULL, NULL, NULL, 'd6cc7b94-d34a-40cf-a59c-d1a861bf0970.jpg'),
(434, 'BJ00043', 'ADAMNE', 'Bertin', NULL, '2017-06-26', NULL, NULL, 14, 2, 12, 3, 2, 3, 3, NULL, NULL, NULL, 'd6cc7b94-d34a-40cf-a59c-d1a861bf0970.jpg'),
(435, 'TG00032', 'AKAKPO AGBAN', 'Alban', NULL, '2017-06-26', NULL, NULL, 15, 2, 12, 3, 2, 3, 3, NULL, NULL, NULL, 'd6cc7b94-d34a-40cf-a59c-d1a861bf0970.jpg'),
(436, 'BF00421', 'BADINI', 'Adama', NULL, '2017-06-26', NULL, NULL, 20, 2, 12, 3, 2, 3, 3, NULL, NULL, NULL, 'd6cc7b94-d34a-40cf-a59c-d1a861bf0970.jpg'),
(437, 'NE00714', 'CHEFOU', 'IDI', NULL, '2017-06-26', NULL, NULL, 55, 2, 12, 3, 2, 3, 3, NULL, NULL, NULL, 'd6cc7b94-d34a-40cf-a59c-d1a861bf0970.jpg'),
(438, 'NE00729', 'ABDOULKARIM', 'ALI', NULL, '2017-06-11', NULL, NULL, 130, 2, 12, 3, 2, 3, 3, NULL, NULL, NULL, 'd6cc7b94-d34a-40cf-a59c-d1a861bf0970.jpg'),
(439, 'TC0012', 'Armel', 'Kadje', NULL, '2017-06-11', NULL, NULL, 18, 2, 12, 3, 2, 3, 3, NULL, NULL, NULL, 'd6cc7b94-d34a-40cf-a59c-d1a861bf0970.jpg'),
(440, 'BJ00043', 'ADAMNE', 'Bertin', NULL, '2017-06-26', NULL, NULL, 14, 2, 12, 3, 2, 3, 3, NULL, NULL, NULL, 'd6cc7b94-d34a-40cf-a59c-d1a861bf0970.jpg'),
(441, 'TG00032', 'AKAKPO AGBAN', 'Alban', NULL, '2017-06-26', NULL, NULL, 15, 2, 12, 3, 2, 3, 3, NULL, NULL, NULL, 'd6cc7b94-d34a-40cf-a59c-d1a861bf0970.jpg'),
(442, 'BF00421', 'BADINI', 'Adama', NULL, '2017-06-26', NULL, NULL, 20, 2, 12, 3, 2, 3, 3, NULL, NULL, NULL, 'd6cc7b94-d34a-40cf-a59c-d1a861bf0970.jpg'),
(443, 'NE00714', 'CHEFOU', 'IDI', NULL, '2017-06-26', NULL, NULL, 55, 2, 12, 3, 2, 3, 3, NULL, NULL, NULL, 'd6cc7b94-d34a-40cf-a59c-d1a861bf0970.jpg'),
(507, 'NE00729', 'ABDOULKARIM', 'ALI', NULL, '2017-06-11', NULL, NULL, 130, 2, 12, 3, 2, 3, 3, NULL, NULL, NULL, 'd6cc7b94-d34a-40cf-a59c-d1a861bf0970.jpg'),
(508, 'TC0012', 'Armel', 'Kadje', NULL, '2017-06-11', NULL, NULL, 18, 2, 12, 3, 2, 3, 3, NULL, NULL, NULL, 'd6cc7b94-d34a-40cf-a59c-d1a861bf0970.jpg'),
(509, 'BJ00043', 'ADAMNE', 'Bertin', NULL, '2017-06-26', NULL, NULL, 14, 2, 12, 3, 2, 3, 3, NULL, NULL, NULL, 'd6cc7b94-d34a-40cf-a59c-d1a861bf0970.jpg'),
(510, 'TG00032', 'AKAKPO AGBAN', 'Alban', NULL, '2017-06-26', NULL, NULL, 15, 2, 12, 3, 2, 3, 3, NULL, NULL, NULL, 'd6cc7b94-d34a-40cf-a59c-d1a861bf0970.jpg'),
(511, 'BF00421', 'BADINI', 'Adama', NULL, '2017-06-26', NULL, NULL, 20, 2, 12, 3, 2, 3, 3, NULL, NULL, NULL, 'd6cc7b94-d34a-40cf-a59c-d1a861bf0970.jpg'),
(512, 'NE00714', 'CHEFOU', 'IDI', NULL, '2017-06-26', NULL, NULL, 55, 2, 12, 3, 2, 3, 3, NULL, NULL, NULL, 'd6cc7b94-d34a-40cf-a59c-d1a861bf0970.jpg'),
(513, 'NE00729', 'ABDOULKARIM', 'ALI', NULL, '2017-06-11', NULL, NULL, 130, 2, 12, 3, 2, 3, 3, NULL, NULL, NULL, 'd6cc7b94-d34a-40cf-a59c-d1a861bf0970.jpg'),
(514, 'TC0012', 'Armel', 'Kadje', NULL, '2017-06-11', NULL, NULL, 18, 2, 12, 3, 2, 3, 3, NULL, NULL, NULL, 'd6cc7b94-d34a-40cf-a59c-d1a861bf0970.jpg'),
(515, 'BJ00043', 'ADAMNE', 'Bertin', NULL, '2017-06-26', NULL, NULL, 14, 2, 12, 3, 2, 3, 3, NULL, NULL, NULL, 'd6cc7b94-d34a-40cf-a59c-d1a861bf0970.jpg'),
(516, 'TG00032', 'AKAKPO AGBAN', 'Alban', NULL, '2017-06-26', NULL, NULL, 15, 2, 12, 3, 2, 3, 3, NULL, NULL, NULL, 'd6cc7b94-d34a-40cf-a59c-d1a861bf0970.jpg'),
(517, 'BF00421', 'BADINI', 'Adama', NULL, '2017-06-26', NULL, NULL, 20, 2, 12, 3, 2, 3, 3, NULL, NULL, NULL, 'd6cc7b94-d34a-40cf-a59c-d1a861bf0970.jpg'),
(518, 'NE00714', 'CHEFOU', 'IDI', NULL, '2017-06-26', NULL, NULL, 55, 2, 12, 3, 2, 3, 3, NULL, NULL, NULL, 'd6cc7b94-d34a-40cf-a59c-d1a861bf0970.jpg'),
(519, 'NE00729', 'ABDOULKARIM', 'ALI', NULL, '2017-06-11', NULL, NULL, 130, 2, 12, 3, 2, 3, 3, NULL, NULL, NULL, 'd6cc7b94-d34a-40cf-a59c-d1a861bf0970.jpg'),
(520, 'TC0012', 'Armel', 'Kadje', NULL, '2017-06-11', NULL, NULL, 18, 2, 12, 3, 2, 3, 3, NULL, NULL, NULL, 'd6cc7b94-d34a-40cf-a59c-d1a861bf0970.jpg'),
(521, 'BJ00043', 'ADAMNE', 'Bertin', NULL, '2017-06-26', NULL, NULL, 14, 2, 12, 3, 2, 3, 3, NULL, NULL, NULL, 'd6cc7b94-d34a-40cf-a59c-d1a861bf0970.jpg'),
(522, 'TG00032', 'AKAKPO AGBAN', 'Alban', NULL, '2017-06-26', NULL, NULL, 15, 2, 12, 3, 2, 3, 3, NULL, NULL, NULL, 'd6cc7b94-d34a-40cf-a59c-d1a861bf0970.jpg'),
(523, 'BF00421', 'BADINI', 'Adama', NULL, '2017-06-26', NULL, NULL, 20, 2, 12, 3, 2, 3, 3, NULL, NULL, NULL, 'd6cc7b94-d34a-40cf-a59c-d1a861bf0970.jpg'),
(524, 'NE00714', 'CHEFOU', 'IDI', NULL, '2017-06-26', NULL, NULL, 55, 2, 12, 3, 2, 3, 3, NULL, NULL, NULL, 'd6cc7b94-d34a-40cf-a59c-d1a861bf0970.jpg'),
(525, 'NE00729', 'ABDOULKARIM', 'ALI', NULL, '2017-06-11', NULL, NULL, 130, 2, 12, 3, 2, 3, 3, NULL, NULL, NULL, 'd6cc7b94-d34a-40cf-a59c-d1a861bf0970.jpg'),
(526, 'TC0012', 'Armel', 'Kadje', NULL, '2017-06-11', NULL, NULL, 18, 2, 12, 3, 2, 3, 3, NULL, NULL, NULL, 'd6cc7b94-d34a-40cf-a59c-d1a861bf0970.jpg'),
(527, 'BJ00043', 'ADAMNE', 'Bertin', NULL, '2017-06-26', NULL, NULL, 14, 2, 12, 3, 2, 3, 3, NULL, NULL, NULL, 'd6cc7b94-d34a-40cf-a59c-d1a861bf0970.jpg'),
(528, 'TG00032', 'AKAKPO AGBAN', 'Alban', NULL, '2017-06-26', NULL, NULL, 15, 2, 12, 3, 2, 3, 3, NULL, NULL, NULL, 'd6cc7b94-d34a-40cf-a59c-d1a861bf0970.jpg'),
(529, 'BF00421', 'BADINI', 'Adama', NULL, '2017-06-26', NULL, NULL, 20, 2, 12, 3, 2, 3, 3, NULL, NULL, NULL, 'd6cc7b94-d34a-40cf-a59c-d1a861bf0970.jpg'),
(530, 'NE00714', 'CHEFOU', 'IDI', NULL, '2017-06-26', NULL, NULL, 55, 2, 12, 3, 2, 3, 3, NULL, NULL, NULL, 'd6cc7b94-d34a-40cf-a59c-d1a861bf0970.jpg'),
(531, 'NE00729', 'ABDOULKARIM', 'ALI', NULL, '2017-06-11', NULL, NULL, 130, 2, 12, 3, 2, 3, 3, NULL, NULL, NULL, 'd6cc7b94-d34a-40cf-a59c-d1a861bf0970.jpg'),
(532, 'TC0012', 'Armel', 'Kadje', NULL, '2017-06-11', NULL, NULL, 18, 2, 12, 3, 2, 3, 3, NULL, NULL, NULL, 'd6cc7b94-d34a-40cf-a59c-d1a861bf0970.jpg'),
(533, 'BJ00043', 'ADAMNE', 'Bertin', NULL, '2017-06-26', NULL, NULL, 14, 2, 12, 3, 2, 3, 3, NULL, NULL, NULL, 'd6cc7b94-d34a-40cf-a59c-d1a861bf0970.jpg'),
(534, 'TG00032', 'AKAKPO AGBAN', 'Alban', NULL, '2017-06-26', NULL, NULL, 15, 2, 12, 3, 2, 3, 3, NULL, NULL, NULL, 'd6cc7b94-d34a-40cf-a59c-d1a861bf0970.jpg'),
(535, 'BF00421', 'BADINI', 'Adama', NULL, '2017-06-26', NULL, NULL, 20, 2, 12, 3, 2, 3, 3, NULL, NULL, NULL, 'd6cc7b94-d34a-40cf-a59c-d1a861bf0970.jpg'),
(536, 'NE00714', 'CHEFOU', 'IDI', NULL, '2017-06-26', NULL, NULL, 55, 2, 12, 3, 2, 3, 3, NULL, NULL, NULL, 'd6cc7b94-d34a-40cf-a59c-d1a861bf0970.jpg'),
(537, 'NE00729', 'ABDOULKARIM', 'ALI', NULL, '2017-06-11', NULL, NULL, 130, 2, 12, 3, 2, 3, 3, NULL, NULL, NULL, 'd6cc7b94-d34a-40cf-a59c-d1a861bf0970.jpg'),
(538, 'TC0012', 'Armel', 'Kadje', NULL, '2017-06-11', NULL, NULL, 18, 2, 12, 3, 2, 3, 3, NULL, NULL, NULL, 'd6cc7b94-d34a-40cf-a59c-d1a861bf0970.jpg'),
(539, 'BJ00043', 'ADAMNE', 'Bertin', NULL, '2017-06-26', NULL, NULL, 14, 2, 12, 3, 2, 3, 3, NULL, NULL, NULL, 'd6cc7b94-d34a-40cf-a59c-d1a861bf0970.jpg'),
(540, 'TG00032', 'AKAKPO AGBAN', 'Alban', NULL, '2017-06-26', NULL, NULL, 15, 2, 12, 3, 2, 3, 3, NULL, NULL, NULL, 'd6cc7b94-d34a-40cf-a59c-d1a861bf0970.jpg'),
(541, 'BF00421', 'BADINI', 'Adama', NULL, '2017-06-26', NULL, NULL, 20, 2, 12, 3, 2, 3, 3, NULL, NULL, NULL, 'd6cc7b94-d34a-40cf-a59c-d1a861bf0970.jpg'),
(542, 'NE00714', 'CHEFOU', 'IDI', NULL, '2017-06-26', NULL, NULL, 55, 2, 12, 3, 2, 3, 3, NULL, NULL, NULL, 'd6cc7b94-d34a-40cf-a59c-d1a861bf0970.jpg'),
(543, 'NE00729', 'ABDOULKARIM', 'ALI', NULL, '2017-06-11', NULL, NULL, 130, 2, 12, 3, 2, 3, 3, NULL, NULL, NULL, 'd6cc7b94-d34a-40cf-a59c-d1a861bf0970.jpg'),
(544, 'TC0012', 'Armel', 'Kadje', NULL, '2017-06-11', NULL, NULL, 18, 2, 12, 3, 2, 3, 3, NULL, NULL, NULL, 'd6cc7b94-d34a-40cf-a59c-d1a861bf0970.jpg'),
(545, 'BJ00043', 'ADAMNE', 'Bertin', NULL, '2017-06-26', NULL, NULL, 14, 2, 12, 3, 2, 3, 3, NULL, NULL, NULL, 'd6cc7b94-d34a-40cf-a59c-d1a861bf0970.jpg'),
(546, 'TG00032', 'AKAKPO AGBAN', 'Alban', NULL, '2017-06-26', NULL, NULL, 15, 2, 12, 3, 2, 3, 3, NULL, NULL, NULL, 'd6cc7b94-d34a-40cf-a59c-d1a861bf0970.jpg'),
(547, 'BF00421', 'BADINI', 'Adama', NULL, '2017-06-26', NULL, NULL, 20, 2, 12, 3, 2, 3, 3, NULL, NULL, NULL, 'd6cc7b94-d34a-40cf-a59c-d1a861bf0970.jpg'),
(548, 'NE00714', 'CHEFOU', 'IDI', NULL, '2017-06-26', NULL, NULL, 55, 2, 12, 3, 2, 3, 3, NULL, NULL, NULL, 'd6cc7b94-d34a-40cf-a59c-d1a861bf0970.jpg'),
(549, 'NE00729', 'ABDOULKARIM', 'ALI', NULL, '2017-06-11', NULL, NULL, 130, 2, 12, 3, 2, 3, 3, NULL, NULL, NULL, 'd6cc7b94-d34a-40cf-a59c-d1a861bf0970.jpg'),
(550, 'TC0012', 'Armel', 'Kadje', NULL, '2017-06-11', NULL, NULL, 18, 2, 12, 3, 2, 3, 3, NULL, NULL, NULL, 'd6cc7b94-d34a-40cf-a59c-d1a861bf0970.jpg'),
(551, 'BJ00043', 'ADAMNE', 'Bertin', NULL, '2017-06-26', NULL, NULL, 14, 2, 12, 3, 2, 3, 3, NULL, NULL, NULL, 'd6cc7b94-d34a-40cf-a59c-d1a861bf0970.jpg'),
(552, 'TG00032', 'AKAKPO AGBAN', 'Alban', NULL, '2017-06-26', NULL, NULL, 15, 2, 12, 3, 2, 3, 3, NULL, NULL, NULL, 'd6cc7b94-d34a-40cf-a59c-d1a861bf0970.jpg'),
(553, 'BF00421', 'BADINI', 'Adama', NULL, '2017-06-26', NULL, NULL, 20, 2, 12, 3, 2, 3, 3, NULL, NULL, NULL, 'd6cc7b94-d34a-40cf-a59c-d1a861bf0970.jpg'),
(554, 'NE00714', 'CHEFOU', 'IDI', NULL, '2017-06-26', NULL, NULL, 55, 2, 12, 3, 2, 3, 3, NULL, NULL, NULL, 'd6cc7b94-d34a-40cf-a59c-d1a861bf0970.jpg'),
(555, 'NE00729', 'ABDOULKARIM', 'ALI', NULL, '2017-06-11', NULL, NULL, 130, 2, 12, 3, 2, 3, 3, NULL, NULL, NULL, 'd6cc7b94-d34a-40cf-a59c-d1a861bf0970.jpg'),
(556, 'TC0012', 'Armel', 'Kadje', NULL, '2017-06-11', NULL, NULL, 18, 2, 12, 3, 2, 3, 3, NULL, NULL, NULL, 'd6cc7b94-d34a-40cf-a59c-d1a861bf0970.jpg'),
(557, 'BJ00043', 'ADAMNE', 'Bertin', NULL, '2017-06-26', NULL, NULL, 14, 2, 12, 3, 2, 3, 3, NULL, NULL, NULL, 'd6cc7b94-d34a-40cf-a59c-d1a861bf0970.jpg'),
(558, 'TG00032', 'AKAKPO AGBAN', 'Alban', NULL, '2017-06-26', NULL, NULL, 15, 2, 12, 3, 2, 3, 3, NULL, NULL, NULL, 'd6cc7b94-d34a-40cf-a59c-d1a861bf0970.jpg'),
(559, 'BF00421', 'BADINI', 'Adama', NULL, '2017-06-26', NULL, NULL, 20, 2, 12, 3, 2, 3, 3, NULL, NULL, NULL, 'd6cc7b94-d34a-40cf-a59c-d1a861bf0970.jpg'),
(560, 'NE00714', 'CHEFOU', 'IDI', NULL, '2017-06-26', NULL, NULL, 55, 2, 12, 3, 2, 3, 3, NULL, NULL, NULL, 'd6cc7b94-d34a-40cf-a59c-d1a861bf0970.jpg'),
(561, 'NE00729', 'ABDOULKARIM', 'ALI', NULL, '2017-06-11', NULL, NULL, 130, 2, 12, 3, 2, 3, 3, NULL, NULL, NULL, 'd6cc7b94-d34a-40cf-a59c-d1a861bf0970.jpg'),
(562, 'TC0012', 'Armel', 'Kadje', NULL, '2017-06-11', NULL, NULL, 18, 2, 12, 3, 2, 3, 3, NULL, NULL, NULL, 'd6cc7b94-d34a-40cf-a59c-d1a861bf0970.jpg'),
(563, 'BJ00043', 'ADAMNE', 'Bertin', NULL, '2017-06-26', NULL, NULL, 14, 2, 12, 3, 2, 3, 3, NULL, NULL, NULL, 'd6cc7b94-d34a-40cf-a59c-d1a861bf0970.jpg'),
(564, 'TG00032', 'AKAKPO AGBAN', 'Alban', NULL, '2017-06-26', NULL, NULL, 15, 2, 12, 3, 2, 3, 3, NULL, NULL, NULL, 'd6cc7b94-d34a-40cf-a59c-d1a861bf0970.jpg'),
(565, 'BF00421', 'BADINI', 'Adama', NULL, '2017-06-26', NULL, NULL, 20, 2, 12, 3, 2, 3, 3, NULL, NULL, NULL, 'd6cc7b94-d34a-40cf-a59c-d1a861bf0970.jpg'),
(566, 'NE00714', 'CHEFOU', 'IDI', NULL, '2017-06-26', NULL, NULL, 55, 2, 12, 3, 2, 3, 3, NULL, NULL, NULL, 'd6cc7b94-d34a-40cf-a59c-d1a861bf0970.jpg'),
(567, 'NE00729', 'ABDOULKARIM', 'ALI', NULL, '2017-06-11', NULL, NULL, 130, 2, 12, 3, 2, 3, 3, NULL, NULL, NULL, 'd6cc7b94-d34a-40cf-a59c-d1a861bf0970.jpg'),
(568, 'TC0012', 'Armel', 'Kadje', NULL, '2017-06-11', NULL, NULL, 18, 2, 12, 3, 2, 3, 3, NULL, NULL, NULL, 'd6cc7b94-d34a-40cf-a59c-d1a861bf0970.jpg'),
(569, 'BJ00043', 'ADAMNE', 'Bertin', NULL, '2017-06-26', NULL, NULL, 14, 2, 12, 3, 2, 3, 3, NULL, NULL, NULL, 'd6cc7b94-d34a-40cf-a59c-d1a861bf0970.jpg'),
(570, 'TG00032', 'AKAKPO AGBAN', 'Alban', NULL, '2017-06-26', NULL, NULL, 15, 2, 12, 3, 2, 3, 3, NULL, NULL, NULL, 'd6cc7b94-d34a-40cf-a59c-d1a861bf0970.jpg'),
(571, 'BF00421', 'BADINI', 'Adama', NULL, '2017-06-26', NULL, NULL, 20, 2, 12, 3, 2, 3, 3, NULL, NULL, NULL, 'd6cc7b94-d34a-40cf-a59c-d1a861bf0970.jpg'),
(572, 'NE00714', 'CHEFOU', 'IDI', NULL, '2017-06-26', NULL, NULL, 55, 2, 12, 3, 2, 3, 3, NULL, NULL, NULL, 'd6cc7b94-d34a-40cf-a59c-d1a861bf0970.jpg'),
(573, 'NE00729', 'ABDOULKARIM', 'ALI', NULL, '2017-06-11', NULL, NULL, 130, 2, 12, 3, 2, 3, 3, NULL, NULL, NULL, 'd6cc7b94-d34a-40cf-a59c-d1a861bf0970.jpg'),
(574, 'TC0012', 'Armel', 'Kadje', NULL, '2017-06-11', NULL, NULL, 18, 2, 12, 3, 2, 3, 3, NULL, NULL, NULL, 'd6cc7b94-d34a-40cf-a59c-d1a861bf0970.jpg'),
(575, 'BJ00043', 'ADAMNE', 'Bertin', NULL, '2017-06-26', NULL, NULL, 14, 2, 12, 3, 2, 3, 3, NULL, NULL, NULL, 'd6cc7b94-d34a-40cf-a59c-d1a861bf0970.jpg'),
(576, 'TG00032', 'AKAKPO AGBAN', 'Alban', NULL, '2017-06-26', NULL, NULL, 15, 2, 12, 3, 2, 3, 3, NULL, NULL, NULL, 'd6cc7b94-d34a-40cf-a59c-d1a861bf0970.jpg'),
(577, 'BF00421', 'BADINI', 'Adama', NULL, '2017-06-26', NULL, NULL, 20, 2, 12, 3, 2, 3, 3, NULL, NULL, NULL, 'd6cc7b94-d34a-40cf-a59c-d1a861bf0970.jpg'),
(578, 'NE00714', 'CHEFOU', 'IDI', NULL, '2017-06-26', NULL, NULL, 55, 2, 12, 3, 2, 3, 3, NULL, NULL, NULL, 'd6cc7b94-d34a-40cf-a59c-d1a861bf0970.jpg'),
(579, 'NE00729', 'ABDOULKARIM', 'ALI', NULL, '2017-06-11', NULL, NULL, 130, 2, 12, 3, 2, 3, 3, NULL, NULL, NULL, 'd6cc7b94-d34a-40cf-a59c-d1a861bf0970.jpg'),
(580, 'TC0012', 'Armel', 'Kadje', NULL, '2017-06-11', NULL, NULL, 18, 2, 12, 3, 2, 3, 3, NULL, NULL, NULL, 'd6cc7b94-d34a-40cf-a59c-d1a861bf0970.jpg'),
(581, 'BJ00043', 'ADAMNE', 'Bertin', NULL, '2017-06-26', NULL, NULL, 14, 2, 12, 3, 2, 3, 3, NULL, NULL, NULL, 'd6cc7b94-d34a-40cf-a59c-d1a861bf0970.jpg'),
(582, 'TG00032', 'AKAKPO AGBAN', 'Alban', NULL, '2017-06-26', NULL, NULL, 15, 2, 12, 3, 2, 3, 3, NULL, NULL, NULL, 'd6cc7b94-d34a-40cf-a59c-d1a861bf0970.jpg'),
(583, 'BF00421', 'BADINI', 'Adama', NULL, '2017-06-26', NULL, NULL, 20, 2, 12, 3, 2, 3, 3, NULL, NULL, NULL, 'd6cc7b94-d34a-40cf-a59c-d1a861bf0970.jpg'),
(584, 'NE00714', 'CHEFOU', 'IDI', NULL, '2017-06-26', NULL, NULL, 55, 2, 12, 3, 2, 3, 3, NULL, NULL, NULL, 'd6cc7b94-d34a-40cf-a59c-d1a861bf0970.jpg'),
(585, 'NE00729', 'ABDOULKARIM', 'ALI', NULL, '2017-06-11', NULL, NULL, 130, 2, 12, 3, 2, 3, 3, NULL, NULL, NULL, 'd6cc7b94-d34a-40cf-a59c-d1a861bf0970.jpg'),
(586, 'TC0012', 'Armel', 'Kadje', NULL, '2017-06-11', NULL, NULL, 18, 2, 12, 3, 2, 3, 3, NULL, NULL, NULL, 'd6cc7b94-d34a-40cf-a59c-d1a861bf0970.jpg'),
(587, 'BJ00043', 'ADAMNE', 'Bertin', NULL, '2017-06-26', NULL, NULL, 14, 2, 12, 3, 2, 3, 3, NULL, NULL, NULL, 'd6cc7b94-d34a-40cf-a59c-d1a861bf0970.jpg'),
(588, 'TG00032', 'AKAKPO AGBAN', 'Alban', NULL, '2017-06-26', NULL, NULL, 15, 2, 12, 3, 2, 3, 3, NULL, NULL, NULL, 'd6cc7b94-d34a-40cf-a59c-d1a861bf0970.jpg'),
(589, 'BF00421', 'BADINI', 'Adama', NULL, '2017-06-26', NULL, NULL, 20, 2, 12, 3, 2, 3, 3, NULL, NULL, NULL, 'd6cc7b94-d34a-40cf-a59c-d1a861bf0970.jpg'),
(590, 'NE00714', 'CHEFOU', 'IDI', NULL, '2017-06-26', NULL, NULL, 55, 2, 12, 3, 2, 3, 3, NULL, NULL, NULL, 'd6cc7b94-d34a-40cf-a59c-d1a861bf0970.jpg'),
(591, 'NE00729', 'ABDOULKARIM', 'ALI', NULL, '2017-06-11', NULL, NULL, 130, 2, 12, 3, 2, 3, 3, NULL, NULL, NULL, 'd6cc7b94-d34a-40cf-a59c-d1a861bf0970.jpg'),
(592, 'TC0012', 'Armel', 'Kadje', NULL, '2017-06-11', NULL, NULL, 18, 2, 12, 3, 2, 3, 3, NULL, NULL, NULL, 'd6cc7b94-d34a-40cf-a59c-d1a861bf0970.jpg'),
(593, 'BJ00043', 'ADAMNE', 'Bertin', NULL, '2017-06-26', NULL, NULL, 14, 2, 12, 3, 2, 3, 3, NULL, NULL, NULL, 'd6cc7b94-d34a-40cf-a59c-d1a861bf0970.jpg'),
(594, 'TG00032', 'AKAKPO AGBAN', 'Alban', NULL, '2017-06-26', NULL, NULL, 15, 2, 12, 3, 2, 3, 3, NULL, NULL, NULL, 'd6cc7b94-d34a-40cf-a59c-d1a861bf0970.jpg'),
(595, 'BF00421', 'BADINI', 'Adama', NULL, '2017-06-26', NULL, NULL, 20, 2, 12, 3, 2, 3, 3, NULL, NULL, NULL, 'd6cc7b94-d34a-40cf-a59c-d1a861bf0970.jpg'),
(596, 'NE00714', 'CHEFOU', 'IDI', NULL, '2017-06-26', NULL, NULL, 55, 2, 12, 3, 2, 3, 3, NULL, NULL, NULL, 'd6cc7b94-d34a-40cf-a59c-d1a861bf0970.jpg'),
(597, 'NE00729', 'ABDOULKARIM', 'ALI', NULL, '2017-06-11', NULL, NULL, 130, 2, 12, 3, 2, 3, 3, NULL, NULL, NULL, 'd6cc7b94-d34a-40cf-a59c-d1a861bf0970.jpg'),
(598, 'TC0012', 'Armel', 'Kadje', NULL, '2017-06-11', NULL, NULL, 18, 2, 12, 3, 2, 3, 3, NULL, NULL, NULL, 'd6cc7b94-d34a-40cf-a59c-d1a861bf0970.jpg'),
(599, 'BJ00043', 'ADAMNE', 'Bertin', NULL, '2017-06-26', NULL, NULL, 14, 2, 12, 3, 2, 3, 3, NULL, NULL, NULL, 'd6cc7b94-d34a-40cf-a59c-d1a861bf0970.jpg'),
(600, 'TG00032', 'AKAKPO AGBAN', 'Alban', NULL, '2017-06-26', NULL, NULL, 15, 2, 12, 3, 2, 3, 3, NULL, NULL, NULL, 'd6cc7b94-d34a-40cf-a59c-d1a861bf0970.jpg'),
(601, 'BF00421', 'BADINI', 'Adama', NULL, '2017-06-26', NULL, NULL, 20, 2, 12, 3, 2, 3, 3, NULL, NULL, NULL, 'd6cc7b94-d34a-40cf-a59c-d1a861bf0970.jpg'),
(602, 'NE00714', 'CHEFOU', 'IDI', NULL, '2017-06-26', NULL, NULL, 55, 2, 12, 3, 2, 3, 3, NULL, NULL, NULL, 'd6cc7b94-d34a-40cf-a59c-d1a861bf0970.jpg'),
(603, 'NE00729', 'ABDOULKARIM', 'ALI', NULL, '2017-06-11', NULL, NULL, 130, 2, 12, 3, 2, 3, 3, NULL, NULL, NULL, 'd6cc7b94-d34a-40cf-a59c-d1a861bf0970.jpg'),
(604, 'TC0012', 'Armel', 'Kadje', NULL, '2017-06-11', NULL, NULL, 18, 2, 12, 3, 2, 3, 3, NULL, NULL, NULL, 'd6cc7b94-d34a-40cf-a59c-d1a861bf0970.jpg'),
(605, 'BJ00043', 'ADAMNE', 'Bertin', NULL, '2017-06-26', NULL, NULL, 14, 2, 12, 3, 2, 3, 3, NULL, NULL, NULL, 'd6cc7b94-d34a-40cf-a59c-d1a861bf0970.jpg'),
(606, 'TG00032', 'AKAKPO AGBAN', 'Alban', NULL, '2017-06-26', NULL, NULL, 15, 2, 12, 3, 2, 3, 3, NULL, NULL, NULL, 'd6cc7b94-d34a-40cf-a59c-d1a861bf0970.jpg'),
(607, 'BF00421', 'BADINI', 'Adama', NULL, '2017-06-26', NULL, NULL, 20, 2, 12, 3, 2, 3, 3, NULL, NULL, NULL, 'd6cc7b94-d34a-40cf-a59c-d1a861bf0970.jpg'),
(608, 'NE00714', 'CHEFOU', 'IDI', NULL, '2017-06-26', NULL, NULL, 55, 2, 12, 3, 2, 3, 3, NULL, NULL, NULL, 'd6cc7b94-d34a-40cf-a59c-d1a861bf0970.jpg'),
(609, 'NE00729', 'ABDOULKARIM', 'ALI', NULL, '2017-06-11', NULL, NULL, 130, 2, 12, 3, 2, 3, 3, NULL, NULL, NULL, 'd6cc7b94-d34a-40cf-a59c-d1a861bf0970.jpg'),
(610, 'TC0012', 'Armel', 'Kadje', NULL, '2017-06-11', NULL, NULL, 18, 2, 12, 3, 2, 3, 3, NULL, NULL, NULL, 'd6cc7b94-d34a-40cf-a59c-d1a861bf0970.jpg'),
(611, 'BJ00043', 'ADAMNE', 'Bertin', NULL, '2017-06-26', NULL, NULL, 14, 2, 12, 3, 2, 3, 3, NULL, NULL, NULL, 'd6cc7b94-d34a-40cf-a59c-d1a861bf0970.jpg'),
(612, 'TG00032', 'AKAKPO AGBAN', 'Alban', NULL, '2017-06-26', NULL, NULL, 15, 2, 12, 3, 2, 3, 3, NULL, NULL, NULL, 'd6cc7b94-d34a-40cf-a59c-d1a861bf0970.jpg'),
(613, 'BF00421', 'BADINI', 'Adama', NULL, '2017-06-26', NULL, NULL, 20, 2, 12, 3, 2, 3, 3, NULL, NULL, NULL, 'd6cc7b94-d34a-40cf-a59c-d1a861bf0970.jpg'),
(614, 'NE00714', 'CHEFOU', 'IDI', NULL, '2017-06-26', NULL, NULL, 55, 2, 12, 3, 2, 3, 3, NULL, NULL, NULL, 'd6cc7b94-d34a-40cf-a59c-d1a861bf0970.jpg'),
(615, 'NE00729', 'ABDOULKARIM', 'ALI', NULL, '2017-06-11', NULL, NULL, 130, 2, 12, 3, 2, 3, 3, NULL, NULL, NULL, 'd6cc7b94-d34a-40cf-a59c-d1a861bf0970.jpg'),
(616, 'TC0012', 'Armel', 'Kadje', NULL, '2017-06-11', NULL, NULL, 18, 2, 12, 3, 2, 3, 3, NULL, NULL, NULL, 'd6cc7b94-d34a-40cf-a59c-d1a861bf0970.jpg'),
(617, 'BJ00043', 'ADAMNE', 'Bertin', NULL, '2017-06-26', NULL, NULL, 14, 2, 12, 3, 2, 3, 3, NULL, NULL, NULL, 'd6cc7b94-d34a-40cf-a59c-d1a861bf0970.jpg'),
(618, 'TG00032', 'AKAKPO AGBAN', 'Alban', NULL, '2017-06-26', NULL, NULL, 15, 2, 12, 3, 2, 3, 3, NULL, NULL, NULL, 'd6cc7b94-d34a-40cf-a59c-d1a861bf0970.jpg'),
(619, 'BF00421', 'BADINI', 'Adama', NULL, '2017-06-26', NULL, NULL, 20, 2, 12, 3, 2, 3, 3, NULL, NULL, NULL, 'd6cc7b94-d34a-40cf-a59c-d1a861bf0970.jpg'),
(620, 'NE00714', 'CHEFOU', 'IDI', NULL, '2017-06-26', NULL, NULL, 55, 2, 12, 3, 2, 3, 3, NULL, NULL, NULL, 'd6cc7b94-d34a-40cf-a59c-d1a861bf0970.jpg'),
(621, 'NE00729', 'ABDOULKARIM', 'ALI', NULL, '2017-06-11', NULL, NULL, 130, 2, 12, 3, 2, 3, 3, NULL, NULL, NULL, 'd6cc7b94-d34a-40cf-a59c-d1a861bf0970.jpg'),
(622, 'TC0012', 'Armel', 'Kadje', NULL, '2017-06-11', NULL, NULL, 18, 2, 12, 3, 2, 3, 3, NULL, NULL, NULL, 'd6cc7b94-d34a-40cf-a59c-d1a861bf0970.jpg'),
(623, 'BJ00043', 'ADAMNE', 'Bertin', NULL, '2017-06-26', NULL, NULL, 14, 2, 12, 3, 2, 3, 3, NULL, NULL, NULL, 'd6cc7b94-d34a-40cf-a59c-d1a861bf0970.jpg'),
(624, 'TG00032', 'AKAKPO AGBAN', 'Alban', NULL, '2017-06-26', NULL, NULL, 15, 2, 12, 3, 2, 3, 3, NULL, NULL, NULL, 'd6cc7b94-d34a-40cf-a59c-d1a861bf0970.jpg'),
(625, 'BF00421', 'BADINI', 'Adama', NULL, '2017-06-26', NULL, NULL, 20, 2, 12, 3, 2, 3, 3, NULL, NULL, NULL, 'd6cc7b94-d34a-40cf-a59c-d1a861bf0970.jpg'),
(626, 'NE00714', 'CHEFOU', 'IDI', NULL, '2017-06-26', NULL, NULL, 55, 2, 12, 3, 2, 3, 3, NULL, NULL, NULL, 'd6cc7b94-d34a-40cf-a59c-d1a861bf0970.jpg'),
(627, 'NE00729', 'ABDOULKARIM', 'ALI', NULL, '2017-06-11', NULL, NULL, 130, 2, 12, 3, 2, 3, 3, NULL, NULL, NULL, 'd6cc7b94-d34a-40cf-a59c-d1a861bf0970.jpg'),
(628, 'TC0012', 'Armel', 'Kadje', NULL, '2017-06-11', NULL, NULL, 18, 2, 12, 3, 2, 3, 3, NULL, NULL, NULL, 'd6cc7b94-d34a-40cf-a59c-d1a861bf0970.jpg'),
(629, 'BJ00043', 'ADAMNE', 'Bertin', NULL, '2017-06-26', NULL, NULL, 14, 2, 12, 3, 2, 3, 3, NULL, NULL, NULL, 'd6cc7b94-d34a-40cf-a59c-d1a861bf0970.jpg'),
(630, 'TG00032', 'AKAKPO AGBAN', 'Alban', NULL, '2017-06-26', NULL, NULL, 15, 2, 12, 3, 2, 3, 3, NULL, NULL, NULL, 'd6cc7b94-d34a-40cf-a59c-d1a861bf0970.jpg'),
(631, 'BF00421', 'BADINI', 'Adama', NULL, '2017-06-26', NULL, NULL, 20, 2, 12, 3, 2, 3, 3, NULL, NULL, NULL, 'd6cc7b94-d34a-40cf-a59c-d1a861bf0970.jpg'),
(632, 'NE00714', 'CHEFOU', 'IDI', NULL, '2017-06-26', NULL, NULL, 55, 2, 12, 3, 2, 3, 3, NULL, NULL, NULL, 'd6cc7b94-d34a-40cf-a59c-d1a861bf0970.jpg'),
(633, 'NE00729', 'ABDOULKARIM', 'ALI', NULL, '2017-06-11', NULL, NULL, 130, 2, 12, 3, 2, 3, 3, NULL, NULL, NULL, 'd6cc7b94-d34a-40cf-a59c-d1a861bf0970.jpg'),
(634, 'TC0012', 'Armel', 'Kadje', NULL, '2017-06-11', NULL, NULL, 18, 2, 12, 3, 2, 3, 3, NULL, NULL, NULL, 'd6cc7b94-d34a-40cf-a59c-d1a861bf0970.jpg'),
(635, 'BJ00043', 'ADAMNE', 'Bertin', NULL, '2017-06-26', NULL, NULL, 14, 2, 12, 3, 2, 3, 3, NULL, NULL, NULL, 'd6cc7b94-d34a-40cf-a59c-d1a861bf0970.jpg'),
(636, 'TG00032', 'AKAKPO AGBAN', 'Alban', NULL, '2017-06-26', NULL, NULL, 15, 2, 12, 3, 2, 3, 3, NULL, NULL, NULL, 'd6cc7b94-d34a-40cf-a59c-d1a861bf0970.jpg'),
(637, 'BF00421', 'BADINI', 'Adama', NULL, '2017-06-26', NULL, NULL, 20, 2, 12, 3, 2, 3, 3, NULL, NULL, NULL, 'd6cc7b94-d34a-40cf-a59c-d1a861bf0970.jpg'),
(638, 'NE00714', 'CHEFOU', 'IDI', NULL, '2017-06-26', NULL, NULL, 55, 2, 12, 3, 2, 3, 3, NULL, NULL, NULL, 'd6cc7b94-d34a-40cf-a59c-d1a861bf0970.jpg'),
(639, 'NE00729', 'ABDOULKARIM', 'ALI', NULL, '2017-06-11', NULL, NULL, 130, 2, 12, 3, 2, 3, 3, NULL, NULL, NULL, 'd6cc7b94-d34a-40cf-a59c-d1a861bf0970.jpg'),
(640, 'TC0012', 'Armel', 'Kadje', NULL, '2017-06-11', NULL, NULL, 18, 2, 12, 3, 2, 3, 3, NULL, NULL, NULL, 'd6cc7b94-d34a-40cf-a59c-d1a861bf0970.jpg'),
(641, 'BJ00043', 'ADAMNE', 'Bertin', NULL, '2017-06-26', NULL, NULL, 14, 2, 12, 3, 2, 3, 3, NULL, NULL, NULL, 'd6cc7b94-d34a-40cf-a59c-d1a861bf0970.jpg'),
(642, 'TG00032', 'AKAKPO AGBAN', 'Alban', NULL, '2017-06-26', NULL, NULL, 15, 2, 12, 3, 2, 3, 3, NULL, NULL, NULL, 'd6cc7b94-d34a-40cf-a59c-d1a861bf0970.jpg'),
(643, 'BF00421', 'BADINI', 'Adama', NULL, '2017-06-26', NULL, NULL, 20, 2, 12, 3, 2, 3, 3, NULL, NULL, NULL, 'd6cc7b94-d34a-40cf-a59c-d1a861bf0970.jpg'),
(644, 'NE00714', 'CHEFOU', 'IDI', NULL, '2017-06-26', NULL, NULL, 55, 2, 12, 3, 2, 3, 3, NULL, NULL, NULL, 'd6cc7b94-d34a-40cf-a59c-d1a861bf0970.jpg'),
(645, 'NE00729', 'ABDOULKARIM', 'ALI', NULL, '2017-06-11', NULL, NULL, 130, 2, 12, 3, 2, 3, 3, NULL, NULL, NULL, 'd6cc7b94-d34a-40cf-a59c-d1a861bf0970.jpg'),
(646, 'TC0012', 'Armel', 'Kadje', NULL, '2017-06-11', NULL, NULL, 18, 2, 12, 3, 2, 3, 3, NULL, NULL, NULL, 'd6cc7b94-d34a-40cf-a59c-d1a861bf0970.jpg'),
(647, 'BJ00043', 'ADAMNE', 'Bertin', NULL, '2017-06-26', NULL, NULL, 14, 2, 12, 3, 2, 3, 3, NULL, NULL, NULL, 'd6cc7b94-d34a-40cf-a59c-d1a861bf0970.jpg'),
(648, 'TG00032', 'AKAKPO AGBAN', 'Alban', NULL, '2017-06-26', NULL, NULL, 15, 2, 12, 3, 2, 3, 3, NULL, NULL, NULL, 'd6cc7b94-d34a-40cf-a59c-d1a861bf0970.jpg'),
(649, 'BF00421', 'BADINI', 'Adama', NULL, '2017-06-26', NULL, NULL, 20, 2, 12, 3, 2, 3, 3, NULL, NULL, NULL, 'd6cc7b94-d34a-40cf-a59c-d1a861bf0970.jpg'),
(650, 'NE00714', 'CHEFOU', 'IDI', NULL, '2017-06-26', NULL, NULL, 55, 2, 12, 3, 2, 3, 3, NULL, NULL, NULL, 'd6cc7b94-d34a-40cf-a59c-d1a861bf0970.jpg'),
(651, 'NE00729', 'ABDOULKARIM', 'ALI', NULL, '2017-06-11', NULL, NULL, 130, 2, 12, 3, 2, 3, 3, NULL, NULL, NULL, 'd6cc7b94-d34a-40cf-a59c-d1a861bf0970.jpg'),
(652, 'TC0012', 'Armel', 'Kadje', NULL, '2017-06-11', NULL, NULL, 18, 2, 12, 3, 2, 3, 3, NULL, NULL, NULL, 'd6cc7b94-d34a-40cf-a59c-d1a861bf0970.jpg'),
(653, 'BJ00043', 'ADAMNE', 'Bertin', NULL, '2017-06-26', NULL, NULL, 14, 2, 12, 3, 2, 3, 3, NULL, NULL, NULL, 'd6cc7b94-d34a-40cf-a59c-d1a861bf0970.jpg'),
(654, 'TG00032', 'AKAKPO AGBAN', 'Alban', NULL, '2017-06-26', NULL, NULL, 15, 2, 12, 3, 2, 3, 3, NULL, NULL, NULL, 'd6cc7b94-d34a-40cf-a59c-d1a861bf0970.jpg'),
(655, 'BF00421', 'BADINI', 'Adama', NULL, '2017-06-26', NULL, NULL, 20, 2, 12, 3, 2, 3, 3, NULL, NULL, NULL, 'd6cc7b94-d34a-40cf-a59c-d1a861bf0970.jpg'),
(656, 'NE00714', 'CHEFOU', 'IDI', NULL, '2017-06-26', NULL, NULL, 55, 2, 12, 3, 2, 3, 3, NULL, NULL, NULL, 'd6cc7b94-d34a-40cf-a59c-d1a861bf0970.jpg'),
(657, 'NE00729', 'ABDOULKARIM', 'ALI', NULL, '2017-06-11', NULL, NULL, 130, 2, 12, 3, 2, 3, 3, NULL, NULL, NULL, 'd6cc7b94-d34a-40cf-a59c-d1a861bf0970.jpg'),
(658, 'TC0012', 'Armel', 'Kadje', NULL, '2017-06-11', NULL, NULL, 18, 2, 12, 3, 2, 3, 3, NULL, NULL, NULL, 'd6cc7b94-d34a-40cf-a59c-d1a861bf0970.jpg'),
(659, 'BJ00043', 'ADAMNE', 'Bertin', NULL, '2017-06-26', NULL, NULL, 14, 2, 12, 3, 2, 3, 3, NULL, NULL, NULL, 'd6cc7b94-d34a-40cf-a59c-d1a861bf0970.jpg'),
(660, 'TG00032', 'AKAKPO AGBAN', 'Alban', NULL, '2017-06-26', NULL, NULL, 15, 2, 12, 3, 2, 3, 3, NULL, NULL, NULL, 'd6cc7b94-d34a-40cf-a59c-d1a861bf0970.jpg'),
(661, 'BF00421', 'BADINI', 'Adama', NULL, '2017-06-26', NULL, NULL, 20, 2, 12, 3, 2, 3, 3, NULL, NULL, NULL, 'd6cc7b94-d34a-40cf-a59c-d1a861bf0970.jpg'),
(662, 'NE00714', 'CHEFOU', 'IDI', NULL, '2017-06-26', NULL, NULL, 55, 2, 12, 3, 2, 3, 3, NULL, NULL, NULL, 'd6cc7b94-d34a-40cf-a59c-d1a861bf0970.jpg'),
(663, 'NE00729', 'ABDOULKARIM', 'ALI', NULL, '2017-06-11', NULL, NULL, 130, 2, 12, 3, 2, 3, 3, NULL, NULL, NULL, 'd6cc7b94-d34a-40cf-a59c-d1a861bf0970.jpg'),
(664, 'TC0012', 'Armel', 'Kadje', NULL, '2017-06-11', NULL, NULL, 18, 2, 12, 3, 2, 3, 3, NULL, NULL, NULL, 'd6cc7b94-d34a-40cf-a59c-d1a861bf0970.jpg'),
(665, 'BJ00043', 'ADAMNE', 'Bertin', NULL, '2017-06-26', NULL, NULL, 14, 2, 12, 3, 2, 3, 3, NULL, NULL, NULL, 'd6cc7b94-d34a-40cf-a59c-d1a861bf0970.jpg'),
(666, 'TG00032', 'AKAKPO AGBAN', 'Alban', NULL, '2017-06-26', NULL, NULL, 15, 2, 12, 3, 2, 3, 3, NULL, NULL, NULL, 'd6cc7b94-d34a-40cf-a59c-d1a861bf0970.jpg'),
(667, 'BF00421', 'BADINI', 'Adama', NULL, '2017-06-26', NULL, NULL, 20, 2, 12, 3, 2, 3, 3, NULL, NULL, NULL, 'd6cc7b94-d34a-40cf-a59c-d1a861bf0970.jpg'),
(668, 'NE00714', 'CHEFOU', 'IDI', NULL, '2017-06-26', NULL, NULL, 55, 2, 12, 3, 2, 3, 3, NULL, NULL, NULL, 'd6cc7b94-d34a-40cf-a59c-d1a861bf0970.jpg'),
(669, 'NE00729', 'ABDOULKARIM', 'ALI', NULL, '2017-06-11', NULL, NULL, 130, 2, 12, 3, 2, 3, 3, NULL, NULL, NULL, 'd6cc7b94-d34a-40cf-a59c-d1a861bf0970.jpg'),
(670, 'TC0012', 'Armel', 'Kadje', NULL, '2017-06-11', NULL, NULL, 18, 2, 12, 3, 2, 3, 3, NULL, NULL, NULL, 'd6cc7b94-d34a-40cf-a59c-d1a861bf0970.jpg'),
(671, 'BJ00043', 'ADAMNE', 'Bertin', NULL, '2017-06-26', NULL, NULL, 14, 2, 12, 3, 2, 3, 3, NULL, NULL, NULL, 'd6cc7b94-d34a-40cf-a59c-d1a861bf0970.jpg'),
(672, 'TG00032', 'AKAKPO AGBAN', 'Alban', NULL, '2017-06-26', NULL, NULL, 15, 2, 12, 3, 2, 3, 3, NULL, NULL, NULL, 'd6cc7b94-d34a-40cf-a59c-d1a861bf0970.jpg'),
(673, 'BF00421', 'BADINI', 'Adama', NULL, '2017-06-26', NULL, NULL, 20, 2, 12, 3, 2, 3, 3, NULL, NULL, NULL, 'd6cc7b94-d34a-40cf-a59c-d1a861bf0970.jpg'),
(674, 'NE00714', 'CHEFOU', 'IDI', NULL, '2017-06-26', NULL, NULL, 55, 2, 12, 3, 2, 3, 3, NULL, NULL, NULL, 'd6cc7b94-d34a-40cf-a59c-d1a861bf0970.jpg'),
(675, 'NE00729', 'ABDOULKARIM', 'ALI', NULL, '2017-06-11', NULL, NULL, 130, 2, 12, 3, 2, 3, 3, NULL, NULL, NULL, 'd6cc7b94-d34a-40cf-a59c-d1a861bf0970.jpg'),
(676, 'TC0012', 'Armel', 'Kadje', NULL, '2017-06-11', NULL, NULL, 18, 2, 12, 3, 2, 3, 3, NULL, NULL, NULL, 'd6cc7b94-d34a-40cf-a59c-d1a861bf0970.jpg'),
(677, 'BJ00043', 'ADAMNE', 'Bertin', NULL, '2017-06-26', NULL, NULL, 14, 2, 12, 3, 2, 3, 3, NULL, NULL, NULL, 'd6cc7b94-d34a-40cf-a59c-d1a861bf0970.jpg'),
(678, 'TG00032', 'AKAKPO AGBAN', 'Alban', NULL, '2017-06-26', NULL, NULL, 15, 2, 12, 3, 2, 3, 3, NULL, NULL, NULL, 'd6cc7b94-d34a-40cf-a59c-d1a861bf0970.jpg'),
(679, 'BF00421', 'BADINI', 'Adama', NULL, '2017-06-26', NULL, NULL, 20, 2, 12, 3, 2, 3, 3, NULL, NULL, NULL, 'd6cc7b94-d34a-40cf-a59c-d1a861bf0970.jpg'),
(680, 'NE00714', 'CHEFOU', 'IDI', NULL, '2017-06-26', NULL, NULL, 55, 2, 12, 3, 2, 3, 3, NULL, NULL, NULL, 'd6cc7b94-d34a-40cf-a59c-d1a861bf0970.jpg'),
(681, 'NE00729', 'ABDOULKARIM', 'ALI', NULL, '2017-06-11', NULL, NULL, 130, 2, 12, 3, 2, 3, 3, NULL, NULL, NULL, 'd6cc7b94-d34a-40cf-a59c-d1a861bf0970.jpg'),
(682, 'TC0012', 'Armel', 'Kadje', NULL, '2017-06-11', NULL, NULL, 18, 2, 12, 3, 2, 3, 3, NULL, NULL, NULL, 'd6cc7b94-d34a-40cf-a59c-d1a861bf0970.jpg'),
(683, 'BJ00043', 'ADAMNE', 'Bertin', NULL, '2017-06-26', NULL, NULL, 14, 2, 12, 3, 2, 3, 3, NULL, NULL, NULL, 'd6cc7b94-d34a-40cf-a59c-d1a861bf0970.jpg'),
(684, 'TG00032', 'AKAKPO AGBAN', 'Alban', NULL, '2017-06-26', NULL, NULL, 15, 2, 12, 3, 2, 3, 3, NULL, NULL, NULL, 'd6cc7b94-d34a-40cf-a59c-d1a861bf0970.jpg'),
(685, 'BF00421', 'BADINI', 'Adama', NULL, '2017-06-26', NULL, NULL, 20, 2, 12, 3, 2, 3, 3, NULL, NULL, NULL, 'd6cc7b94-d34a-40cf-a59c-d1a861bf0970.jpg'),
(686, 'NE00714', 'CHEFOU', 'IDI', NULL, '2017-06-26', NULL, NULL, 55, 2, 12, 3, 2, 3, 3, NULL, NULL, NULL, 'd6cc7b94-d34a-40cf-a59c-d1a861bf0970.jpg'),
(687, 'NE00729', 'ABDOULKARIM', 'ALI', NULL, '2017-06-11', NULL, NULL, 130, 2, 12, 3, 2, 3, 3, NULL, NULL, NULL, 'd6cc7b94-d34a-40cf-a59c-d1a861bf0970.jpg'),
(688, 'TC0012', 'Armel', 'Kadje', NULL, '2017-06-11', NULL, NULL, 18, 2, 12, 3, 2, 3, 3, NULL, NULL, NULL, 'd6cc7b94-d34a-40cf-a59c-d1a861bf0970.jpg'),
(689, 'BJ00043', 'ADAMNE', 'Bertin', NULL, '2017-06-26', NULL, NULL, 14, 2, 12, 3, 2, 3, 3, NULL, NULL, NULL, 'd6cc7b94-d34a-40cf-a59c-d1a861bf0970.jpg'),
(690, 'TG00032', 'AKAKPO AGBAN', 'Alban', NULL, '2017-06-26', NULL, NULL, 15, 2, 12, 3, 2, 3, 3, NULL, NULL, NULL, 'd6cc7b94-d34a-40cf-a59c-d1a861bf0970.jpg'),
(691, 'BF00421', 'BADINI', 'Adama', NULL, '2017-06-26', NULL, NULL, 20, 2, 12, 3, 2, 3, 3, NULL, NULL, NULL, 'd6cc7b94-d34a-40cf-a59c-d1a861bf0970.jpg'),
(692, 'NE00714', 'CHEFOU', 'IDI', NULL, '2017-06-26', NULL, NULL, 55, 2, 12, 3, 2, 3, 3, NULL, NULL, NULL, 'd6cc7b94-d34a-40cf-a59c-d1a861bf0970.jpg'),
(693, 'NE00729', 'ABDOULKARIM', 'ALI', NULL, '2017-06-11', NULL, NULL, 130, 2, 12, 3, 2, 3, 3, NULL, NULL, NULL, 'd6cc7b94-d34a-40cf-a59c-d1a861bf0970.jpg'),
(694, 'TC0012', 'Armel', 'Kadje', NULL, '2017-06-11', NULL, NULL, 18, 2, 12, 3, 2, 3, 3, NULL, NULL, NULL, 'd6cc7b94-d34a-40cf-a59c-d1a861bf0970.jpg'),
(695, 'BJ00043', 'ADAMNE', 'Bertin', NULL, '2017-06-26', NULL, NULL, 14, 2, 12, 3, 2, 3, 3, NULL, NULL, NULL, 'd6cc7b94-d34a-40cf-a59c-d1a861bf0970.jpg'),
(696, 'TG00032', 'AKAKPO AGBAN', 'Alban', NULL, '2017-06-26', NULL, NULL, 15, 2, 12, 3, 2, 3, 3, NULL, NULL, NULL, 'd6cc7b94-d34a-40cf-a59c-d1a861bf0970.jpg'),
(697, 'BF00421', 'BADINI', 'Adama', NULL, '2017-06-26', NULL, NULL, 20, 2, 12, 3, 2, 3, 3, NULL, NULL, NULL, 'd6cc7b94-d34a-40cf-a59c-d1a861bf0970.jpg'),
(698, 'NE00714', 'CHEFOU', 'IDI', NULL, '2017-06-26', NULL, NULL, 55, 2, 12, 3, 2, 3, 3, NULL, NULL, NULL, 'd6cc7b94-d34a-40cf-a59c-d1a861bf0970.jpg'),
(699, 'NE00729', 'ABDOULKARIM', 'ALI', NULL, '2017-06-11', NULL, NULL, 130, 2, 12, 3, 2, 3, 3, NULL, NULL, NULL, 'd6cc7b94-d34a-40cf-a59c-d1a861bf0970.jpg'),
(700, 'TC0012', 'Armel', 'Kadje', NULL, '2017-06-11', NULL, NULL, 18, 2, 12, 3, 2, 3, 3, NULL, NULL, NULL, 'd6cc7b94-d34a-40cf-a59c-d1a861bf0970.jpg'),
(701, 'BJ00043', 'ADAMNE', 'Bertin', NULL, '2017-06-26', NULL, NULL, 14, 2, 12, 3, 2, 3, 3, NULL, NULL, NULL, 'd6cc7b94-d34a-40cf-a59c-d1a861bf0970.jpg'),
(702, 'TG00032', 'AKAKPO AGBAN', 'Alban', NULL, '2017-06-26', NULL, NULL, 15, 2, 12, 3, 2, 3, 3, NULL, NULL, NULL, 'd6cc7b94-d34a-40cf-a59c-d1a861bf0970.jpg'),
(703, 'BF00421', 'BADINI', 'Adama', NULL, '2017-06-26', NULL, NULL, 20, 2, 12, 3, 2, 3, 3, NULL, NULL, NULL, 'd6cc7b94-d34a-40cf-a59c-d1a861bf0970.jpg'),
(704, 'NE00714', 'CHEFOU', 'IDI', NULL, '2017-06-26', NULL, NULL, 55, 2, 12, 3, 2, 3, 3, NULL, NULL, NULL, 'd6cc7b94-d34a-40cf-a59c-d1a861bf0970.jpg'),
(705, 'NE00729', 'ABDOULKARIM', 'ALI', NULL, '2017-06-11', NULL, NULL, 130, 2, 12, 3, 2, 3, 3, NULL, NULL, NULL, 'd6cc7b94-d34a-40cf-a59c-d1a861bf0970.jpg'),
(706, 'TC0012', 'Armel', 'Kadje', NULL, '2017-06-11', NULL, NULL, 18, 2, 12, 3, 2, 3, 3, NULL, NULL, NULL, 'd6cc7b94-d34a-40cf-a59c-d1a861bf0970.jpg'),
(707, 'BJ00043', 'ADAMNE', 'Bertin', NULL, '2017-06-26', NULL, NULL, 14, 2, 12, 3, 2, 3, 3, NULL, NULL, NULL, 'd6cc7b94-d34a-40cf-a59c-d1a861bf0970.jpg'),
(708, 'TG00032', 'AKAKPO AGBAN', 'Alban', NULL, '2017-06-26', NULL, NULL, 15, 2, 12, 3, 2, 3, 3, NULL, NULL, NULL, 'd6cc7b94-d34a-40cf-a59c-d1a861bf0970.jpg'),
(709, 'BF00421', 'BADINI', 'Adama', NULL, '2017-06-26', NULL, NULL, 20, 2, 12, 3, 2, 3, 3, NULL, NULL, NULL, 'd6cc7b94-d34a-40cf-a59c-d1a861bf0970.jpg'),
(710, 'NE00714', 'CHEFOU', 'IDI', NULL, '2017-06-26', NULL, NULL, 55, 2, 12, 3, 2, 3, 3, NULL, NULL, NULL, 'd6cc7b94-d34a-40cf-a59c-d1a861bf0970.jpg'),
(711, 'NE00729', 'ABDOULKARIM', 'ALI', NULL, '2017-06-11', NULL, NULL, 130, 2, 12, 3, 2, 3, 3, NULL, NULL, NULL, 'd6cc7b94-d34a-40cf-a59c-d1a861bf0970.jpg'),
(712, 'TC0012', 'Armel', 'Kadje', NULL, '2017-06-11', NULL, NULL, 18, 2, 12, 3, 2, 3, 3, NULL, NULL, NULL, 'd6cc7b94-d34a-40cf-a59c-d1a861bf0970.jpg'),
(713, 'BJ00043', 'ADAMNE', 'Bertin', NULL, '2017-06-26', NULL, NULL, 14, 2, 12, 3, 2, 3, 3, NULL, NULL, NULL, 'd6cc7b94-d34a-40cf-a59c-d1a861bf0970.jpg'),
(714, 'TG00032', 'AKAKPO AGBAN', 'Alban', NULL, '2017-06-26', NULL, NULL, 15, 2, 12, 3, 2, 3, 3, NULL, NULL, NULL, 'd6cc7b94-d34a-40cf-a59c-d1a861bf0970.jpg'),
(715, 'BF00421', 'BADINI', 'Adama', NULL, '2017-06-26', NULL, NULL, 20, 2, 12, 3, 2, 3, 3, NULL, NULL, NULL, 'd6cc7b94-d34a-40cf-a59c-d1a861bf0970.jpg'),
(716, 'NE00714', 'CHEFOU', 'IDI', NULL, '2017-06-26', NULL, NULL, 55, 2, 12, 3, 2, 3, 3, NULL, NULL, NULL, 'd6cc7b94-d34a-40cf-a59c-d1a861bf0970.jpg'),
(717, 'NE00729', 'ABDOULKARIM', 'ALI', NULL, '2017-06-11', NULL, NULL, 130, 2, 12, 3, 2, 3, 3, NULL, NULL, NULL, 'd6cc7b94-d34a-40cf-a59c-d1a861bf0970.jpg'),
(718, 'TC0012', 'Armel', 'Kadje', NULL, '2017-06-11', NULL, NULL, 18, 2, 12, 3, 2, 3, 3, NULL, NULL, NULL, 'd6cc7b94-d34a-40cf-a59c-d1a861bf0970.jpg'),
(719, 'BJ00043', 'ADAMNE', 'Bertin', NULL, '2017-06-26', NULL, NULL, 14, 2, 12, 3, 2, 3, 3, NULL, NULL, NULL, 'd6cc7b94-d34a-40cf-a59c-d1a861bf0970.jpg'),
(720, 'TG00032', 'AKAKPO AGBAN', 'Alban', NULL, '2017-06-26', NULL, NULL, 15, 2, 12, 3, 2, 3, 3, NULL, NULL, NULL, 'd6cc7b94-d34a-40cf-a59c-d1a861bf0970.jpg'),
(721, 'BF00421', 'BADINI', 'Adama', NULL, '2017-06-26', NULL, NULL, 20, 2, 12, 3, 2, 3, 3, NULL, NULL, NULL, 'd6cc7b94-d34a-40cf-a59c-d1a861bf0970.jpg'),
(722, 'NE00714', 'CHEFOU', 'IDI', NULL, '2017-06-26', NULL, NULL, 55, 2, 12, 3, 2, 3, 3, NULL, NULL, NULL, 'd6cc7b94-d34a-40cf-a59c-d1a861bf0970.jpg'),
(723, 'NE00729', 'ABDOULKARIM', 'ALI', NULL, '2017-06-11', NULL, NULL, 130, 2, 12, 3, 2, 3, 3, NULL, NULL, NULL, 'd6cc7b94-d34a-40cf-a59c-d1a861bf0970.jpg'),
(724, 'TC0012', 'Armel', 'Kadje', NULL, '2017-06-11', NULL, NULL, 18, 2, 12, 3, 2, 3, 3, NULL, NULL, NULL, 'd6cc7b94-d34a-40cf-a59c-d1a861bf0970.jpg'),
(725, 'BJ00043', 'ADAMNE', 'Bertin', NULL, '2017-06-26', NULL, NULL, 14, 2, 12, 3, 2, 3, 3, NULL, NULL, NULL, 'd6cc7b94-d34a-40cf-a59c-d1a861bf0970.jpg'),
(726, 'TG00032', 'AKAKPO AGBAN', 'Alban', NULL, '2017-06-26', NULL, NULL, 15, 2, 12, 3, 2, 3, 3, NULL, NULL, NULL, 'd6cc7b94-d34a-40cf-a59c-d1a861bf0970.jpg'),
(727, 'BF00421', 'BADINI', 'Adama', NULL, '2017-06-26', NULL, NULL, 20, 2, 12, 3, 2, 3, 3, NULL, NULL, NULL, 'd6cc7b94-d34a-40cf-a59c-d1a861bf0970.jpg'),
(728, 'NE00714', 'CHEFOU', 'IDI', NULL, '2017-06-26', NULL, NULL, 55, 2, 12, 3, 2, 3, 3, NULL, NULL, NULL, 'd6cc7b94-d34a-40cf-a59c-d1a861bf0970.jpg'),
(729, 'NE00729', 'ABDOULKARIM', 'ALI', NULL, '2017-06-11', NULL, NULL, 130, 2, 12, 3, 2, 3, 3, NULL, NULL, NULL, 'd6cc7b94-d34a-40cf-a59c-d1a861bf0970.jpg'),
(730, 'TC0012', 'Armel', 'Kadje', NULL, '2017-06-11', NULL, NULL, 18, 2, 12, 3, 2, 3, 3, NULL, NULL, NULL, 'd6cc7b94-d34a-40cf-a59c-d1a861bf0970.jpg'),
(731, 'BJ00043', 'ADAMNE', 'Bertin', NULL, '2017-06-26', NULL, NULL, 14, 2, 12, 3, 2, 3, 3, NULL, NULL, NULL, 'd6cc7b94-d34a-40cf-a59c-d1a861bf0970.jpg'),
(732, 'TG00032', 'AKAKPO AGBAN', 'Alban', NULL, '2017-06-26', NULL, NULL, 15, 2, 12, 3, 2, 3, 3, NULL, NULL, NULL, 'd6cc7b94-d34a-40cf-a59c-d1a861bf0970.jpg'),
(733, 'BF00421', 'BADINI', 'Adama', NULL, '2017-06-26', NULL, NULL, 20, 2, 12, 3, 2, 3, 3, NULL, NULL, NULL, 'd6cc7b94-d34a-40cf-a59c-d1a861bf0970.jpg'),
(734, 'NE00714', 'CHEFOU', 'IDI', NULL, '2017-06-26', NULL, NULL, 55, 2, 12, 3, 2, 3, 3, NULL, NULL, NULL, 'd6cc7b94-d34a-40cf-a59c-d1a861bf0970.jpg'),
(735, 'NE00729', 'ABDOULKARIM', 'ALI', NULL, '2017-06-11', NULL, NULL, 130, 2, 12, 3, 2, 3, 3, NULL, NULL, NULL, 'd6cc7b94-d34a-40cf-a59c-d1a861bf0970.jpg'),
(736, 'TC0012', 'Armel', 'Kadje', NULL, '2017-06-11', NULL, NULL, 18, 2, 12, 3, 2, 3, 3, NULL, NULL, NULL, 'd6cc7b94-d34a-40cf-a59c-d1a861bf0970.jpg'),
(737, 'BJ00043', 'ADAMNE', 'Bertin', NULL, '2017-06-26', NULL, NULL, 14, 2, 12, 3, 2, 3, 3, NULL, NULL, NULL, 'd6cc7b94-d34a-40cf-a59c-d1a861bf0970.jpg'),
(738, 'TG00032', 'AKAKPO AGBAN', 'Alban', NULL, '2017-06-26', NULL, NULL, 15, 2, 12, 3, 2, 3, 3, NULL, NULL, NULL, 'd6cc7b94-d34a-40cf-a59c-d1a861bf0970.jpg'),
(739, 'BF00421', 'BADINI', 'Adama', NULL, '2017-06-26', NULL, NULL, 20, 2, 12, 3, 2, 3, 3, NULL, NULL, NULL, 'd6cc7b94-d34a-40cf-a59c-d1a861bf0970.jpg'),
(740, 'NE00714', 'CHEFOU', 'IDI', NULL, '2017-06-26', NULL, NULL, 55, 2, 12, 3, 2, 3, 3, NULL, NULL, NULL, 'd6cc7b94-d34a-40cf-a59c-d1a861bf0970.jpg'),
(741, 'NE00729', 'ABDOULKARIM', 'ALI', NULL, '2017-06-11', NULL, NULL, 130, 2, 12, 3, 2, 3, 3, NULL, NULL, NULL, 'd6cc7b94-d34a-40cf-a59c-d1a861bf0970.jpg'),
(742, 'TC0012', 'Armel', 'Kadje', NULL, '2017-06-11', NULL, NULL, 18, 2, 12, 3, 2, 3, 3, NULL, NULL, NULL, 'd6cc7b94-d34a-40cf-a59c-d1a861bf0970.jpg'),
(743, 'BJ00043', 'ADAMNE', 'Bertin', NULL, '2017-06-26', NULL, NULL, 14, 2, 12, 3, 2, 3, 3, NULL, NULL, NULL, 'd6cc7b94-d34a-40cf-a59c-d1a861bf0970.jpg'),
(744, 'TG00032', 'AKAKPO AGBAN', 'Alban', NULL, '2017-06-26', NULL, NULL, 15, 2, 12, 3, 2, 3, 3, NULL, NULL, NULL, 'd6cc7b94-d34a-40cf-a59c-d1a861bf0970.jpg'),
(745, 'BF00421', 'BADINI', 'Adama', NULL, '2017-06-26', NULL, NULL, 20, 2, 12, 3, 2, 3, 3, NULL, NULL, NULL, 'd6cc7b94-d34a-40cf-a59c-d1a861bf0970.jpg'),
(746, 'NE00714', 'CHEFOU', 'IDI', NULL, '2017-06-26', NULL, NULL, 55, 2, 12, 3, 2, 3, 3, NULL, NULL, NULL, 'd6cc7b94-d34a-40cf-a59c-d1a861bf0970.jpg'),
(747, 'NE00729', 'ABDOULKARIM', 'ALI', NULL, '2017-06-11', NULL, NULL, 130, 2, 12, 3, 2, 3, 3, NULL, NULL, NULL, 'd6cc7b94-d34a-40cf-a59c-d1a861bf0970.jpg'),
(748, 'TC0012', 'Armel', 'Kadje', NULL, '2017-06-11', NULL, NULL, 18, 2, 12, 3, 2, 3, 3, NULL, NULL, NULL, 'd6cc7b94-d34a-40cf-a59c-d1a861bf0970.jpg'),
(749, 'BJ00043', 'ADAMNE', 'Bertin', NULL, '2017-06-26', NULL, NULL, 14, 2, 12, 3, 2, 3, 3, NULL, NULL, NULL, 'd6cc7b94-d34a-40cf-a59c-d1a861bf0970.jpg'),
(750, 'TG00032', 'AKAKPO AGBAN', 'Alban', NULL, '2017-06-26', NULL, NULL, 15, 2, 12, 3, 2, 3, 3, NULL, NULL, NULL, 'd6cc7b94-d34a-40cf-a59c-d1a861bf0970.jpg'),
(751, 'BF00421', 'BADINI', 'Adama', NULL, '2017-06-26', NULL, NULL, 20, 2, 12, 3, 2, 3, 3, NULL, NULL, NULL, 'd6cc7b94-d34a-40cf-a59c-d1a861bf0970.jpg'),
(752, 'NE00714', 'CHEFOU', 'IDI', NULL, '2017-06-26', NULL, NULL, 55, 2, 12, 3, 2, 3, 3, NULL, NULL, NULL, 'd6cc7b94-d34a-40cf-a59c-d1a861bf0970.jpg'),
(753, 'NE00729', 'ABDOULKARIM', 'ALI', NULL, '2017-06-11', NULL, NULL, 130, 2, 12, 3, 2, 3, 3, NULL, NULL, NULL, 'd6cc7b94-d34a-40cf-a59c-d1a861bf0970.jpg'),
(754, 'TC0012', 'Armel', 'Kadje', NULL, '2017-06-11', NULL, NULL, 18, 2, 12, 3, 2, 3, 3, NULL, NULL, NULL, 'd6cc7b94-d34a-40cf-a59c-d1a861bf0970.jpg'),
(755, 'BJ00043', 'ADAMNE', 'Bertin', NULL, '2017-06-26', NULL, NULL, 14, 2, 12, 3, 2, 3, 3, NULL, NULL, NULL, 'd6cc7b94-d34a-40cf-a59c-d1a861bf0970.jpg'),
(756, 'TG00032', 'AKAKPO AGBAN', 'Alban', NULL, '2017-06-26', NULL, NULL, 15, 2, 12, 3, 2, 3, 3, NULL, NULL, NULL, 'd6cc7b94-d34a-40cf-a59c-d1a861bf0970.jpg'),
(757, 'BF00421', 'BADINI', 'Adama', NULL, '2017-06-26', NULL, NULL, 20, 2, 12, 3, 2, 3, 3, NULL, NULL, NULL, 'd6cc7b94-d34a-40cf-a59c-d1a861bf0970.jpg'),
(758, 'NE00714', 'CHEFOU', 'IDI', NULL, '2017-06-26', NULL, NULL, 55, 2, 12, 3, 2, 3, 3, NULL, NULL, NULL, 'd6cc7b94-d34a-40cf-a59c-d1a861bf0970.jpg'),
(759, 'NE00729', 'ABDOULKARIM', 'ALI', NULL, '2017-06-11', NULL, NULL, 130, 2, 12, 3, 2, 3, 3, NULL, NULL, NULL, 'd6cc7b94-d34a-40cf-a59c-d1a861bf0970.jpg'),
(760, 'TC0012', 'Armel', 'Kadje', NULL, '2017-06-11', NULL, NULL, 18, 2, 12, 3, 2, 3, 3, NULL, NULL, NULL, 'd6cc7b94-d34a-40cf-a59c-d1a861bf0970.jpg'),
(761, 'BJ00043', 'ADAMNE', 'Bertin', NULL, '2017-06-26', NULL, NULL, 14, 2, 12, 3, 2, 3, 3, NULL, NULL, NULL, 'd6cc7b94-d34a-40cf-a59c-d1a861bf0970.jpg'),
(762, 'TG00032', 'AKAKPO AGBAN', 'Alban', NULL, '2017-06-26', NULL, NULL, 15, 2, 12, 3, 2, 3, 3, NULL, NULL, NULL, 'd6cc7b94-d34a-40cf-a59c-d1a861bf0970.jpg'),
(763, 'BF00421', 'BADINI', 'Adama', NULL, '2017-06-26', NULL, NULL, 20, 2, 12, 3, 2, 3, 3, NULL, NULL, NULL, 'd6cc7b94-d34a-40cf-a59c-d1a861bf0970.jpg'),
(764, 'NE00714', 'CHEFOU', 'IDI', NULL, '2017-06-26', NULL, NULL, 55, 2, 12, 3, 2, 3, 3, NULL, NULL, NULL, 'd6cc7b94-d34a-40cf-a59c-d1a861bf0970.jpg'),
(765, 'NE00729', 'ABDOULKARIM', 'ALI', NULL, '2017-06-11', NULL, NULL, 130, 2, 12, 3, 2, 3, 3, NULL, NULL, NULL, 'd6cc7b94-d34a-40cf-a59c-d1a861bf0970.jpg'),
(766, 'TC0012', 'Armel', 'Kadje', NULL, '2017-06-11', NULL, NULL, 18, 2, 12, 3, 2, 3, 3, NULL, NULL, NULL, 'd6cc7b94-d34a-40cf-a59c-d1a861bf0970.jpg'),
(767, 'BJ00043', 'ADAMNE', 'Bertin', NULL, '2017-06-26', NULL, NULL, 14, 2, 12, 3, 2, 3, 3, NULL, NULL, NULL, 'd6cc7b94-d34a-40cf-a59c-d1a861bf0970.jpg'),
(768, 'TG00032', 'AKAKPO AGBAN', 'Alban', NULL, '2017-06-26', NULL, NULL, 15, 2, 12, 3, 2, 3, 3, NULL, NULL, NULL, 'd6cc7b94-d34a-40cf-a59c-d1a861bf0970.jpg'),
(769, 'BF00421', 'BADINI', 'Adama', NULL, '2017-06-26', NULL, NULL, 20, 2, 12, 3, 2, 3, 3, NULL, NULL, NULL, 'd6cc7b94-d34a-40cf-a59c-d1a861bf0970.jpg'),
(770, 'NE00714', 'CHEFOU', 'IDI', NULL, '2017-06-26', NULL, NULL, 55, 2, 12, 3, 2, 3, 3, NULL, NULL, NULL, 'd6cc7b94-d34a-40cf-a59c-d1a861bf0970.jpg'),
(771, 'NE00729', 'ABDOULKARIM', 'ALI', NULL, '2017-06-11', NULL, NULL, 130, 2, 12, 3, 2, 3, 3, NULL, NULL, NULL, 'd6cc7b94-d34a-40cf-a59c-d1a861bf0970.jpg'),
(772, 'TC0012', 'Armel', 'Kadje', NULL, '2017-06-11', NULL, NULL, 18, 2, 12, 3, 2, 3, 3, NULL, NULL, NULL, 'd6cc7b94-d34a-40cf-a59c-d1a861bf0970.jpg'),
(773, 'BJ00043', 'ADAMNE', 'Bertin', NULL, '2017-06-26', NULL, NULL, 14, 2, 12, 3, 2, 3, 3, NULL, NULL, NULL, 'd6cc7b94-d34a-40cf-a59c-d1a861bf0970.jpg'),
(774, 'TG00032', 'AKAKPO AGBAN', 'Alban', NULL, '2017-06-26', NULL, NULL, 15, 2, 12, 3, 2, 3, 3, NULL, NULL, NULL, 'd6cc7b94-d34a-40cf-a59c-d1a861bf0970.jpg'),
(775, 'BF00421', 'BADINI', 'Adama', NULL, '2017-06-26', NULL, NULL, 20, 2, 12, 3, 2, 3, 3, NULL, NULL, NULL, 'd6cc7b94-d34a-40cf-a59c-d1a861bf0970.jpg'),
(776, 'NE00714', 'CHEFOU', 'IDI', NULL, '2017-06-26', NULL, NULL, 55, 2, 12, 3, 2, 3, 3, NULL, NULL, NULL, 'd6cc7b94-d34a-40cf-a59c-d1a861bf0970.jpg'),
(777, 'NE00729', 'ABDOULKARIM', 'ALI', NULL, '2017-06-11', NULL, NULL, 130, 2, 12, 3, 2, 3, 3, NULL, NULL, NULL, 'd6cc7b94-d34a-40cf-a59c-d1a861bf0970.jpg'),
(778, 'TC0012', 'Armel', 'Kadje', NULL, '2017-06-11', NULL, NULL, 18, 2, 12, 3, 2, 3, 3, NULL, NULL, NULL, 'd6cc7b94-d34a-40cf-a59c-d1a861bf0970.jpg'),
(779, 'BJ00043', 'ADAMNE', 'Bertin', NULL, '2017-06-26', NULL, NULL, 14, 2, 12, 3, 2, 3, 3, NULL, NULL, NULL, 'd6cc7b94-d34a-40cf-a59c-d1a861bf0970.jpg'),
(780, 'TG00032', 'AKAKPO AGBAN', 'Alban', NULL, '2017-06-26', NULL, NULL, 15, 2, 12, 3, 2, 3, 3, NULL, NULL, NULL, 'd6cc7b94-d34a-40cf-a59c-d1a861bf0970.jpg'),
(781, 'BF00421', 'BADINI', 'Adama', NULL, '2017-06-26', NULL, NULL, 20, 2, 12, 3, 2, 3, 3, NULL, NULL, NULL, 'd6cc7b94-d34a-40cf-a59c-d1a861bf0970.jpg'),
(782, 'NE00714', 'CHEFOU', 'IDI', NULL, '2017-06-26', NULL, NULL, 55, 2, 12, 3, 2, 3, 3, NULL, NULL, NULL, 'd6cc7b94-d34a-40cf-a59c-d1a861bf0970.jpg'),
(783, 'NE00729', 'ABDOULKARIM', 'ALI', NULL, '2017-06-11', NULL, NULL, 130, 2, 12, 3, 2, 3, 3, NULL, NULL, NULL, 'd6cc7b94-d34a-40cf-a59c-d1a861bf0970.jpg'),
(784, 'TC0012', 'Armel', 'Kadje', NULL, '2017-06-11', NULL, NULL, 18, 2, 12, 3, 2, 3, 3, NULL, NULL, NULL, 'd6cc7b94-d34a-40cf-a59c-d1a861bf0970.jpg'),
(785, 'BJ00043', 'ADAMNE', 'Bertin', NULL, '2017-06-26', NULL, NULL, 14, 2, 12, 3, 2, 3, 3, NULL, NULL, NULL, 'd6cc7b94-d34a-40cf-a59c-d1a861bf0970.jpg'),
(786, 'TG00032', 'AKAKPO AGBAN', 'Alban', NULL, '2017-06-26', NULL, NULL, 15, 2, 12, 3, 2, 3, 3, NULL, NULL, NULL, 'd6cc7b94-d34a-40cf-a59c-d1a861bf0970.jpg'),
(787, 'BF00421', 'BADINI', 'Adama', NULL, '2017-06-26', NULL, NULL, 20, 2, 12, 3, 2, 3, 3, NULL, NULL, NULL, 'd6cc7b94-d34a-40cf-a59c-d1a861bf0970.jpg'),
(788, 'NE00714', 'CHEFOU', 'IDI', NULL, '2017-06-26', NULL, NULL, 55, 2, 12, 3, 2, 3, 3, NULL, NULL, NULL, 'd6cc7b94-d34a-40cf-a59c-d1a861bf0970.jpg');
INSERT INTO `personnes` (`IDPERSONNE`, `MATRICULE`, `NOM`, `PRENOM`, `AUTRENOM`, `DATENAISS`, `TELEPHONE`, `EMAIL`, `PAYS`, `GROUPE`, `SOCIETE`, `SECTION`, `CONTRAT`, `AMBITION`, `LANGUE`, `DATECONTRAT`, `MEMO`, `POTENTIEL`, `PHOTO`) VALUES
(789, 'NE00729', 'ABDOULKARIM', 'ALI', NULL, '2017-06-11', NULL, NULL, 130, 2, 12, 3, 2, 3, 3, NULL, NULL, NULL, 'd6cc7b94-d34a-40cf-a59c-d1a861bf0970.jpg'),
(790, 'TC0012', 'Armel', 'Kadje', NULL, '2017-06-11', NULL, NULL, 18, 2, 12, 3, 2, 3, 3, NULL, NULL, NULL, 'd6cc7b94-d34a-40cf-a59c-d1a861bf0970.jpg'),
(791, 'BJ00043', 'ADAMNE', 'Bertin', NULL, '2017-06-26', NULL, NULL, 14, 2, 12, 3, 2, 3, 3, NULL, NULL, NULL, 'd6cc7b94-d34a-40cf-a59c-d1a861bf0970.jpg'),
(792, 'TG00032', 'AKAKPO AGBAN', 'Alban', NULL, '2017-06-26', NULL, NULL, 15, 2, 12, 3, 2, 3, 3, NULL, NULL, NULL, 'd6cc7b94-d34a-40cf-a59c-d1a861bf0970.jpg'),
(793, 'BF00421', 'BADINI', 'Adama', NULL, '2017-06-26', NULL, NULL, 20, 2, 12, 3, 2, 3, 3, NULL, NULL, NULL, 'd6cc7b94-d34a-40cf-a59c-d1a861bf0970.jpg'),
(794, 'NE00714', 'CHEFOU', 'IDI', NULL, '2017-06-26', NULL, NULL, 55, 2, 12, 3, 2, 3, 3, NULL, NULL, NULL, 'd6cc7b94-d34a-40cf-a59c-d1a861bf0970.jpg'),
(795, 'NE00729', 'ABDOULKARIM', 'ALI', NULL, '2017-06-11', NULL, NULL, 130, 2, 12, 3, 2, 3, 3, NULL, NULL, NULL, 'd6cc7b94-d34a-40cf-a59c-d1a861bf0970.jpg'),
(796, 'TC0012', 'Armel', 'Kadje', NULL, '2017-06-11', NULL, NULL, 18, 2, 12, 3, 2, 3, 3, NULL, NULL, NULL, 'd6cc7b94-d34a-40cf-a59c-d1a861bf0970.jpg'),
(797, 'BJ00043', 'ADAMNE', 'Bertin', NULL, '2017-06-26', NULL, NULL, 14, 2, 12, 3, 2, 3, 3, NULL, NULL, NULL, 'd6cc7b94-d34a-40cf-a59c-d1a861bf0970.jpg'),
(798, 'TG00032', 'AKAKPO AGBAN', 'Alban', NULL, '2017-06-26', NULL, NULL, 15, 2, 12, 3, 2, 3, 3, NULL, NULL, NULL, 'd6cc7b94-d34a-40cf-a59c-d1a861bf0970.jpg'),
(799, 'BF00421', 'BADINI', 'Adama', NULL, '2017-06-26', NULL, NULL, 20, 2, 12, 3, 2, 3, 3, NULL, NULL, NULL, 'd6cc7b94-d34a-40cf-a59c-d1a861bf0970.jpg'),
(800, 'NE00714', 'CHEFOU', 'IDI', NULL, '2017-06-26', NULL, NULL, 55, 2, 12, 3, 2, 3, 3, NULL, NULL, NULL, 'd6cc7b94-d34a-40cf-a59c-d1a861bf0970.jpg'),
(801, 'NE00729', 'ABDOULKARIM', 'ALI', NULL, '2017-06-11', NULL, NULL, 130, 2, 12, 3, 2, 3, 3, NULL, NULL, NULL, 'd6cc7b94-d34a-40cf-a59c-d1a861bf0970.jpg'),
(802, 'TC0012', 'Armel', 'Kadje', NULL, '2017-06-11', NULL, NULL, 18, 2, 12, 3, 2, 3, 3, NULL, NULL, NULL, 'd6cc7b94-d34a-40cf-a59c-d1a861bf0970.jpg'),
(803, 'BJ00043', 'ADAMNE', 'Bertin', NULL, '2017-06-26', NULL, NULL, 14, 2, 12, 3, 2, 3, 3, NULL, NULL, NULL, 'd6cc7b94-d34a-40cf-a59c-d1a861bf0970.jpg'),
(804, 'TG00032', 'AKAKPO AGBAN', 'Alban', NULL, '2017-06-26', NULL, NULL, 15, 2, 12, 3, 2, 3, 3, NULL, NULL, NULL, 'd6cc7b94-d34a-40cf-a59c-d1a861bf0970.jpg'),
(805, 'BF00421', 'BADINI', 'Adama', NULL, '2017-06-26', NULL, NULL, 20, 2, 12, 3, 2, 3, 3, NULL, NULL, NULL, 'd6cc7b94-d34a-40cf-a59c-d1a861bf0970.jpg'),
(806, 'NE00714', 'CHEFOU', 'IDI', NULL, '2017-06-26', NULL, NULL, 55, 2, 12, 3, 2, 3, 3, NULL, NULL, NULL, 'd6cc7b94-d34a-40cf-a59c-d1a861bf0970.jpg'),
(807, 'NE00729', 'ABDOULKARIM', 'ALI', NULL, '2017-06-11', NULL, NULL, 130, 2, 12, 3, 2, 3, 3, NULL, NULL, NULL, 'd6cc7b94-d34a-40cf-a59c-d1a861bf0970.jpg'),
(808, 'TC0012', 'Armel', 'Kadje', NULL, '2017-06-11', NULL, NULL, 18, 2, 12, 3, 2, 3, 3, NULL, NULL, NULL, 'd6cc7b94-d34a-40cf-a59c-d1a861bf0970.jpg'),
(809, 'BJ00043', 'ADAMNE', 'Bertin', NULL, '2017-06-26', NULL, NULL, 14, 2, 12, 3, 2, 3, 3, NULL, NULL, NULL, 'd6cc7b94-d34a-40cf-a59c-d1a861bf0970.jpg'),
(810, 'TG00032', 'AKAKPO AGBAN', 'Alban', NULL, '2017-06-26', NULL, NULL, 15, 2, 12, 3, 2, 3, 3, NULL, NULL, NULL, 'd6cc7b94-d34a-40cf-a59c-d1a861bf0970.jpg'),
(811, 'BF00421', 'BADINI', 'Adama', NULL, '2017-06-26', NULL, NULL, 20, 2, 12, 3, 2, 3, 3, NULL, NULL, NULL, 'd6cc7b94-d34a-40cf-a59c-d1a861bf0970.jpg'),
(812, 'NE00714', 'CHEFOU', 'IDI', NULL, '2017-06-26', NULL, NULL, 55, 2, 12, 3, 2, 3, 3, NULL, NULL, NULL, 'd6cc7b94-d34a-40cf-a59c-d1a861bf0970.jpg'),
(813, 'NE00729', 'ABDOULKARIM', 'ALI', NULL, '2017-06-11', NULL, NULL, 130, 2, 12, 3, 2, 3, 3, NULL, NULL, NULL, 'd6cc7b94-d34a-40cf-a59c-d1a861bf0970.jpg'),
(814, 'TC0012', 'Armel', 'Kadje', NULL, '2017-06-11', NULL, NULL, 18, 2, 12, 3, 2, 3, 3, NULL, NULL, NULL, 'd6cc7b94-d34a-40cf-a59c-d1a861bf0970.jpg'),
(815, 'BJ00043', 'ADAMNE', 'Bertin', NULL, '2017-06-26', NULL, NULL, 14, 2, 12, 3, 2, 3, 3, NULL, NULL, NULL, 'd6cc7b94-d34a-40cf-a59c-d1a861bf0970.jpg'),
(816, 'TG00032', 'AKAKPO AGBAN', 'Alban', NULL, '2017-06-26', NULL, NULL, 15, 2, 12, 3, 2, 3, 3, NULL, NULL, NULL, 'd6cc7b94-d34a-40cf-a59c-d1a861bf0970.jpg'),
(817, 'BF00421', 'BADINI', 'Adama', NULL, '2017-06-26', NULL, NULL, 20, 2, 12, 3, 2, 3, 3, NULL, NULL, NULL, 'd6cc7b94-d34a-40cf-a59c-d1a861bf0970.jpg'),
(818, 'NE00714', 'CHEFOU', 'IDI', NULL, '2017-06-26', NULL, NULL, 55, 2, 12, 3, 2, 3, 3, NULL, NULL, NULL, 'd6cc7b94-d34a-40cf-a59c-d1a861bf0970.jpg'),
(819, 'NE00729', 'ABDOULKARIM', 'ALI', NULL, '2017-06-11', NULL, NULL, 130, 2, 12, 3, 2, 3, 3, NULL, NULL, NULL, 'd6cc7b94-d34a-40cf-a59c-d1a861bf0970.jpg'),
(820, 'TC0012', 'Armel', 'Kadje', NULL, '2017-06-11', NULL, NULL, 18, 2, 12, 3, 2, 3, 3, NULL, NULL, NULL, 'd6cc7b94-d34a-40cf-a59c-d1a861bf0970.jpg'),
(821, 'BJ00043', 'ADAMNE', 'Bertin', NULL, '2017-06-26', NULL, NULL, 14, 2, 12, 3, 2, 3, 3, NULL, NULL, NULL, 'd6cc7b94-d34a-40cf-a59c-d1a861bf0970.jpg'),
(822, 'TG00032', 'AKAKPO AGBAN', 'Alban', NULL, '2017-06-26', NULL, NULL, 15, 2, 12, 3, 2, 3, 3, NULL, NULL, NULL, 'd6cc7b94-d34a-40cf-a59c-d1a861bf0970.jpg'),
(823, 'BF00421', 'BADINI', 'Adama', NULL, '2017-06-26', NULL, NULL, 20, 2, 12, 3, 2, 3, 3, NULL, NULL, NULL, 'd6cc7b94-d34a-40cf-a59c-d1a861bf0970.jpg'),
(824, 'NE00714', 'CHEFOU', 'IDI', NULL, '2017-06-26', NULL, NULL, 55, 2, 12, 3, 2, 3, 3, NULL, NULL, NULL, 'd6cc7b94-d34a-40cf-a59c-d1a861bf0970.jpg'),
(825, 'NE00729', 'ABDOULKARIM', 'ALI', NULL, '2017-06-11', NULL, NULL, 130, 2, 12, 3, 2, 3, 3, NULL, NULL, NULL, 'd6cc7b94-d34a-40cf-a59c-d1a861bf0970.jpg'),
(826, 'TC0012', 'Armel', 'Kadje', NULL, '2017-06-11', NULL, NULL, 18, 2, 12, 3, 2, 3, 3, NULL, NULL, NULL, 'd6cc7b94-d34a-40cf-a59c-d1a861bf0970.jpg'),
(827, 'BJ00043', 'ADAMNE', 'Bertin', NULL, '2017-06-26', NULL, NULL, 14, 2, 12, 3, 2, 3, 3, NULL, NULL, NULL, 'd6cc7b94-d34a-40cf-a59c-d1a861bf0970.jpg'),
(828, 'TG00032', 'AKAKPO AGBAN', 'Alban', NULL, '2017-06-26', NULL, NULL, 15, 2, 12, 3, 2, 3, 3, NULL, NULL, NULL, 'd6cc7b94-d34a-40cf-a59c-d1a861bf0970.jpg'),
(829, 'BF00421', 'BADINI', 'Adama', NULL, '2017-06-26', NULL, NULL, 20, 2, 12, 3, 2, 3, 3, NULL, NULL, NULL, 'd6cc7b94-d34a-40cf-a59c-d1a861bf0970.jpg'),
(830, 'NE00714', 'CHEFOU', 'IDI', NULL, '2017-06-26', NULL, NULL, 55, 2, 12, 3, 2, 3, 3, NULL, NULL, NULL, 'd6cc7b94-d34a-40cf-a59c-d1a861bf0970.jpg'),
(831, 'NE00729', 'ABDOULKARIM', 'ALI', NULL, '2017-06-11', NULL, NULL, 130, 2, 12, 3, 2, 3, 3, NULL, NULL, NULL, 'd6cc7b94-d34a-40cf-a59c-d1a861bf0970.jpg'),
(832, 'TC0012', 'Armel', 'Kadje', NULL, '2017-06-11', NULL, NULL, 18, 2, 12, 3, 2, 3, 3, NULL, NULL, NULL, 'd6cc7b94-d34a-40cf-a59c-d1a861bf0970.jpg'),
(833, 'BJ00043', 'ADAMNE', 'Bertin', NULL, '2017-06-26', NULL, NULL, 14, 2, 12, 3, 2, 3, 3, NULL, NULL, NULL, 'd6cc7b94-d34a-40cf-a59c-d1a861bf0970.jpg'),
(834, 'TG00032', 'AKAKPO AGBAN', 'Alban', NULL, '2017-06-26', NULL, NULL, 15, 2, 12, 3, 2, 3, 3, NULL, NULL, NULL, 'd6cc7b94-d34a-40cf-a59c-d1a861bf0970.jpg'),
(835, 'BF00421', 'BADINI', 'Adama', NULL, '2017-06-26', NULL, NULL, 20, 2, 12, 3, 2, 3, 3, NULL, NULL, NULL, 'd6cc7b94-d34a-40cf-a59c-d1a861bf0970.jpg'),
(836, 'NE00714', 'CHEFOU', 'IDI', NULL, '2017-06-26', NULL, NULL, 55, 2, 12, 3, 2, 3, 3, NULL, NULL, NULL, 'd6cc7b94-d34a-40cf-a59c-d1a861bf0970.jpg'),
(837, 'NE00729', 'ABDOULKARIM', 'ALI', NULL, '2017-06-11', NULL, NULL, 130, 2, 12, 3, 2, 3, 3, NULL, NULL, NULL, 'd6cc7b94-d34a-40cf-a59c-d1a861bf0970.jpg'),
(838, 'TC0012', 'Armel', 'Kadje', NULL, '2017-06-11', NULL, NULL, 18, 2, 12, 3, 2, 3, 3, NULL, NULL, NULL, 'd6cc7b94-d34a-40cf-a59c-d1a861bf0970.jpg'),
(839, 'BJ00043', 'ADAMNE', 'Bertin', NULL, '2017-06-26', NULL, NULL, 14, 2, 12, 3, 2, 3, 3, NULL, NULL, NULL, 'd6cc7b94-d34a-40cf-a59c-d1a861bf0970.jpg'),
(840, 'TG00032', 'AKAKPO AGBAN', 'Alban', NULL, '2017-06-26', NULL, NULL, 15, 2, 12, 3, 2, 3, 3, NULL, NULL, NULL, 'd6cc7b94-d34a-40cf-a59c-d1a861bf0970.jpg'),
(841, 'BF00421', 'BADINI', 'Adama', NULL, '2017-06-26', NULL, NULL, 20, 2, 12, 3, 2, 3, 3, NULL, NULL, NULL, 'd6cc7b94-d34a-40cf-a59c-d1a861bf0970.jpg'),
(842, 'NE00714', 'CHEFOU', 'IDI', NULL, '2017-06-26', NULL, NULL, 55, 2, 12, 3, 2, 3, 3, NULL, NULL, NULL, 'd6cc7b94-d34a-40cf-a59c-d1a861bf0970.jpg'),
(843, 'NE00729', 'ABDOULKARIM', 'ALI', NULL, '2017-06-11', NULL, NULL, 130, 2, 12, 3, 2, 3, 3, NULL, NULL, NULL, 'd6cc7b94-d34a-40cf-a59c-d1a861bf0970.jpg'),
(844, 'TC0012', 'Armel', 'Kadje', NULL, '2017-06-11', NULL, NULL, 18, 2, 12, 3, 2, 3, 3, NULL, NULL, NULL, 'd6cc7b94-d34a-40cf-a59c-d1a861bf0970.jpg'),
(845, 'BJ00043', 'ADAMNE', 'Bertin', NULL, '2017-06-26', NULL, NULL, 14, 2, 12, 3, 2, 3, 3, NULL, NULL, NULL, 'd6cc7b94-d34a-40cf-a59c-d1a861bf0970.jpg'),
(846, 'TG00032', 'AKAKPO AGBAN', 'Alban', NULL, '2017-06-26', NULL, NULL, 15, 2, 12, 3, 2, 3, 3, NULL, NULL, NULL, 'd6cc7b94-d34a-40cf-a59c-d1a861bf0970.jpg'),
(847, 'BF00421', 'BADINI', 'Adama', NULL, '2017-06-26', NULL, NULL, 20, 2, 12, 3, 2, 3, 3, NULL, NULL, NULL, 'd6cc7b94-d34a-40cf-a59c-d1a861bf0970.jpg'),
(848, 'NE00714', 'CHEFOU', 'IDI', NULL, '2017-06-26', NULL, NULL, 55, 2, 12, 3, 2, 3, 3, NULL, NULL, NULL, 'd6cc7b94-d34a-40cf-a59c-d1a861bf0970.jpg'),
(849, 'NE00729', 'ABDOULKARIM', 'ALI', NULL, '2017-06-11', NULL, NULL, 130, 2, 12, 3, 2, 3, 3, NULL, NULL, NULL, 'd6cc7b94-d34a-40cf-a59c-d1a861bf0970.jpg'),
(850, 'TC0012', 'Armel', 'Kadje', NULL, '2017-06-11', NULL, NULL, 18, 2, 12, 3, 2, 3, 3, NULL, NULL, NULL, 'd6cc7b94-d34a-40cf-a59c-d1a861bf0970.jpg'),
(851, 'BJ00043', 'ADAMNE', 'Bertin', NULL, '2017-06-26', NULL, NULL, 14, 2, 12, 3, 2, 3, 3, NULL, NULL, NULL, 'd6cc7b94-d34a-40cf-a59c-d1a861bf0970.jpg'),
(852, 'TG00032', 'AKAKPO AGBAN', 'Alban', NULL, '2017-06-26', NULL, NULL, 15, 2, 12, 3, 2, 3, 3, NULL, NULL, NULL, 'd6cc7b94-d34a-40cf-a59c-d1a861bf0970.jpg'),
(853, 'BF00421', 'BADINI', 'Adama', NULL, '2017-06-26', NULL, NULL, 20, 2, 12, 3, 2, 3, 3, NULL, NULL, NULL, 'd6cc7b94-d34a-40cf-a59c-d1a861bf0970.jpg'),
(854, 'NE00714', 'CHEFOU', 'IDI', NULL, '2017-06-26', NULL, NULL, 55, 2, 12, 3, 2, 3, 3, NULL, NULL, NULL, 'd6cc7b94-d34a-40cf-a59c-d1a861bf0970.jpg'),
(855, 'NE00729', 'ABDOULKARIM', 'ALI', NULL, '2017-06-11', NULL, NULL, 130, 2, 12, 3, 2, 3, 3, NULL, NULL, NULL, 'd6cc7b94-d34a-40cf-a59c-d1a861bf0970.jpg'),
(856, 'TC0012', 'Armel', 'Kadje', NULL, '2017-06-11', NULL, NULL, 18, 2, 12, 3, 2, 3, 3, NULL, NULL, NULL, 'd6cc7b94-d34a-40cf-a59c-d1a861bf0970.jpg'),
(857, 'BJ00043', 'ADAMNE', 'Bertin', NULL, '2017-06-26', NULL, NULL, 14, 2, 12, 3, 2, 3, 3, NULL, NULL, NULL, 'd6cc7b94-d34a-40cf-a59c-d1a861bf0970.jpg'),
(858, 'TG00032', 'AKAKPO AGBAN', 'Alban', NULL, '2017-06-26', NULL, NULL, 15, 2, 12, 3, 2, 3, 3, NULL, NULL, NULL, 'd6cc7b94-d34a-40cf-a59c-d1a861bf0970.jpg'),
(859, 'BF00421', 'BADINI', 'Adama', NULL, '2017-06-26', NULL, NULL, 20, 2, 12, 3, 2, 3, 3, NULL, NULL, NULL, 'd6cc7b94-d34a-40cf-a59c-d1a861bf0970.jpg'),
(860, 'NE00714', 'CHEFOU', 'IDI', NULL, '2017-06-26', NULL, NULL, 55, 2, 12, 3, 2, 3, 3, NULL, NULL, NULL, 'd6cc7b94-d34a-40cf-a59c-d1a861bf0970.jpg'),
(861, 'NE00729', 'ABDOULKARIM', 'ALI', NULL, '2017-06-11', NULL, NULL, 130, 2, 12, 3, 2, 3, 3, NULL, NULL, NULL, 'd6cc7b94-d34a-40cf-a59c-d1a861bf0970.jpg'),
(862, 'TC0012', 'Armel', 'Kadje', NULL, '2017-06-11', NULL, NULL, 18, 2, 12, 3, 2, 3, 3, NULL, NULL, NULL, 'd6cc7b94-d34a-40cf-a59c-d1a861bf0970.jpg'),
(863, 'BJ00043', 'ADAMNE', 'Bertin', NULL, '2017-06-26', NULL, NULL, 14, 2, 12, 3, 2, 3, 3, NULL, NULL, NULL, 'd6cc7b94-d34a-40cf-a59c-d1a861bf0970.jpg'),
(864, 'TG00032', 'AKAKPO AGBAN', 'Alban', NULL, '2017-06-26', NULL, NULL, 15, 2, 12, 3, 2, 3, 3, NULL, NULL, NULL, 'd6cc7b94-d34a-40cf-a59c-d1a861bf0970.jpg'),
(865, 'BF00421', 'BADINI', 'Adama', NULL, '2017-06-26', NULL, NULL, 20, 2, 12, 3, 2, 3, 3, NULL, NULL, NULL, 'd6cc7b94-d34a-40cf-a59c-d1a861bf0970.jpg'),
(866, 'NE00714', 'CHEFOU', 'IDI', NULL, '2017-06-26', NULL, NULL, 55, 2, 12, 3, 2, 3, 3, NULL, NULL, NULL, 'd6cc7b94-d34a-40cf-a59c-d1a861bf0970.jpg'),
(867, 'NE00729', 'ABDOULKARIM', 'ALI', NULL, '2017-06-11', NULL, NULL, 130, 2, 12, 3, 2, 3, 3, NULL, NULL, NULL, 'd6cc7b94-d34a-40cf-a59c-d1a861bf0970.jpg'),
(868, 'TC0012', 'Armel', 'Kadje', NULL, '2017-06-11', NULL, NULL, 18, 2, 12, 3, 2, 3, 3, NULL, NULL, NULL, 'd6cc7b94-d34a-40cf-a59c-d1a861bf0970.jpg'),
(869, 'BJ00043', 'ADAMNE', 'Bertin', NULL, '2017-06-26', NULL, NULL, 14, 2, 12, 3, 2, 3, 3, NULL, NULL, NULL, 'd6cc7b94-d34a-40cf-a59c-d1a861bf0970.jpg'),
(870, 'TG00032', 'AKAKPO AGBAN', 'Alban', NULL, '2017-06-26', NULL, NULL, 15, 2, 12, 3, 2, 3, 3, NULL, NULL, NULL, 'd6cc7b94-d34a-40cf-a59c-d1a861bf0970.jpg'),
(871, 'BF00421', 'BADINI', 'Adama', NULL, '2017-06-26', NULL, NULL, 20, 2, 12, 3, 2, 3, 3, NULL, NULL, NULL, 'd6cc7b94-d34a-40cf-a59c-d1a861bf0970.jpg'),
(872, 'NE00714', 'CHEFOU', 'IDI', NULL, '2017-06-26', NULL, NULL, 55, 2, 12, 3, 2, 3, 3, NULL, NULL, NULL, 'd6cc7b94-d34a-40cf-a59c-d1a861bf0970.jpg'),
(873, 'NE00729', 'ABDOULKARIM', 'ALI', NULL, '2017-06-11', NULL, NULL, 130, 2, 12, 3, 2, 3, 3, NULL, NULL, NULL, 'd6cc7b94-d34a-40cf-a59c-d1a861bf0970.jpg'),
(874, 'TC0012', 'Armel', 'Kadje', NULL, '2017-06-11', NULL, NULL, 18, 2, 12, 3, 2, 3, 3, NULL, NULL, NULL, 'd6cc7b94-d34a-40cf-a59c-d1a861bf0970.jpg'),
(875, 'BJ00043', 'ADAMNE', 'Bertin', NULL, '2017-06-26', NULL, NULL, 14, 2, 12, 3, 2, 3, 3, NULL, NULL, NULL, 'd6cc7b94-d34a-40cf-a59c-d1a861bf0970.jpg'),
(876, 'TG00032', 'AKAKPO AGBAN', 'Alban', NULL, '2017-06-26', NULL, NULL, 15, 2, 12, 3, 2, 3, 3, NULL, NULL, NULL, 'd6cc7b94-d34a-40cf-a59c-d1a861bf0970.jpg'),
(877, 'BF00421', 'BADINI', 'Adama', NULL, '2017-06-26', NULL, NULL, 20, 2, 12, 3, 2, 3, 3, NULL, NULL, NULL, 'd6cc7b94-d34a-40cf-a59c-d1a861bf0970.jpg'),
(878, 'NE00714', 'CHEFOU', 'IDI', NULL, '2017-06-26', NULL, NULL, 55, 2, 12, 3, 2, 3, 3, NULL, NULL, NULL, 'd6cc7b94-d34a-40cf-a59c-d1a861bf0970.jpg'),
(879, 'NE00729', 'ABDOULKARIM', 'ALI', NULL, '2017-06-11', NULL, NULL, 130, 2, 12, 3, 2, 3, 3, NULL, NULL, NULL, 'd6cc7b94-d34a-40cf-a59c-d1a861bf0970.jpg'),
(880, 'TC0012', 'Armel', 'Kadje', NULL, '2017-06-11', NULL, NULL, 18, 2, 12, 3, 2, 3, 3, NULL, NULL, NULL, 'd6cc7b94-d34a-40cf-a59c-d1a861bf0970.jpg'),
(881, 'BJ00043', 'ADAMNE', 'Bertin', NULL, '2017-06-26', NULL, NULL, 14, 2, 12, 3, 2, 3, 3, NULL, NULL, NULL, 'd6cc7b94-d34a-40cf-a59c-d1a861bf0970.jpg'),
(882, 'TG00032', 'AKAKPO AGBAN', 'Alban', NULL, '2017-06-26', NULL, NULL, 15, 2, 12, 3, 2, 3, 3, NULL, NULL, NULL, 'd6cc7b94-d34a-40cf-a59c-d1a861bf0970.jpg'),
(883, 'BF00421', 'BADINI', 'Adama', NULL, '2017-06-26', NULL, NULL, 20, 2, 12, 3, 2, 3, 3, NULL, NULL, NULL, 'd6cc7b94-d34a-40cf-a59c-d1a861bf0970.jpg'),
(884, 'NE00714', 'CHEFOU', 'IDI', NULL, '2017-06-26', NULL, NULL, 55, 2, 12, 3, 2, 3, 3, NULL, NULL, NULL, 'd6cc7b94-d34a-40cf-a59c-d1a861bf0970.jpg'),
(885, 'NE00729', 'ABDOULKARIM', 'ALI', NULL, '2017-06-11', NULL, NULL, 130, 2, 12, 3, 2, 3, 3, NULL, NULL, NULL, 'd6cc7b94-d34a-40cf-a59c-d1a861bf0970.jpg'),
(886, 'TC0012', 'Armel', 'Kadje', NULL, '2017-06-11', NULL, NULL, 18, 2, 12, 3, 2, 3, 3, NULL, NULL, NULL, 'd6cc7b94-d34a-40cf-a59c-d1a861bf0970.jpg'),
(887, 'BJ00043', 'ADAMNE', 'Bertin', NULL, '2017-06-26', NULL, NULL, 14, 2, 12, 3, 2, 3, 3, NULL, NULL, NULL, 'd6cc7b94-d34a-40cf-a59c-d1a861bf0970.jpg'),
(888, 'TG00032', 'AKAKPO AGBAN', 'Alban', NULL, '2017-06-26', NULL, NULL, 15, 2, 12, 3, 2, 3, 3, NULL, NULL, NULL, 'd6cc7b94-d34a-40cf-a59c-d1a861bf0970.jpg'),
(889, 'BF00421', 'BADINI', 'Adama', NULL, '2017-06-26', NULL, NULL, 20, 2, 12, 3, 2, 3, 3, NULL, NULL, NULL, 'd6cc7b94-d34a-40cf-a59c-d1a861bf0970.jpg'),
(890, 'NE00714', 'CHEFOU', 'IDI', NULL, '2017-06-26', NULL, NULL, 55, 2, 12, 3, 2, 3, 3, NULL, NULL, NULL, 'd6cc7b94-d34a-40cf-a59c-d1a861bf0970.jpg'),
(1018, 'NE00729', 'ABDOULKARIM', 'ALI', NULL, '2017-06-11', NULL, NULL, 130, 2, 12, 3, 2, 3, 3, NULL, NULL, NULL, 'd6cc7b94-d34a-40cf-a59c-d1a861bf0970.jpg'),
(1019, 'TC0012', 'Armel', 'Kadje', NULL, '2017-06-11', NULL, NULL, 18, 2, 12, 3, 2, 3, 3, NULL, NULL, NULL, 'd6cc7b94-d34a-40cf-a59c-d1a861bf0970.jpg'),
(1020, 'BJ00043', 'ADAMNE', 'Bertin', NULL, '2017-06-26', NULL, NULL, 14, 2, 12, 3, 2, 3, 3, NULL, NULL, NULL, 'd6cc7b94-d34a-40cf-a59c-d1a861bf0970.jpg'),
(1021, 'TG00032', 'AKAKPO AGBAN', 'Alban', NULL, '2017-06-26', NULL, NULL, 15, 2, 12, 3, 2, 3, 3, NULL, NULL, NULL, 'd6cc7b94-d34a-40cf-a59c-d1a861bf0970.jpg'),
(1022, 'BF00421', 'BADINI', 'Adama', NULL, '2017-06-26', NULL, NULL, 20, 2, 12, 3, 2, 3, 3, NULL, NULL, NULL, 'd6cc7b94-d34a-40cf-a59c-d1a861bf0970.jpg'),
(1023, 'NE00714', 'CHEFOU', 'IDI', NULL, '2017-06-26', NULL, NULL, 55, 2, 12, 3, 2, 3, 3, NULL, NULL, NULL, 'd6cc7b94-d34a-40cf-a59c-d1a861bf0970.jpg'),
(1024, 'NE00729', 'ABDOULKARIM', 'ALI', NULL, '2017-06-11', NULL, NULL, 130, 2, 12, 3, 2, 3, 3, NULL, NULL, NULL, 'd6cc7b94-d34a-40cf-a59c-d1a861bf0970.jpg'),
(1025, 'TC0012', 'Armel', 'Kadje', NULL, '2017-06-11', NULL, NULL, 18, 2, 12, 3, 2, 3, 3, NULL, NULL, NULL, 'd6cc7b94-d34a-40cf-a59c-d1a861bf0970.jpg'),
(1026, 'BJ00043', 'ADAMNE', 'Bertin', NULL, '2017-06-26', NULL, NULL, 14, 2, 12, 3, 2, 3, 3, NULL, NULL, NULL, 'd6cc7b94-d34a-40cf-a59c-d1a861bf0970.jpg'),
(1027, 'TG00032', 'AKAKPO AGBAN', 'Alban', NULL, '2017-06-26', NULL, NULL, 15, 2, 12, 3, 2, 3, 3, NULL, NULL, NULL, 'd6cc7b94-d34a-40cf-a59c-d1a861bf0970.jpg'),
(1028, 'BF00421', 'BADINI', 'Adama', NULL, '2017-06-26', NULL, NULL, 20, 2, 12, 3, 2, 3, 3, NULL, NULL, NULL, 'd6cc7b94-d34a-40cf-a59c-d1a861bf0970.jpg'),
(1029, 'NE00714', 'CHEFOU', 'IDI', NULL, '2017-06-26', NULL, NULL, 55, 2, 12, 3, 2, 3, 3, NULL, NULL, NULL, 'd6cc7b94-d34a-40cf-a59c-d1a861bf0970.jpg'),
(1030, 'NE00729', 'ABDOULKARIM', 'ALI', NULL, '2017-06-11', NULL, NULL, 130, 2, 12, 3, 2, 3, 3, NULL, NULL, NULL, 'd6cc7b94-d34a-40cf-a59c-d1a861bf0970.jpg'),
(1031, 'TC0012', 'Armel', 'Kadje', NULL, '2017-06-11', NULL, NULL, 18, 2, 12, 3, 2, 3, 3, NULL, NULL, NULL, 'd6cc7b94-d34a-40cf-a59c-d1a861bf0970.jpg'),
(1032, 'BJ00043', 'ADAMNE', 'Bertin', NULL, '2017-06-26', NULL, NULL, 14, 2, 12, 3, 2, 3, 3, NULL, NULL, NULL, 'd6cc7b94-d34a-40cf-a59c-d1a861bf0970.jpg'),
(1033, 'TG00032', 'AKAKPO AGBAN', 'Alban', NULL, '2017-06-26', NULL, NULL, 15, 2, 12, 3, 2, 3, 3, NULL, NULL, NULL, 'd6cc7b94-d34a-40cf-a59c-d1a861bf0970.jpg'),
(1034, 'BF00421', 'BADINI', 'Adama', NULL, '2017-06-26', NULL, NULL, 20, 2, 12, 3, 2, 3, 3, NULL, NULL, NULL, 'd6cc7b94-d34a-40cf-a59c-d1a861bf0970.jpg'),
(1035, 'NE00714', 'CHEFOU', 'IDI', NULL, '2017-06-26', NULL, NULL, 55, 2, 12, 3, 2, 3, 3, NULL, NULL, NULL, 'd6cc7b94-d34a-40cf-a59c-d1a861bf0970.jpg'),
(1036, 'NE00729', 'ABDOULKARIM', 'ALI', NULL, '2017-06-11', NULL, NULL, 130, 2, 12, 3, 2, 3, 3, NULL, NULL, NULL, 'd6cc7b94-d34a-40cf-a59c-d1a861bf0970.jpg'),
(1037, 'TC0012', 'Armel', 'Kadje', NULL, '2017-06-11', NULL, NULL, 18, 2, 12, 3, 2, 3, 3, NULL, NULL, NULL, 'd6cc7b94-d34a-40cf-a59c-d1a861bf0970.jpg'),
(1038, 'BJ00043', 'ADAMNE', 'Bertin', NULL, '2017-06-26', NULL, NULL, 14, 2, 12, 3, 2, 3, 3, NULL, NULL, NULL, 'd6cc7b94-d34a-40cf-a59c-d1a861bf0970.jpg'),
(1039, 'TG00032', 'AKAKPO AGBAN', 'Alban', NULL, '2017-06-26', NULL, NULL, 15, 2, 12, 3, 2, 3, 3, NULL, NULL, NULL, 'd6cc7b94-d34a-40cf-a59c-d1a861bf0970.jpg'),
(1040, 'BF00421', 'BADINI', 'Adama', NULL, '2017-06-26', NULL, NULL, 20, 2, 12, 3, 2, 3, 3, NULL, NULL, NULL, 'd6cc7b94-d34a-40cf-a59c-d1a861bf0970.jpg'),
(1041, 'NE00714', 'CHEFOU', 'IDI', NULL, '2017-06-26', NULL, NULL, 55, 2, 12, 3, 2, 3, 3, NULL, NULL, NULL, 'd6cc7b94-d34a-40cf-a59c-d1a861bf0970.jpg'),
(1042, 'NE00729', 'ABDOULKARIM', 'ALI', NULL, '2017-06-11', NULL, NULL, 130, 2, 12, 3, 2, 3, 3, NULL, NULL, NULL, 'd6cc7b94-d34a-40cf-a59c-d1a861bf0970.jpg'),
(1043, 'TC0012', 'Armel', 'Kadje', NULL, '2017-06-11', NULL, NULL, 18, 2, 12, 3, 2, 3, 3, NULL, NULL, NULL, 'd6cc7b94-d34a-40cf-a59c-d1a861bf0970.jpg'),
(1044, 'BJ00043', 'ADAMNE', 'Bertin', NULL, '2017-06-26', NULL, NULL, 14, 2, 12, 3, 2, 3, 3, NULL, NULL, NULL, 'd6cc7b94-d34a-40cf-a59c-d1a861bf0970.jpg'),
(1045, 'TG00032', 'AKAKPO AGBAN', 'Alban', NULL, '2017-06-26', NULL, NULL, 15, 2, 12, 3, 2, 3, 3, NULL, NULL, NULL, 'd6cc7b94-d34a-40cf-a59c-d1a861bf0970.jpg'),
(1046, 'BF00421', 'BADINI', 'Adama', NULL, '2017-06-26', NULL, NULL, 20, 2, 12, 3, 2, 3, 3, NULL, NULL, NULL, 'd6cc7b94-d34a-40cf-a59c-d1a861bf0970.jpg'),
(1047, 'NE00714', 'CHEFOU', 'IDI', NULL, '2017-06-26', NULL, NULL, 55, 2, 12, 3, 2, 3, 3, NULL, NULL, NULL, 'd6cc7b94-d34a-40cf-a59c-d1a861bf0970.jpg'),
(1048, 'NE00729', 'ABDOULKARIM', 'ALI', NULL, '2017-06-11', NULL, NULL, 130, 2, 12, 3, 2, 3, 3, NULL, NULL, NULL, 'd6cc7b94-d34a-40cf-a59c-d1a861bf0970.jpg'),
(1049, 'TC0012', 'Armel', 'Kadje', NULL, '2017-06-11', NULL, NULL, 18, 2, 12, 3, 2, 3, 3, NULL, NULL, NULL, 'd6cc7b94-d34a-40cf-a59c-d1a861bf0970.jpg'),
(1050, 'BJ00043', 'ADAMNE', 'Bertin', NULL, '2017-06-26', NULL, NULL, 14, 2, 12, 3, 2, 3, 3, NULL, NULL, NULL, 'd6cc7b94-d34a-40cf-a59c-d1a861bf0970.jpg'),
(1051, 'TG00032', 'AKAKPO AGBAN', 'Alban', NULL, '2017-06-26', NULL, NULL, 15, 2, 12, 3, 2, 3, 3, NULL, NULL, NULL, 'd6cc7b94-d34a-40cf-a59c-d1a861bf0970.jpg'),
(1052, 'BF00421', 'BADINI', 'Adama', NULL, '2017-06-26', NULL, NULL, 20, 2, 12, 3, 2, 3, 3, NULL, NULL, NULL, 'd6cc7b94-d34a-40cf-a59c-d1a861bf0970.jpg'),
(1053, 'NE00714', 'CHEFOU', 'IDI', NULL, '2017-06-26', NULL, NULL, 55, 2, 12, 3, 2, 3, 3, NULL, NULL, NULL, 'd6cc7b94-d34a-40cf-a59c-d1a861bf0970.jpg'),
(1054, 'NE00729', 'ABDOULKARIM', 'ALI', NULL, '2017-06-11', NULL, NULL, 130, 2, 12, 3, 2, 3, 3, NULL, NULL, NULL, 'd6cc7b94-d34a-40cf-a59c-d1a861bf0970.jpg'),
(1055, 'TC0012', 'Armel', 'Kadje', NULL, '2017-06-11', NULL, NULL, 18, 2, 12, 3, 2, 3, 3, NULL, NULL, NULL, 'd6cc7b94-d34a-40cf-a59c-d1a861bf0970.jpg'),
(1056, 'BJ00043', 'ADAMNE', 'Bertin', NULL, '2017-06-26', NULL, NULL, 14, 2, 12, 3, 2, 3, 3, NULL, NULL, NULL, 'd6cc7b94-d34a-40cf-a59c-d1a861bf0970.jpg'),
(1057, 'TG00032', 'AKAKPO AGBAN', 'Alban', NULL, '2017-06-26', NULL, NULL, 15, 2, 12, 3, 2, 3, 3, NULL, NULL, NULL, 'd6cc7b94-d34a-40cf-a59c-d1a861bf0970.jpg'),
(1058, 'BF00421', 'BADINI', 'Adama', NULL, '2017-06-26', NULL, NULL, 20, 2, 12, 3, 2, 3, 3, NULL, NULL, NULL, 'd6cc7b94-d34a-40cf-a59c-d1a861bf0970.jpg'),
(1059, 'NE00714', 'CHEFOU', 'IDI', NULL, '2017-06-26', NULL, NULL, 55, 2, 12, 3, 2, 3, 3, NULL, NULL, NULL, 'd6cc7b94-d34a-40cf-a59c-d1a861bf0970.jpg'),
(1060, 'NE00729', 'ABDOULKARIM', 'ALI', NULL, '2017-06-11', NULL, NULL, 130, 2, 12, 3, 2, 3, 3, NULL, NULL, NULL, 'd6cc7b94-d34a-40cf-a59c-d1a861bf0970.jpg'),
(1061, 'TC0012', 'Armel', 'Kadje', NULL, '2017-06-11', NULL, NULL, 18, 2, 12, 3, 2, 3, 3, NULL, NULL, NULL, 'd6cc7b94-d34a-40cf-a59c-d1a861bf0970.jpg'),
(1062, 'BJ00043', 'ADAMNE', 'Bertin', NULL, '2017-06-26', NULL, NULL, 14, 2, 12, 3, 2, 3, 3, NULL, NULL, NULL, 'd6cc7b94-d34a-40cf-a59c-d1a861bf0970.jpg'),
(1063, 'TG00032', 'AKAKPO AGBAN', 'Alban', NULL, '2017-06-26', NULL, NULL, 15, 2, 12, 3, 2, 3, 3, NULL, NULL, NULL, 'd6cc7b94-d34a-40cf-a59c-d1a861bf0970.jpg'),
(1064, 'BF00421', 'BADINI', 'Adama', NULL, '2017-06-26', NULL, NULL, 20, 2, 12, 3, 2, 3, 3, NULL, NULL, NULL, 'd6cc7b94-d34a-40cf-a59c-d1a861bf0970.jpg'),
(1065, 'NE00714', 'CHEFOU', 'IDI', NULL, '2017-06-26', NULL, NULL, 55, 2, 12, 3, 2, 3, 3, NULL, NULL, NULL, 'd6cc7b94-d34a-40cf-a59c-d1a861bf0970.jpg'),
(1066, 'NE00729', 'ABDOULKARIM', 'ALI', NULL, '2017-06-11', NULL, NULL, 130, 2, 12, 3, 2, 3, 3, NULL, NULL, NULL, 'd6cc7b94-d34a-40cf-a59c-d1a861bf0970.jpg'),
(1067, 'TC0012', 'Armel', 'Kadje', NULL, '2017-06-11', NULL, NULL, 18, 2, 12, 3, 2, 3, 3, NULL, NULL, NULL, 'd6cc7b94-d34a-40cf-a59c-d1a861bf0970.jpg'),
(1068, 'BJ00043', 'ADAMNE', 'Bertin', NULL, '2017-06-26', NULL, NULL, 14, 2, 12, 3, 2, 3, 3, NULL, NULL, NULL, 'd6cc7b94-d34a-40cf-a59c-d1a861bf0970.jpg'),
(1069, 'TG00032', 'AKAKPO AGBAN', 'Alban', NULL, '2017-06-26', NULL, NULL, 15, 2, 12, 3, 2, 3, 3, NULL, NULL, NULL, 'd6cc7b94-d34a-40cf-a59c-d1a861bf0970.jpg'),
(1070, 'BF00421', 'BADINI', 'Adama', NULL, '2017-06-26', NULL, NULL, 20, 2, 12, 3, 2, 3, 3, NULL, NULL, NULL, 'd6cc7b94-d34a-40cf-a59c-d1a861bf0970.jpg'),
(1071, 'NE00714', 'CHEFOU', 'IDI', NULL, '2017-06-26', NULL, NULL, 55, 2, 12, 3, 2, 3, 3, NULL, NULL, NULL, 'd6cc7b94-d34a-40cf-a59c-d1a861bf0970.jpg'),
(1072, 'NE00729', 'ABDOULKARIM', 'ALI', NULL, '2017-06-11', NULL, NULL, 130, 2, 12, 3, 2, 3, 3, NULL, NULL, NULL, 'd6cc7b94-d34a-40cf-a59c-d1a861bf0970.jpg'),
(1073, 'TC0012', 'Armel', 'Kadje', NULL, '2017-06-11', NULL, NULL, 18, 2, 12, 3, 2, 3, 3, NULL, NULL, NULL, 'd6cc7b94-d34a-40cf-a59c-d1a861bf0970.jpg'),
(1074, 'BJ00043', 'ADAMNE', 'Bertin', NULL, '2017-06-26', NULL, NULL, 14, 2, 12, 3, 2, 3, 3, NULL, NULL, NULL, 'd6cc7b94-d34a-40cf-a59c-d1a861bf0970.jpg'),
(1075, 'TG00032', 'AKAKPO AGBAN', 'Alban', NULL, '2017-06-26', NULL, NULL, 15, 2, 12, 3, 2, 3, 3, NULL, NULL, NULL, 'd6cc7b94-d34a-40cf-a59c-d1a861bf0970.jpg'),
(1076, 'BF00421', 'BADINI', 'Adama', NULL, '2017-06-26', NULL, NULL, 20, 2, 12, 3, 2, 3, 3, NULL, NULL, NULL, 'd6cc7b94-d34a-40cf-a59c-d1a861bf0970.jpg'),
(1077, 'NE00714', 'CHEFOU', 'IDI', NULL, '2017-06-26', NULL, NULL, 55, 2, 12, 3, 2, 3, 3, NULL, NULL, NULL, 'd6cc7b94-d34a-40cf-a59c-d1a861bf0970.jpg'),
(1078, 'NE00729', 'ABDOULKARIM', 'ALI', NULL, '2017-06-11', NULL, NULL, 130, 2, 12, 3, 2, 3, 3, NULL, NULL, NULL, 'd6cc7b94-d34a-40cf-a59c-d1a861bf0970.jpg'),
(1079, 'TC0012', 'Armel', 'Kadje', NULL, '2017-06-11', NULL, NULL, 18, 2, 12, 3, 2, 3, 3, NULL, NULL, NULL, 'd6cc7b94-d34a-40cf-a59c-d1a861bf0970.jpg'),
(1080, 'BJ00043', 'ADAMNE', 'Bertin', NULL, '2017-06-26', NULL, NULL, 14, 2, 12, 3, 2, 3, 3, NULL, NULL, NULL, 'd6cc7b94-d34a-40cf-a59c-d1a861bf0970.jpg'),
(1081, 'TG00032', 'AKAKPO AGBAN', 'Alban', NULL, '2017-06-26', NULL, NULL, 15, 2, 12, 3, 2, 3, 3, NULL, NULL, NULL, 'd6cc7b94-d34a-40cf-a59c-d1a861bf0970.jpg'),
(1082, 'BF00421', 'BADINI', 'Adama', NULL, '2017-06-26', NULL, NULL, 20, 2, 12, 3, 2, 3, 3, NULL, NULL, NULL, 'd6cc7b94-d34a-40cf-a59c-d1a861bf0970.jpg'),
(1083, 'NE00714', 'CHEFOU', 'IDI', NULL, '2017-06-26', NULL, NULL, 55, 2, 12, 3, 2, 3, 3, NULL, NULL, NULL, 'd6cc7b94-d34a-40cf-a59c-d1a861bf0970.jpg'),
(1084, 'NE00729', 'ABDOULKARIM', 'ALI', NULL, '2017-06-11', NULL, NULL, 130, 2, 12, 3, 2, 3, 3, NULL, NULL, NULL, 'd6cc7b94-d34a-40cf-a59c-d1a861bf0970.jpg'),
(1085, 'TC0012', 'Armel', 'Kadje', NULL, '2017-06-11', NULL, NULL, 18, 2, 12, 3, 2, 3, 3, NULL, NULL, NULL, 'd6cc7b94-d34a-40cf-a59c-d1a861bf0970.jpg'),
(1086, 'BJ00043', 'ADAMNE', 'Bertin', NULL, '2017-06-26', NULL, NULL, 14, 2, 12, 3, 2, 3, 3, NULL, NULL, NULL, 'd6cc7b94-d34a-40cf-a59c-d1a861bf0970.jpg'),
(1087, 'TG00032', 'AKAKPO AGBAN', 'Alban', NULL, '2017-06-26', NULL, NULL, 15, 2, 12, 3, 2, 3, 3, NULL, NULL, NULL, 'd6cc7b94-d34a-40cf-a59c-d1a861bf0970.jpg'),
(1088, 'BF00421', 'BADINI', 'Adama', NULL, '2017-06-26', NULL, NULL, 20, 2, 12, 3, 2, 3, 3, NULL, NULL, NULL, 'd6cc7b94-d34a-40cf-a59c-d1a861bf0970.jpg'),
(1089, 'NE00714', 'CHEFOU', 'IDI', NULL, '2017-06-26', NULL, NULL, 55, 2, 12, 3, 2, 3, 3, NULL, NULL, NULL, 'd6cc7b94-d34a-40cf-a59c-d1a861bf0970.jpg'),
(1090, 'NE00729', 'ABDOULKARIM', 'ALI', NULL, '2017-06-11', NULL, NULL, 130, 2, 12, 3, 2, 3, 3, NULL, NULL, NULL, 'd6cc7b94-d34a-40cf-a59c-d1a861bf0970.jpg'),
(1091, 'TC0012', 'Armel', 'Kadje', NULL, '2017-06-11', NULL, NULL, 18, 2, 12, 3, 2, 3, 3, NULL, NULL, NULL, 'd6cc7b94-d34a-40cf-a59c-d1a861bf0970.jpg'),
(1092, 'BJ00043', 'ADAMNE', 'Bertin', NULL, '2017-06-26', NULL, NULL, 14, 2, 12, 3, 2, 3, 3, NULL, NULL, NULL, 'd6cc7b94-d34a-40cf-a59c-d1a861bf0970.jpg'),
(1093, 'TG00032', 'AKAKPO AGBAN', 'Alban', NULL, '2017-06-26', NULL, NULL, 15, 2, 12, 3, 2, 3, 3, NULL, NULL, NULL, 'd6cc7b94-d34a-40cf-a59c-d1a861bf0970.jpg'),
(1094, 'BF00421', 'BADINI', 'Adama', NULL, '2017-06-26', NULL, NULL, 20, 2, 12, 3, 2, 3, 3, NULL, NULL, NULL, 'd6cc7b94-d34a-40cf-a59c-d1a861bf0970.jpg'),
(1095, 'NE00714', 'CHEFOU', 'IDI', NULL, '2017-06-26', NULL, NULL, 55, 2, 12, 3, 2, 3, 3, NULL, NULL, NULL, 'd6cc7b94-d34a-40cf-a59c-d1a861bf0970.jpg'),
(1096, 'NE00729', 'ABDOULKARIM', 'ALI', NULL, '2017-06-11', NULL, NULL, 130, 2, 12, 3, 2, 3, 3, NULL, NULL, NULL, 'd6cc7b94-d34a-40cf-a59c-d1a861bf0970.jpg'),
(1097, 'TC0012', 'Armel', 'Kadje', NULL, '2017-06-11', NULL, NULL, 18, 2, 12, 3, 2, 3, 3, NULL, NULL, NULL, 'd6cc7b94-d34a-40cf-a59c-d1a861bf0970.jpg'),
(1098, 'BJ00043', 'ADAMNE', 'Bertin', NULL, '2017-06-26', NULL, NULL, 14, 2, 12, 3, 2, 3, 3, NULL, NULL, NULL, 'd6cc7b94-d34a-40cf-a59c-d1a861bf0970.jpg'),
(1099, 'TG00032', 'AKAKPO AGBAN', 'Alban', NULL, '2017-06-26', NULL, NULL, 15, 2, 12, 3, 2, 3, 3, NULL, NULL, NULL, 'd6cc7b94-d34a-40cf-a59c-d1a861bf0970.jpg'),
(1100, 'BF00421', 'BADINI', 'Adama', NULL, '2017-06-26', NULL, NULL, 20, 2, 12, 3, 2, 3, 3, NULL, NULL, NULL, 'd6cc7b94-d34a-40cf-a59c-d1a861bf0970.jpg'),
(1101, 'NE00714', 'CHEFOU', 'IDI', NULL, '2017-06-26', NULL, NULL, 55, 2, 12, 3, 2, 3, 3, NULL, NULL, NULL, 'd6cc7b94-d34a-40cf-a59c-d1a861bf0970.jpg'),
(1102, 'NE00729', 'ABDOULKARIM', 'ALI', NULL, '2017-06-11', NULL, NULL, 130, 2, 12, 3, 2, 3, 3, NULL, NULL, NULL, 'd6cc7b94-d34a-40cf-a59c-d1a861bf0970.jpg'),
(1103, 'TC0012', 'Armel', 'Kadje', NULL, '2017-06-11', NULL, NULL, 18, 2, 12, 3, 2, 3, 3, NULL, NULL, NULL, 'd6cc7b94-d34a-40cf-a59c-d1a861bf0970.jpg'),
(1104, 'BJ00043', 'ADAMNE', 'Bertin', NULL, '2017-06-26', NULL, NULL, 14, 2, 12, 3, 2, 3, 3, NULL, NULL, NULL, 'd6cc7b94-d34a-40cf-a59c-d1a861bf0970.jpg'),
(1105, 'TG00032', 'AKAKPO AGBAN', 'Alban', NULL, '2017-06-26', NULL, NULL, 15, 2, 12, 3, 2, 3, 3, NULL, NULL, NULL, 'd6cc7b94-d34a-40cf-a59c-d1a861bf0970.jpg'),
(1106, 'BF00421', 'BADINI', 'Adama', NULL, '2017-06-26', NULL, NULL, 20, 2, 12, 3, 2, 3, 3, NULL, NULL, NULL, 'd6cc7b94-d34a-40cf-a59c-d1a861bf0970.jpg'),
(1107, 'NE00714', 'CHEFOU', 'IDI', NULL, '2017-06-26', NULL, NULL, 55, 2, 12, 3, 2, 3, 3, NULL, NULL, NULL, 'd6cc7b94-d34a-40cf-a59c-d1a861bf0970.jpg'),
(1108, 'NE00729', 'ABDOULKARIM', 'ALI', NULL, '2017-06-11', NULL, NULL, 130, 2, 12, 3, 2, 3, 3, NULL, NULL, NULL, 'd6cc7b94-d34a-40cf-a59c-d1a861bf0970.jpg'),
(1109, 'TC0012', 'Armel', 'Kadje', NULL, '2017-06-11', NULL, NULL, 18, 2, 12, 3, 2, 3, 3, NULL, NULL, NULL, 'd6cc7b94-d34a-40cf-a59c-d1a861bf0970.jpg'),
(1110, 'BJ00043', 'ADAMNE', 'Bertin', NULL, '2017-06-26', NULL, NULL, 14, 2, 12, 3, 2, 3, 3, NULL, NULL, NULL, 'd6cc7b94-d34a-40cf-a59c-d1a861bf0970.jpg'),
(1111, 'TG00032', 'AKAKPO AGBAN', 'Alban', NULL, '2017-06-26', NULL, NULL, 15, 2, 12, 3, 2, 3, 3, NULL, NULL, NULL, 'd6cc7b94-d34a-40cf-a59c-d1a861bf0970.jpg'),
(1112, 'BF00421', 'BADINI', 'Adama', NULL, '2017-06-26', NULL, NULL, 20, 2, 12, 3, 2, 3, 3, NULL, NULL, NULL, 'd6cc7b94-d34a-40cf-a59c-d1a861bf0970.jpg'),
(1113, 'NE00714', 'CHEFOU', 'IDI', NULL, '2017-06-26', NULL, NULL, 55, 2, 12, 3, 2, 3, 3, NULL, NULL, NULL, 'd6cc7b94-d34a-40cf-a59c-d1a861bf0970.jpg'),
(1114, 'NE00729', 'ABDOULKARIM', 'ALI', NULL, '2017-06-11', NULL, NULL, 130, 2, 12, 3, 2, 3, 3, NULL, NULL, NULL, 'd6cc7b94-d34a-40cf-a59c-d1a861bf0970.jpg'),
(1115, 'TC0012', 'Armel', 'Kadje', NULL, '2017-06-11', NULL, NULL, 18, 2, 12, 3, 2, 3, 3, NULL, NULL, NULL, 'd6cc7b94-d34a-40cf-a59c-d1a861bf0970.jpg'),
(1116, 'BJ00043', 'ADAMNE', 'Bertin', NULL, '2017-06-26', NULL, NULL, 14, 2, 12, 3, 2, 3, 3, NULL, NULL, NULL, 'd6cc7b94-d34a-40cf-a59c-d1a861bf0970.jpg'),
(1117, 'TG00032', 'AKAKPO AGBAN', 'Alban', NULL, '2017-06-26', NULL, NULL, 15, 2, 12, 3, 2, 3, 3, NULL, NULL, NULL, 'd6cc7b94-d34a-40cf-a59c-d1a861bf0970.jpg'),
(1118, 'BF00421', 'BADINI', 'Adama', NULL, '2017-06-26', NULL, NULL, 20, 2, 12, 3, 2, 3, 3, NULL, NULL, NULL, 'd6cc7b94-d34a-40cf-a59c-d1a861bf0970.jpg'),
(1119, 'NE00714', 'CHEFOU', 'IDI', NULL, '2017-06-26', NULL, NULL, 55, 2, 12, 3, 2, 3, 3, NULL, NULL, NULL, 'd6cc7b94-d34a-40cf-a59c-d1a861bf0970.jpg'),
(1120, 'NE00729', 'ABDOULKARIM', 'ALI', NULL, '2017-06-11', NULL, NULL, 130, 2, 12, 3, 2, 3, 3, NULL, NULL, NULL, 'd6cc7b94-d34a-40cf-a59c-d1a861bf0970.jpg'),
(1121, 'TC0012', 'Armel', 'Kadje', NULL, '2017-06-11', NULL, NULL, 18, 2, 12, 3, 2, 3, 3, NULL, NULL, NULL, 'd6cc7b94-d34a-40cf-a59c-d1a861bf0970.jpg'),
(1122, 'BJ00043', 'ADAMNE', 'Bertin', NULL, '2017-06-26', NULL, NULL, 14, 2, 12, 3, 2, 3, 3, NULL, NULL, NULL, 'd6cc7b94-d34a-40cf-a59c-d1a861bf0970.jpg'),
(1123, 'TG00032', 'AKAKPO AGBAN', 'Alban', NULL, '2017-06-26', NULL, NULL, 15, 2, 12, 3, 2, 3, 3, NULL, NULL, NULL, 'd6cc7b94-d34a-40cf-a59c-d1a861bf0970.jpg'),
(1124, 'BF00421', 'BADINI', 'Adama', NULL, '2017-06-26', NULL, NULL, 20, 2, 12, 3, 2, 3, 3, NULL, NULL, NULL, 'd6cc7b94-d34a-40cf-a59c-d1a861bf0970.jpg'),
(1125, 'NE00714', 'CHEFOU', 'IDI', NULL, '2017-06-26', NULL, NULL, 55, 2, 12, 3, 2, 3, 3, NULL, NULL, NULL, 'd6cc7b94-d34a-40cf-a59c-d1a861bf0970.jpg'),
(1126, 'NE00729', 'ABDOULKARIM', 'ALI', NULL, '2017-06-11', NULL, NULL, 130, 2, 12, 3, 2, 3, 3, NULL, NULL, NULL, 'd6cc7b94-d34a-40cf-a59c-d1a861bf0970.jpg'),
(1127, 'TC0012', 'Armel', 'Kadje', NULL, '2017-06-11', NULL, NULL, 18, 2, 12, 3, 2, 3, 3, NULL, NULL, NULL, 'd6cc7b94-d34a-40cf-a59c-d1a861bf0970.jpg'),
(1128, 'BJ00043', 'ADAMNE', 'Bertin', NULL, '2017-06-26', NULL, NULL, 14, 2, 12, 3, 2, 3, 3, NULL, NULL, NULL, 'd6cc7b94-d34a-40cf-a59c-d1a861bf0970.jpg'),
(1129, 'TG00032', 'AKAKPO AGBAN', 'Alban', NULL, '2017-06-26', NULL, NULL, 15, 2, 12, 3, 2, 3, 3, NULL, NULL, NULL, 'd6cc7b94-d34a-40cf-a59c-d1a861bf0970.jpg'),
(1130, 'BF00421', 'BADINI', 'Adama', NULL, '2017-06-26', NULL, NULL, 20, 2, 12, 3, 2, 3, 3, NULL, NULL, NULL, 'd6cc7b94-d34a-40cf-a59c-d1a861bf0970.jpg'),
(1131, 'NE00714', 'CHEFOU', 'IDI', NULL, '2017-06-26', NULL, NULL, 55, 2, 12, 3, 2, 3, 3, NULL, NULL, NULL, 'd6cc7b94-d34a-40cf-a59c-d1a861bf0970.jpg'),
(1132, 'NE00729', 'ABDOULKARIM', 'ALI', NULL, '2017-06-11', NULL, NULL, 130, 2, 12, 3, 2, 3, 3, NULL, NULL, NULL, 'd6cc7b94-d34a-40cf-a59c-d1a861bf0970.jpg'),
(1133, 'TC0012', 'Armel', 'Kadje', NULL, '2017-06-11', NULL, NULL, 18, 2, 12, 3, 2, 3, 3, NULL, NULL, NULL, 'd6cc7b94-d34a-40cf-a59c-d1a861bf0970.jpg'),
(1134, 'BJ00043', 'ADAMNE', 'Bertin', NULL, '2017-06-26', NULL, NULL, 14, 2, 12, 3, 2, 3, 3, NULL, NULL, NULL, 'd6cc7b94-d34a-40cf-a59c-d1a861bf0970.jpg'),
(1135, 'TG00032', 'AKAKPO AGBAN', 'Alban', NULL, '2017-06-26', NULL, NULL, 15, 2, 12, 3, 2, 3, 3, NULL, NULL, NULL, 'd6cc7b94-d34a-40cf-a59c-d1a861bf0970.jpg'),
(1136, 'BF00421', 'BADINI', 'Adama', NULL, '2017-06-26', NULL, NULL, 20, 2, 12, 3, 2, 3, 3, NULL, NULL, NULL, 'd6cc7b94-d34a-40cf-a59c-d1a861bf0970.jpg'),
(1137, 'NE00714', 'CHEFOU', 'IDI', NULL, '2017-06-26', NULL, NULL, 55, 2, 12, 3, 2, 3, 3, NULL, NULL, NULL, 'd6cc7b94-d34a-40cf-a59c-d1a861bf0970.jpg'),
(1138, 'NE00729', 'ABDOULKARIM', 'ALI', NULL, '2017-06-11', NULL, NULL, 130, 2, 12, 3, 2, 3, 3, NULL, NULL, NULL, 'd6cc7b94-d34a-40cf-a59c-d1a861bf0970.jpg'),
(1139, 'TC0012', 'Armel', 'Kadje', NULL, '2017-06-11', NULL, NULL, 18, 2, 12, 3, 2, 3, 3, NULL, NULL, NULL, 'd6cc7b94-d34a-40cf-a59c-d1a861bf0970.jpg'),
(1140, 'BJ00043', 'ADAMNE', 'Bertin', NULL, '2017-06-26', NULL, NULL, 14, 2, 12, 3, 2, 3, 3, NULL, NULL, NULL, 'd6cc7b94-d34a-40cf-a59c-d1a861bf0970.jpg'),
(1141, 'TG00032', 'AKAKPO AGBAN', 'Alban', NULL, '2017-06-26', NULL, NULL, 15, 2, 12, 3, 2, 3, 3, NULL, NULL, NULL, 'd6cc7b94-d34a-40cf-a59c-d1a861bf0970.jpg'),
(1142, 'BF00421', 'BADINI', 'Adama', NULL, '2017-06-26', NULL, NULL, 20, 2, 12, 3, 2, 3, 3, NULL, NULL, NULL, 'd6cc7b94-d34a-40cf-a59c-d1a861bf0970.jpg'),
(1143, 'NE00714', 'CHEFOU', 'IDI', NULL, '2017-06-26', NULL, NULL, 55, 2, 12, 3, 2, 3, 3, NULL, NULL, NULL, 'd6cc7b94-d34a-40cf-a59c-d1a861bf0970.jpg'),
(1144, 'NE00729', 'ABDOULKARIM', 'ALI', NULL, '2017-06-11', NULL, NULL, 130, 2, 12, 3, 2, 3, 3, NULL, NULL, NULL, 'd6cc7b94-d34a-40cf-a59c-d1a861bf0970.jpg'),
(1145, 'TC0012', 'Armel', 'Kadje', NULL, '2017-06-11', NULL, NULL, 18, 2, 12, 3, 2, 3, 3, NULL, NULL, NULL, 'd6cc7b94-d34a-40cf-a59c-d1a861bf0970.jpg'),
(1146, 'BJ00043', 'ADAMNE', 'Bertin', NULL, '2017-06-26', NULL, NULL, 14, 2, 12, 3, 2, 3, 3, NULL, NULL, NULL, 'd6cc7b94-d34a-40cf-a59c-d1a861bf0970.jpg'),
(1147, 'TG00032', 'AKAKPO AGBAN', 'Alban', NULL, '2017-06-26', NULL, NULL, 15, 2, 12, 3, 2, 3, 3, NULL, NULL, NULL, 'd6cc7b94-d34a-40cf-a59c-d1a861bf0970.jpg'),
(1148, 'BF00421', 'BADINI', 'Adama', NULL, '2017-06-26', NULL, NULL, 20, 2, 12, 3, 2, 3, 3, NULL, NULL, NULL, 'd6cc7b94-d34a-40cf-a59c-d1a861bf0970.jpg'),
(1149, 'NE00714', 'CHEFOU', 'IDI', NULL, '2017-06-26', NULL, NULL, 55, 2, 12, 3, 2, 3, 3, NULL, NULL, NULL, 'd6cc7b94-d34a-40cf-a59c-d1a861bf0970.jpg'),
(1150, 'NE00729', 'ABDOULKARIM', 'ALI', NULL, '2017-06-11', NULL, NULL, 130, 2, 12, 3, 2, 3, 3, NULL, NULL, NULL, 'd6cc7b94-d34a-40cf-a59c-d1a861bf0970.jpg'),
(1151, 'TC0012', 'Armel', 'Kadje', NULL, '2017-06-11', NULL, NULL, 18, 2, 12, 3, 2, 3, 3, NULL, NULL, NULL, 'd6cc7b94-d34a-40cf-a59c-d1a861bf0970.jpg'),
(1152, 'BJ00043', 'ADAMNE', 'Bertin', NULL, '2017-06-26', NULL, NULL, 14, 2, 12, 3, 2, 3, 3, NULL, NULL, NULL, 'd6cc7b94-d34a-40cf-a59c-d1a861bf0970.jpg'),
(1153, 'TG00032', 'AKAKPO AGBAN', 'Alban', NULL, '2017-06-26', NULL, NULL, 15, 2, 12, 3, 2, 3, 3, NULL, NULL, NULL, 'd6cc7b94-d34a-40cf-a59c-d1a861bf0970.jpg'),
(1154, 'BF00421', 'BADINI', 'Adama', NULL, '2017-06-26', NULL, NULL, 20, 2, 12, 3, 2, 3, 3, NULL, NULL, NULL, 'd6cc7b94-d34a-40cf-a59c-d1a861bf0970.jpg'),
(1155, 'NE00714', 'CHEFOU', 'IDI', NULL, '2017-06-26', NULL, NULL, 55, 2, 12, 3, 2, 3, 3, NULL, NULL, NULL, 'd6cc7b94-d34a-40cf-a59c-d1a861bf0970.jpg'),
(1156, 'NE00729', 'ABDOULKARIM', 'ALI', NULL, '2017-06-11', NULL, NULL, 130, 2, 12, 3, 2, 3, 3, NULL, NULL, NULL, 'd6cc7b94-d34a-40cf-a59c-d1a861bf0970.jpg'),
(1157, 'TC0012', 'Armel', 'Kadje', NULL, '2017-06-11', NULL, NULL, 18, 2, 12, 3, 2, 3, 3, NULL, NULL, NULL, 'd6cc7b94-d34a-40cf-a59c-d1a861bf0970.jpg'),
(1158, 'BJ00043', 'ADAMNE', 'Bertin', NULL, '2017-06-26', NULL, NULL, 14, 2, 12, 3, 2, 3, 3, NULL, NULL, NULL, 'd6cc7b94-d34a-40cf-a59c-d1a861bf0970.jpg'),
(1159, 'TG00032', 'AKAKPO AGBAN', 'Alban', NULL, '2017-06-26', NULL, NULL, 15, 2, 12, 3, 2, 3, 3, NULL, NULL, NULL, 'd6cc7b94-d34a-40cf-a59c-d1a861bf0970.jpg'),
(1160, 'BF00421', 'BADINI', 'Adama', NULL, '2017-06-26', NULL, NULL, 20, 2, 12, 3, 2, 3, 3, NULL, NULL, NULL, 'd6cc7b94-d34a-40cf-a59c-d1a861bf0970.jpg'),
(1161, 'NE00714', 'CHEFOU', 'IDI', NULL, '2017-06-26', NULL, NULL, 55, 2, 12, 3, 2, 3, 3, NULL, NULL, NULL, 'd6cc7b94-d34a-40cf-a59c-d1a861bf0970.jpg'),
(1162, 'NE00729', 'ABDOULKARIM', 'ALI', NULL, '2017-06-11', NULL, NULL, 130, 2, 12, 3, 2, 3, 3, NULL, NULL, NULL, 'd6cc7b94-d34a-40cf-a59c-d1a861bf0970.jpg'),
(1163, 'TC0012', 'Armel', 'Kadje', NULL, '2017-06-11', NULL, NULL, 18, 2, 12, 3, 2, 3, 3, NULL, NULL, NULL, 'd6cc7b94-d34a-40cf-a59c-d1a861bf0970.jpg'),
(1164, 'BJ00043', 'ADAMNE', 'Bertin', NULL, '2017-06-26', NULL, NULL, 14, 2, 12, 3, 2, 3, 3, NULL, NULL, NULL, 'd6cc7b94-d34a-40cf-a59c-d1a861bf0970.jpg'),
(1165, 'TG00032', 'AKAKPO AGBAN', 'Alban', NULL, '2017-06-26', NULL, NULL, 15, 2, 12, 3, 2, 3, 3, NULL, NULL, NULL, 'd6cc7b94-d34a-40cf-a59c-d1a861bf0970.jpg'),
(1166, 'BF00421', 'BADINI', 'Adama', NULL, '2017-06-26', NULL, NULL, 20, 2, 12, 3, 2, 3, 3, NULL, NULL, NULL, 'd6cc7b94-d34a-40cf-a59c-d1a861bf0970.jpg'),
(1167, 'NE00714', 'CHEFOU', 'IDI', NULL, '2017-06-26', NULL, NULL, 55, 2, 12, 3, 2, 3, 3, NULL, NULL, NULL, 'd6cc7b94-d34a-40cf-a59c-d1a861bf0970.jpg'),
(1168, 'NE00729', 'ABDOULKARIM', 'ALI', NULL, '2017-06-11', NULL, NULL, 130, 2, 12, 3, 2, 3, 3, NULL, NULL, NULL, 'd6cc7b94-d34a-40cf-a59c-d1a861bf0970.jpg'),
(1169, 'TC0012', 'Armel', 'Kadje', NULL, '2017-06-11', NULL, NULL, 18, 2, 12, 3, 2, 3, 3, NULL, NULL, NULL, 'd6cc7b94-d34a-40cf-a59c-d1a861bf0970.jpg'),
(1170, 'BJ00043', 'ADAMNE', 'Bertin', NULL, '2017-06-26', NULL, NULL, 14, 2, 12, 3, 2, 3, 3, NULL, NULL, NULL, 'd6cc7b94-d34a-40cf-a59c-d1a861bf0970.jpg'),
(1171, 'TG00032', 'AKAKPO AGBAN', 'Alban', NULL, '2017-06-26', NULL, NULL, 15, 2, 12, 3, 2, 3, 3, NULL, NULL, NULL, 'd6cc7b94-d34a-40cf-a59c-d1a861bf0970.jpg'),
(1172, 'BF00421', 'BADINI', 'Adama', NULL, '2017-06-26', NULL, NULL, 20, 2, 12, 3, 2, 3, 3, NULL, NULL, NULL, 'd6cc7b94-d34a-40cf-a59c-d1a861bf0970.jpg'),
(1173, 'NE00714', 'CHEFOU', 'IDI', NULL, '2017-06-26', NULL, NULL, 55, 2, 12, 3, 2, 3, 3, NULL, NULL, NULL, 'd6cc7b94-d34a-40cf-a59c-d1a861bf0970.jpg'),
(1174, 'NE00729', 'ABDOULKARIM', 'ALI', NULL, '2017-06-11', NULL, NULL, 130, 2, 12, 3, 2, 3, 3, NULL, NULL, NULL, 'd6cc7b94-d34a-40cf-a59c-d1a861bf0970.jpg'),
(1175, 'TC0012', 'Armel', 'Kadje', NULL, '2017-06-11', NULL, NULL, 18, 2, 12, 3, 2, 3, 3, NULL, NULL, NULL, 'd6cc7b94-d34a-40cf-a59c-d1a861bf0970.jpg'),
(1176, 'BJ00043', 'ADAMNE', 'Bertin', NULL, '2017-06-26', NULL, NULL, 14, 2, 12, 3, 2, 3, 3, NULL, NULL, NULL, 'd6cc7b94-d34a-40cf-a59c-d1a861bf0970.jpg'),
(1177, 'TG00032', 'AKAKPO AGBAN', 'Alban', NULL, '2017-06-26', NULL, NULL, 15, 2, 12, 3, 2, 3, 3, NULL, NULL, NULL, 'd6cc7b94-d34a-40cf-a59c-d1a861bf0970.jpg'),
(1178, 'BF00421', 'BADINI', 'Adama', NULL, '2017-06-26', NULL, NULL, 20, 2, 12, 3, 2, 3, 3, NULL, NULL, NULL, 'd6cc7b94-d34a-40cf-a59c-d1a861bf0970.jpg'),
(1179, 'NE00714', 'CHEFOU', 'IDI', NULL, '2017-06-26', NULL, NULL, 55, 2, 12, 3, 2, 3, 3, NULL, NULL, NULL, 'd6cc7b94-d34a-40cf-a59c-d1a861bf0970.jpg'),
(1180, 'NE00729', 'ABDOULKARIM', 'ALI', NULL, '2017-06-11', NULL, NULL, 130, 2, 12, 3, 2, 3, 3, NULL, NULL, NULL, 'd6cc7b94-d34a-40cf-a59c-d1a861bf0970.jpg'),
(1181, 'TC0012', 'Armel', 'Kadje', NULL, '2017-06-11', NULL, NULL, 18, 2, 12, 3, 2, 3, 3, NULL, NULL, NULL, 'd6cc7b94-d34a-40cf-a59c-d1a861bf0970.jpg'),
(1182, 'BJ00043', 'ADAMNE', 'Bertin', NULL, '2017-06-26', NULL, NULL, 14, 2, 12, 3, 2, 3, 3, NULL, NULL, NULL, 'd6cc7b94-d34a-40cf-a59c-d1a861bf0970.jpg'),
(1183, 'TG00032', 'AKAKPO AGBAN', 'Alban', NULL, '2017-06-26', NULL, NULL, 15, 2, 12, 3, 2, 3, 3, NULL, NULL, NULL, 'd6cc7b94-d34a-40cf-a59c-d1a861bf0970.jpg'),
(1184, 'BF00421', 'BADINI', 'Adama', NULL, '2017-06-26', NULL, NULL, 20, 2, 12, 3, 2, 3, 3, NULL, NULL, NULL, 'd6cc7b94-d34a-40cf-a59c-d1a861bf0970.jpg'),
(1185, 'NE00714', 'CHEFOU', 'IDI', NULL, '2017-06-26', NULL, NULL, 55, 2, 12, 3, 2, 3, 3, NULL, NULL, NULL, 'd6cc7b94-d34a-40cf-a59c-d1a861bf0970.jpg'),
(1186, 'NE00729', 'ABDOULKARIM', 'ALI', NULL, '2017-06-11', NULL, NULL, 130, 2, 12, 3, 2, 3, 3, NULL, NULL, NULL, 'd6cc7b94-d34a-40cf-a59c-d1a861bf0970.jpg'),
(1187, 'TC0012', 'Armel', 'Kadje', NULL, '2017-06-11', NULL, NULL, 18, 2, 12, 3, 2, 3, 3, NULL, NULL, NULL, 'd6cc7b94-d34a-40cf-a59c-d1a861bf0970.jpg'),
(1188, 'BJ00043', 'ADAMNE', 'Bertin', NULL, '2017-06-26', NULL, NULL, 14, 2, 12, 3, 2, 3, 3, NULL, NULL, NULL, 'd6cc7b94-d34a-40cf-a59c-d1a861bf0970.jpg'),
(1189, 'TG00032', 'AKAKPO AGBAN', 'Alban', NULL, '2017-06-26', NULL, NULL, 15, 2, 12, 3, 2, 3, 3, NULL, NULL, NULL, 'd6cc7b94-d34a-40cf-a59c-d1a861bf0970.jpg'),
(1190, 'BF00421', 'BADINI', 'Adama', NULL, '2017-06-26', NULL, NULL, 20, 2, 12, 3, 2, 3, 3, NULL, NULL, NULL, 'd6cc7b94-d34a-40cf-a59c-d1a861bf0970.jpg'),
(1191, 'NE00714', 'CHEFOU', 'IDI', NULL, '2017-06-26', NULL, NULL, 55, 2, 12, 3, 2, 3, 3, NULL, NULL, NULL, 'd6cc7b94-d34a-40cf-a59c-d1a861bf0970.jpg'),
(1192, 'NE00729', 'ABDOULKARIM', 'ALI', NULL, '2017-06-11', NULL, NULL, 130, 2, 12, 3, 2, 3, 3, NULL, NULL, NULL, 'd6cc7b94-d34a-40cf-a59c-d1a861bf0970.jpg'),
(1193, 'TC0012', 'Armel', 'Kadje', NULL, '2017-06-11', NULL, NULL, 18, 2, 12, 3, 2, 3, 3, NULL, NULL, NULL, 'd6cc7b94-d34a-40cf-a59c-d1a861bf0970.jpg'),
(1194, 'BJ00043', 'ADAMNE', 'Bertin', NULL, '2017-06-26', NULL, NULL, 14, 2, 12, 3, 2, 3, 3, NULL, NULL, NULL, 'd6cc7b94-d34a-40cf-a59c-d1a861bf0970.jpg'),
(1195, 'TG00032', 'AKAKPO AGBAN', 'Alban', NULL, '2017-06-26', NULL, NULL, 15, 2, 12, 3, 2, 3, 3, NULL, NULL, NULL, 'd6cc7b94-d34a-40cf-a59c-d1a861bf0970.jpg'),
(1196, 'BF00421', 'BADINI', 'Adama', NULL, '2017-06-26', NULL, NULL, 20, 2, 12, 3, 2, 3, 3, NULL, NULL, NULL, 'd6cc7b94-d34a-40cf-a59c-d1a861bf0970.jpg'),
(1197, 'NE00714', 'CHEFOU', 'IDI', NULL, '2017-06-26', NULL, NULL, 55, 2, 12, 3, 2, 3, 3, NULL, NULL, NULL, 'd6cc7b94-d34a-40cf-a59c-d1a861bf0970.jpg'),
(1198, 'NE00729', 'ABDOULKARIM', 'ALI', NULL, '2017-06-11', NULL, NULL, 130, 2, 12, 3, 2, 3, 3, NULL, NULL, NULL, 'd6cc7b94-d34a-40cf-a59c-d1a861bf0970.jpg'),
(1199, 'TC0012', 'Armel', 'Kadje', NULL, '2017-06-11', NULL, NULL, 18, 2, 12, 3, 2, 3, 3, NULL, NULL, NULL, 'd6cc7b94-d34a-40cf-a59c-d1a861bf0970.jpg'),
(1200, 'BJ00043', 'ADAMNE', 'Bertin', NULL, '2017-06-26', NULL, NULL, 14, 2, 12, 3, 2, 3, 3, NULL, NULL, NULL, 'd6cc7b94-d34a-40cf-a59c-d1a861bf0970.jpg'),
(1201, 'TG00032', 'AKAKPO AGBAN', 'Alban', NULL, '2017-06-26', NULL, NULL, 15, 2, 12, 3, 2, 3, 3, NULL, NULL, NULL, 'd6cc7b94-d34a-40cf-a59c-d1a861bf0970.jpg'),
(1202, 'BF00421', 'BADINI', 'Adama', NULL, '2017-06-26', NULL, NULL, 20, 2, 12, 3, 2, 3, 3, NULL, NULL, NULL, 'd6cc7b94-d34a-40cf-a59c-d1a861bf0970.jpg'),
(1203, 'NE00714', 'CHEFOU', 'IDI', NULL, '2017-06-26', NULL, NULL, 55, 2, 12, 3, 2, 3, 3, NULL, NULL, NULL, 'd6cc7b94-d34a-40cf-a59c-d1a861bf0970.jpg'),
(1204, 'NE00729', 'ABDOULKARIM', 'ALI', NULL, '2017-06-11', NULL, NULL, 130, 2, 12, 3, 2, 3, 3, NULL, NULL, NULL, 'd6cc7b94-d34a-40cf-a59c-d1a861bf0970.jpg'),
(1205, 'TC0012', 'Armel', 'Kadje', NULL, '2017-06-11', NULL, NULL, 18, 2, 12, 3, 2, 3, 3, NULL, NULL, NULL, 'd6cc7b94-d34a-40cf-a59c-d1a861bf0970.jpg'),
(1206, 'BJ00043', 'ADAMNE', 'Bertin', NULL, '2017-06-26', NULL, NULL, 14, 2, 12, 3, 2, 3, 3, NULL, NULL, NULL, 'd6cc7b94-d34a-40cf-a59c-d1a861bf0970.jpg'),
(1207, 'TG00032', 'AKAKPO AGBAN', 'Alban', NULL, '2017-06-26', NULL, NULL, 15, 2, 12, 3, 2, 3, 3, NULL, NULL, NULL, 'd6cc7b94-d34a-40cf-a59c-d1a861bf0970.jpg'),
(1208, 'BF00421', 'BADINI', 'Adama', NULL, '2017-06-26', NULL, NULL, 20, 2, 12, 3, 2, 3, 3, NULL, NULL, NULL, 'd6cc7b94-d34a-40cf-a59c-d1a861bf0970.jpg'),
(1209, 'NE00714', 'CHEFOU', 'IDI', NULL, '2017-06-26', NULL, NULL, 55, 2, 12, 3, 2, 3, 3, NULL, NULL, NULL, 'd6cc7b94-d34a-40cf-a59c-d1a861bf0970.jpg'),
(1210, 'NE00729', 'ABDOULKARIM', 'ALI', NULL, '2017-06-11', NULL, NULL, 130, 2, 12, 3, 2, 3, 3, NULL, NULL, NULL, 'd6cc7b94-d34a-40cf-a59c-d1a861bf0970.jpg'),
(1211, 'TC0012', 'Armel', 'Kadje', NULL, '2017-06-11', NULL, NULL, 18, 2, 12, 3, 2, 3, 3, NULL, NULL, NULL, 'd6cc7b94-d34a-40cf-a59c-d1a861bf0970.jpg'),
(1212, 'BJ00043', 'ADAMNE', 'Bertin', NULL, '2017-06-26', NULL, NULL, 14, 2, 12, 3, 2, 3, 3, NULL, NULL, NULL, 'd6cc7b94-d34a-40cf-a59c-d1a861bf0970.jpg'),
(1213, 'TG00032', 'AKAKPO AGBAN', 'Alban', NULL, '2017-06-26', NULL, NULL, 15, 2, 12, 3, 2, 3, 3, NULL, NULL, NULL, 'd6cc7b94-d34a-40cf-a59c-d1a861bf0970.jpg'),
(1214, 'BF00421', 'BADINI', 'Adama', NULL, '2017-06-26', NULL, NULL, 20, 2, 12, 3, 2, 3, 3, NULL, NULL, NULL, 'd6cc7b94-d34a-40cf-a59c-d1a861bf0970.jpg'),
(1215, 'NE00714', 'CHEFOU', 'IDI', NULL, '2017-06-26', NULL, NULL, 55, 2, 12, 3, 2, 3, 3, NULL, NULL, NULL, 'd6cc7b94-d34a-40cf-a59c-d1a861bf0970.jpg'),
(1216, 'NE00729', 'ABDOULKARIM', 'ALI', NULL, '2017-06-11', NULL, NULL, 130, 2, 12, 3, 2, 3, 3, NULL, NULL, NULL, 'd6cc7b94-d34a-40cf-a59c-d1a861bf0970.jpg'),
(1217, 'TC0012', 'Armel', 'Kadje', NULL, '2017-06-11', NULL, NULL, 18, 2, 12, 3, 2, 3, 3, NULL, NULL, NULL, 'd6cc7b94-d34a-40cf-a59c-d1a861bf0970.jpg'),
(1218, 'BJ00043', 'ADAMNE', 'Bertin', NULL, '2017-06-26', NULL, NULL, 14, 2, 12, 3, 2, 3, 3, NULL, NULL, NULL, 'd6cc7b94-d34a-40cf-a59c-d1a861bf0970.jpg'),
(1219, 'TG00032', 'AKAKPO AGBAN', 'Alban', NULL, '2017-06-26', NULL, NULL, 15, 2, 12, 3, 2, 3, 3, NULL, NULL, NULL, 'd6cc7b94-d34a-40cf-a59c-d1a861bf0970.jpg'),
(1220, 'BF00421', 'BADINI', 'Adama', NULL, '2017-06-26', NULL, NULL, 20, 2, 12, 3, 2, 3, 3, NULL, NULL, NULL, 'd6cc7b94-d34a-40cf-a59c-d1a861bf0970.jpg'),
(1221, 'NE00714', 'CHEFOU', 'IDI', NULL, '2017-06-26', NULL, NULL, 55, 2, 12, 3, 2, 3, 3, NULL, NULL, NULL, 'd6cc7b94-d34a-40cf-a59c-d1a861bf0970.jpg'),
(1222, 'NE00729', 'ABDOULKARIM', 'ALI', NULL, '2017-06-11', NULL, NULL, 130, 2, 12, 3, 2, 3, 3, NULL, NULL, NULL, 'd6cc7b94-d34a-40cf-a59c-d1a861bf0970.jpg'),
(1223, 'TC0012', 'Armel', 'Kadje', NULL, '2017-06-11', NULL, NULL, 18, 2, 12, 3, 2, 3, 3, NULL, NULL, NULL, 'd6cc7b94-d34a-40cf-a59c-d1a861bf0970.jpg'),
(1224, 'BJ00043', 'ADAMNE', 'Bertin', NULL, '2017-06-26', NULL, NULL, 14, 2, 12, 3, 2, 3, 3, NULL, NULL, NULL, 'd6cc7b94-d34a-40cf-a59c-d1a861bf0970.jpg'),
(1225, 'TG00032', 'AKAKPO AGBAN', 'Alban', NULL, '2017-06-26', NULL, NULL, 15, 2, 12, 3, 2, 3, 3, NULL, NULL, NULL, 'd6cc7b94-d34a-40cf-a59c-d1a861bf0970.jpg'),
(1226, 'BF00421', 'BADINI', 'Adama', NULL, '2017-06-26', NULL, NULL, 20, 2, 12, 3, 2, 3, 3, NULL, NULL, NULL, 'd6cc7b94-d34a-40cf-a59c-d1a861bf0970.jpg'),
(1227, 'NE00714', 'CHEFOU', 'IDI', NULL, '2017-06-26', NULL, NULL, 55, 2, 12, 3, 2, 3, 3, NULL, NULL, NULL, 'd6cc7b94-d34a-40cf-a59c-d1a861bf0970.jpg'),
(1228, 'NE00729', 'ABDOULKARIM', 'ALI', NULL, '2017-06-11', NULL, NULL, 130, 2, 12, 3, 2, 3, 3, NULL, NULL, NULL, 'd6cc7b94-d34a-40cf-a59c-d1a861bf0970.jpg'),
(1229, 'TC0012', 'Armel', 'Kadje', NULL, '2017-06-11', NULL, NULL, 18, 2, 12, 3, 2, 3, 3, NULL, NULL, NULL, 'd6cc7b94-d34a-40cf-a59c-d1a861bf0970.jpg'),
(1230, 'BJ00043', 'ADAMNE', 'Bertin', NULL, '2017-06-26', NULL, NULL, 14, 2, 12, 3, 2, 3, 3, NULL, NULL, NULL, 'd6cc7b94-d34a-40cf-a59c-d1a861bf0970.jpg'),
(1231, 'TG00032', 'AKAKPO AGBAN', 'Alban', NULL, '2017-06-26', NULL, NULL, 15, 2, 12, 3, 2, 3, 3, NULL, NULL, NULL, 'd6cc7b94-d34a-40cf-a59c-d1a861bf0970.jpg'),
(1232, 'BF00421', 'BADINI', 'Adama', NULL, '2017-06-26', NULL, NULL, 20, 2, 12, 3, 2, 3, 3, NULL, NULL, NULL, 'd6cc7b94-d34a-40cf-a59c-d1a861bf0970.jpg'),
(1233, 'NE00714', 'CHEFOU', 'IDI', NULL, '2017-06-26', NULL, NULL, 55, 2, 12, 3, 2, 3, 3, NULL, NULL, NULL, 'd6cc7b94-d34a-40cf-a59c-d1a861bf0970.jpg'),
(1234, 'NE00729', 'ABDOULKARIM', 'ALI', NULL, '2017-06-11', NULL, NULL, 130, 2, 12, 3, 2, 3, 3, NULL, NULL, NULL, 'd6cc7b94-d34a-40cf-a59c-d1a861bf0970.jpg'),
(1235, 'TC0012', 'Armel', 'Kadje', NULL, '2017-06-11', NULL, NULL, 18, 2, 12, 3, 2, 3, 3, NULL, NULL, NULL, 'd6cc7b94-d34a-40cf-a59c-d1a861bf0970.jpg'),
(1236, 'BJ00043', 'ADAMNE', 'Bertin', NULL, '2017-06-26', NULL, NULL, 14, 2, 12, 3, 2, 3, 3, NULL, NULL, NULL, 'd6cc7b94-d34a-40cf-a59c-d1a861bf0970.jpg'),
(1237, 'TG00032', 'AKAKPO AGBAN', 'Alban', NULL, '2017-06-26', NULL, NULL, 15, 2, 12, 3, 2, 3, 3, NULL, NULL, NULL, 'd6cc7b94-d34a-40cf-a59c-d1a861bf0970.jpg'),
(1238, 'BF00421', 'BADINI', 'Adama', NULL, '2017-06-26', NULL, NULL, 20, 2, 12, 3, 2, 3, 3, NULL, NULL, NULL, 'd6cc7b94-d34a-40cf-a59c-d1a861bf0970.jpg');
INSERT INTO `personnes` (`IDPERSONNE`, `MATRICULE`, `NOM`, `PRENOM`, `AUTRENOM`, `DATENAISS`, `TELEPHONE`, `EMAIL`, `PAYS`, `GROUPE`, `SOCIETE`, `SECTION`, `CONTRAT`, `AMBITION`, `LANGUE`, `DATECONTRAT`, `MEMO`, `POTENTIEL`, `PHOTO`) VALUES
(1239, 'NE00714', 'CHEFOU', 'IDI', NULL, '2017-06-26', NULL, NULL, 55, 2, 12, 3, 2, 3, 3, NULL, NULL, NULL, 'd6cc7b94-d34a-40cf-a59c-d1a861bf0970.jpg'),
(1240, 'NE00729', 'ABDOULKARIM', 'ALI', NULL, '2017-06-11', NULL, NULL, 130, 2, 12, 3, 2, 3, 3, NULL, NULL, NULL, 'd6cc7b94-d34a-40cf-a59c-d1a861bf0970.jpg'),
(1241, 'TC0012', 'Armel', 'Kadje', NULL, '2017-06-11', NULL, NULL, 18, 2, 12, 3, 2, 3, 3, NULL, NULL, NULL, 'd6cc7b94-d34a-40cf-a59c-d1a861bf0970.jpg'),
(1242, 'BJ00043', 'ADAMNE', 'Bertin', NULL, '2017-06-26', NULL, NULL, 14, 2, 12, 3, 2, 3, 3, NULL, NULL, NULL, 'd6cc7b94-d34a-40cf-a59c-d1a861bf0970.jpg'),
(1243, 'TG00032', 'AKAKPO AGBAN', 'Alban', NULL, '2017-06-26', NULL, NULL, 15, 2, 12, 3, 2, 3, 3, NULL, NULL, NULL, 'd6cc7b94-d34a-40cf-a59c-d1a861bf0970.jpg'),
(1244, 'BF00421', 'BADINI', 'Adama', NULL, '2017-06-26', NULL, NULL, 20, 2, 12, 3, 2, 3, 3, NULL, NULL, NULL, 'd6cc7b94-d34a-40cf-a59c-d1a861bf0970.jpg'),
(1245, 'NE00714', 'CHEFOU', 'IDI', NULL, '2017-06-26', NULL, NULL, 55, 2, 12, 3, 2, 3, 3, NULL, NULL, NULL, 'd6cc7b94-d34a-40cf-a59c-d1a861bf0970.jpg'),
(1246, 'NE00729', 'ABDOULKARIM', 'ALI', NULL, '2017-06-11', NULL, NULL, 130, 2, 12, 3, 2, 3, 3, NULL, NULL, NULL, 'd6cc7b94-d34a-40cf-a59c-d1a861bf0970.jpg'),
(1247, 'TC0012', 'Armel', 'Kadje', NULL, '2017-06-11', NULL, NULL, 18, 2, 12, 3, 2, 3, 3, NULL, NULL, NULL, 'd6cc7b94-d34a-40cf-a59c-d1a861bf0970.jpg'),
(1248, 'BJ00043', 'ADAMNE', 'Bertin', NULL, '2017-06-26', NULL, NULL, 14, 2, 12, 3, 2, 3, 3, NULL, NULL, NULL, 'd6cc7b94-d34a-40cf-a59c-d1a861bf0970.jpg'),
(1249, 'TG00032', 'AKAKPO AGBAN', 'Alban', NULL, '2017-06-26', NULL, NULL, 15, 2, 12, 3, 2, 3, 3, NULL, NULL, NULL, 'd6cc7b94-d34a-40cf-a59c-d1a861bf0970.jpg'),
(1250, 'BF00421', 'BADINI', 'Adama', NULL, '2017-06-26', NULL, NULL, 20, 2, 12, 3, 2, 3, 3, NULL, NULL, NULL, 'd6cc7b94-d34a-40cf-a59c-d1a861bf0970.jpg'),
(1251, 'NE00714', 'CHEFOU', 'IDI', NULL, '2017-06-26', NULL, NULL, 55, 2, 12, 3, 2, 3, 3, NULL, NULL, NULL, 'd6cc7b94-d34a-40cf-a59c-d1a861bf0970.jpg'),
(1252, 'NE00729', 'ABDOULKARIM', 'ALI', NULL, '2017-06-11', NULL, NULL, 130, 2, 12, 3, 2, 3, 3, NULL, NULL, NULL, 'd6cc7b94-d34a-40cf-a59c-d1a861bf0970.jpg'),
(1253, 'TC0012', 'Armel', 'Kadje', NULL, '2017-06-11', NULL, NULL, 18, 2, 12, 3, 2, 3, 3, NULL, NULL, NULL, 'd6cc7b94-d34a-40cf-a59c-d1a861bf0970.jpg'),
(1254, 'BJ00043', 'ADAMNE', 'Bertin', NULL, '2017-06-26', NULL, NULL, 14, 2, 12, 3, 2, 3, 3, NULL, NULL, NULL, 'd6cc7b94-d34a-40cf-a59c-d1a861bf0970.jpg'),
(1255, 'TG00032', 'AKAKPO AGBAN', 'Alban', NULL, '2017-06-26', NULL, NULL, 15, 2, 12, 3, 2, 3, 3, NULL, NULL, NULL, 'd6cc7b94-d34a-40cf-a59c-d1a861bf0970.jpg'),
(1256, 'BF00421', 'BADINI', 'Adama', NULL, '2017-06-26', NULL, NULL, 20, 2, 12, 3, 2, 3, 3, NULL, NULL, NULL, 'd6cc7b94-d34a-40cf-a59c-d1a861bf0970.jpg'),
(1257, 'NE00714', 'CHEFOU', 'IDI', NULL, '2017-06-26', NULL, NULL, 55, 2, 12, 3, 2, 3, 3, NULL, NULL, NULL, 'd6cc7b94-d34a-40cf-a59c-d1a861bf0970.jpg'),
(1258, 'NE00729', 'ABDOULKARIM', 'ALI', NULL, '2017-06-11', NULL, NULL, 130, 2, 12, 3, 2, 3, 3, NULL, NULL, NULL, 'd6cc7b94-d34a-40cf-a59c-d1a861bf0970.jpg'),
(1259, 'TC0012', 'Armel', 'Kadje', NULL, '2017-06-11', NULL, NULL, 18, 2, 12, 3, 2, 3, 3, NULL, NULL, NULL, 'd6cc7b94-d34a-40cf-a59c-d1a861bf0970.jpg'),
(1260, 'BJ00043', 'ADAMNE', 'Bertin', NULL, '2017-06-26', NULL, NULL, 14, 2, 12, 3, 2, 3, 3, NULL, NULL, NULL, 'd6cc7b94-d34a-40cf-a59c-d1a861bf0970.jpg'),
(1261, 'TG00032', 'AKAKPO AGBAN', 'Alban', NULL, '2017-06-26', NULL, NULL, 15, 2, 12, 3, 2, 3, 3, NULL, NULL, NULL, 'd6cc7b94-d34a-40cf-a59c-d1a861bf0970.jpg'),
(1262, 'BF00421', 'BADINI', 'Adama', NULL, '2017-06-26', NULL, NULL, 20, 2, 12, 3, 2, 3, 3, NULL, NULL, NULL, 'd6cc7b94-d34a-40cf-a59c-d1a861bf0970.jpg'),
(1263, 'NE00714', 'CHEFOU', 'IDI', NULL, '2017-06-26', NULL, NULL, 55, 2, 12, 3, 2, 3, 3, NULL, NULL, NULL, 'd6cc7b94-d34a-40cf-a59c-d1a861bf0970.jpg'),
(1264, 'NE00729', 'ABDOULKARIM', 'ALI', NULL, '2017-06-11', NULL, NULL, 130, 2, 12, 3, 2, 3, 3, NULL, NULL, NULL, 'd6cc7b94-d34a-40cf-a59c-d1a861bf0970.jpg'),
(1265, 'TC0012', 'Armel', 'Kadje', NULL, '2017-06-11', NULL, NULL, 18, 2, 12, 3, 2, 3, 3, NULL, NULL, NULL, 'd6cc7b94-d34a-40cf-a59c-d1a861bf0970.jpg'),
(1266, 'BJ00043', 'ADAMNE', 'Bertin', NULL, '2017-06-26', NULL, NULL, 14, 2, 12, 3, 2, 3, 3, NULL, NULL, NULL, 'd6cc7b94-d34a-40cf-a59c-d1a861bf0970.jpg'),
(1267, 'TG00032', 'AKAKPO AGBAN', 'Alban', NULL, '2017-06-26', NULL, NULL, 15, 2, 12, 3, 2, 3, 3, NULL, NULL, NULL, 'd6cc7b94-d34a-40cf-a59c-d1a861bf0970.jpg'),
(1268, 'BF00421', 'BADINI', 'Adama', NULL, '2017-06-26', NULL, NULL, 20, 2, 12, 3, 2, 3, 3, NULL, NULL, NULL, 'd6cc7b94-d34a-40cf-a59c-d1a861bf0970.jpg'),
(1269, 'NE00714', 'CHEFOU', 'IDI', NULL, '2017-06-26', NULL, NULL, 55, 2, 12, 3, 2, 3, 3, NULL, NULL, NULL, 'd6cc7b94-d34a-40cf-a59c-d1a861bf0970.jpg'),
(1270, 'NE00729', 'ABDOULKARIM', 'ALI', NULL, '2017-06-11', NULL, NULL, 130, 2, 12, 3, 2, 3, 3, NULL, NULL, NULL, 'd6cc7b94-d34a-40cf-a59c-d1a861bf0970.jpg'),
(1271, 'TC0012', 'Armel', 'Kadje', NULL, '2017-06-11', NULL, NULL, 18, 2, 12, 3, 2, 3, 3, NULL, NULL, NULL, 'd6cc7b94-d34a-40cf-a59c-d1a861bf0970.jpg'),
(1272, 'BJ00043', 'ADAMNE', 'Bertin', NULL, '2017-06-26', NULL, NULL, 14, 2, 12, 3, 2, 3, 3, NULL, NULL, NULL, 'd6cc7b94-d34a-40cf-a59c-d1a861bf0970.jpg'),
(1273, 'TG00032', 'AKAKPO AGBAN', 'Alban', NULL, '2017-06-26', NULL, NULL, 15, 2, 12, 3, 2, 3, 3, NULL, NULL, NULL, 'd6cc7b94-d34a-40cf-a59c-d1a861bf0970.jpg'),
(1274, 'BF00421', 'BADINI', 'Adama', NULL, '2017-06-26', NULL, NULL, 20, 2, 12, 3, 2, 3, 3, NULL, NULL, NULL, 'd6cc7b94-d34a-40cf-a59c-d1a861bf0970.jpg'),
(1275, 'NE00714', 'CHEFOU', 'IDI', NULL, '2017-06-26', NULL, NULL, 55, 2, 12, 3, 2, 3, 3, NULL, NULL, NULL, 'd6cc7b94-d34a-40cf-a59c-d1a861bf0970.jpg'),
(1276, 'NE00729', 'ABDOULKARIM', 'ALI', NULL, '2017-06-11', NULL, NULL, 130, 2, 12, 3, 2, 3, 3, NULL, NULL, NULL, 'd6cc7b94-d34a-40cf-a59c-d1a861bf0970.jpg'),
(1277, 'TC0012', 'Armel', 'Kadje', NULL, '2017-06-11', NULL, NULL, 18, 2, 12, 3, 2, 3, 3, NULL, NULL, NULL, 'd6cc7b94-d34a-40cf-a59c-d1a861bf0970.jpg'),
(1278, 'BJ00043', 'ADAMNE', 'Bertin', NULL, '2017-06-26', NULL, NULL, 14, 2, 12, 3, 2, 3, 3, NULL, NULL, NULL, 'd6cc7b94-d34a-40cf-a59c-d1a861bf0970.jpg'),
(1279, 'TG00032', 'AKAKPO AGBAN', 'Alban', NULL, '2017-06-26', NULL, NULL, 15, 2, 12, 3, 2, 3, 3, NULL, NULL, NULL, 'd6cc7b94-d34a-40cf-a59c-d1a861bf0970.jpg'),
(1280, 'BF00421', 'BADINI', 'Adama', NULL, '2017-06-26', NULL, NULL, 20, 2, 12, 3, 2, 3, 3, NULL, NULL, NULL, 'd6cc7b94-d34a-40cf-a59c-d1a861bf0970.jpg'),
(1281, 'NE00714', 'CHEFOU', 'IDI', NULL, '2017-06-26', NULL, NULL, 55, 2, 12, 3, 2, 3, 3, NULL, NULL, NULL, 'd6cc7b94-d34a-40cf-a59c-d1a861bf0970.jpg'),
(1282, 'NE00729', 'ABDOULKARIM', 'ALI', NULL, '2017-06-11', NULL, NULL, 130, 2, 12, 3, 2, 3, 3, NULL, NULL, NULL, 'd6cc7b94-d34a-40cf-a59c-d1a861bf0970.jpg'),
(1283, 'TC0012', 'Armel', 'Kadje', NULL, '2017-06-11', NULL, NULL, 18, 2, 12, 3, 2, 3, 3, NULL, NULL, NULL, 'd6cc7b94-d34a-40cf-a59c-d1a861bf0970.jpg'),
(1284, 'BJ00043', 'ADAMNE', 'Bertin', NULL, '2017-06-26', NULL, NULL, 14, 2, 12, 3, 2, 3, 3, NULL, NULL, NULL, 'd6cc7b94-d34a-40cf-a59c-d1a861bf0970.jpg'),
(1285, 'TG00032', 'AKAKPO AGBAN', 'Alban', NULL, '2017-06-26', NULL, NULL, 15, 2, 12, 3, 2, 3, 3, NULL, NULL, NULL, 'd6cc7b94-d34a-40cf-a59c-d1a861bf0970.jpg'),
(1286, 'BF00421', 'BADINI', 'Adama', NULL, '2017-06-26', NULL, NULL, 20, 2, 12, 3, 2, 3, 3, NULL, NULL, NULL, 'd6cc7b94-d34a-40cf-a59c-d1a861bf0970.jpg'),
(1287, 'NE00714', 'CHEFOU', 'IDI', NULL, '2017-06-26', NULL, NULL, 55, 2, 12, 3, 2, 3, 3, NULL, NULL, NULL, 'd6cc7b94-d34a-40cf-a59c-d1a861bf0970.jpg'),
(1288, 'NE00729', 'ABDOULKARIM', 'ALI', NULL, '2017-06-11', NULL, NULL, 130, 2, 12, 3, 2, 3, 3, NULL, NULL, NULL, 'd6cc7b94-d34a-40cf-a59c-d1a861bf0970.jpg'),
(1289, 'TC0012', 'Armel', 'Kadje', NULL, '2017-06-11', NULL, NULL, 18, 2, 12, 3, 2, 3, 3, NULL, NULL, NULL, 'd6cc7b94-d34a-40cf-a59c-d1a861bf0970.jpg'),
(1290, 'BJ00043', 'ADAMNE', 'Bertin', NULL, '2017-06-26', NULL, NULL, 14, 2, 12, 3, 2, 3, 3, NULL, NULL, NULL, 'd6cc7b94-d34a-40cf-a59c-d1a861bf0970.jpg'),
(1291, 'TG00032', 'AKAKPO AGBAN', 'Alban', NULL, '2017-06-26', NULL, NULL, 15, 2, 12, 3, 2, 3, 3, NULL, NULL, NULL, 'd6cc7b94-d34a-40cf-a59c-d1a861bf0970.jpg'),
(1292, 'BF00421', 'BADINI', 'Adama', NULL, '2017-06-26', NULL, NULL, 20, 2, 12, 3, 2, 3, 3, NULL, NULL, NULL, 'd6cc7b94-d34a-40cf-a59c-d1a861bf0970.jpg'),
(1293, 'NE00714', 'CHEFOU', 'IDI', NULL, '2017-06-26', NULL, NULL, 55, 2, 12, 3, 2, 3, 3, NULL, NULL, NULL, 'd6cc7b94-d34a-40cf-a59c-d1a861bf0970.jpg'),
(1294, 'NE00729', 'ABDOULKARIM', 'ALI', NULL, '2017-06-11', NULL, NULL, 130, 2, 12, 3, 2, 3, 3, NULL, NULL, NULL, 'd6cc7b94-d34a-40cf-a59c-d1a861bf0970.jpg'),
(1295, 'TC0012', 'Armel', 'Kadje', NULL, '2017-06-11', NULL, NULL, 18, 2, 12, 3, 2, 3, 3, NULL, NULL, NULL, 'd6cc7b94-d34a-40cf-a59c-d1a861bf0970.jpg'),
(1296, 'BJ00043', 'ADAMNE', 'Bertin', NULL, '2017-06-26', NULL, NULL, 14, 2, 12, 3, 2, 3, 3, NULL, NULL, NULL, 'd6cc7b94-d34a-40cf-a59c-d1a861bf0970.jpg'),
(1297, 'TG00032', 'AKAKPO AGBAN', 'Alban', NULL, '2017-06-26', NULL, NULL, 15, 2, 12, 3, 2, 3, 3, NULL, NULL, NULL, 'd6cc7b94-d34a-40cf-a59c-d1a861bf0970.jpg'),
(1298, 'BF00421', 'BADINI', 'Adama', NULL, '2017-06-26', NULL, NULL, 20, 2, 12, 3, 2, 3, 3, NULL, NULL, NULL, 'd6cc7b94-d34a-40cf-a59c-d1a861bf0970.jpg'),
(1299, 'NE00714', 'CHEFOU', 'IDI', NULL, '2017-06-26', NULL, NULL, 55, 2, 12, 3, 2, 3, 3, NULL, NULL, NULL, 'd6cc7b94-d34a-40cf-a59c-d1a861bf0970.jpg'),
(1300, 'NE00729', 'ABDOULKARIM', 'ALI', NULL, '2017-06-11', NULL, NULL, 130, 2, 12, 3, 2, 3, 3, NULL, NULL, NULL, 'd6cc7b94-d34a-40cf-a59c-d1a861bf0970.jpg'),
(1301, 'TC0012', 'Armel', 'Kadje', NULL, '2017-06-11', NULL, NULL, 18, 2, 12, 3, 2, 3, 3, NULL, NULL, NULL, 'd6cc7b94-d34a-40cf-a59c-d1a861bf0970.jpg'),
(1302, 'BJ00043', 'ADAMNE', 'Bertin', NULL, '2017-06-26', NULL, NULL, 14, 2, 12, 3, 2, 3, 3, NULL, NULL, NULL, 'd6cc7b94-d34a-40cf-a59c-d1a861bf0970.jpg'),
(1303, 'TG00032', 'AKAKPO AGBAN', 'Alban', NULL, '2017-06-26', NULL, NULL, 15, 2, 12, 3, 2, 3, 3, NULL, NULL, NULL, 'd6cc7b94-d34a-40cf-a59c-d1a861bf0970.jpg'),
(1304, 'BF00421', 'BADINI', 'Adama', NULL, '2017-06-26', NULL, NULL, 20, 2, 12, 3, 2, 3, 3, NULL, NULL, NULL, 'd6cc7b94-d34a-40cf-a59c-d1a861bf0970.jpg'),
(1305, 'NE00714', 'CHEFOU', 'IDI', NULL, '2017-06-26', NULL, NULL, 55, 2, 12, 3, 2, 3, 3, NULL, NULL, NULL, 'd6cc7b94-d34a-40cf-a59c-d1a861bf0970.jpg'),
(1306, 'NE00729', 'ABDOULKARIM', 'ALI', NULL, '2017-06-11', NULL, NULL, 130, 2, 12, 3, 2, 3, 3, NULL, NULL, NULL, 'd6cc7b94-d34a-40cf-a59c-d1a861bf0970.jpg'),
(1307, 'TC0012', 'Armel', 'Kadje', NULL, '2017-06-11', NULL, NULL, 18, 2, 12, 3, 2, 3, 3, NULL, NULL, NULL, 'd6cc7b94-d34a-40cf-a59c-d1a861bf0970.jpg'),
(1308, 'BJ00043', 'ADAMNE', 'Bertin', NULL, '2017-06-26', NULL, NULL, 14, 2, 12, 3, 2, 3, 3, NULL, NULL, NULL, 'd6cc7b94-d34a-40cf-a59c-d1a861bf0970.jpg'),
(1309, 'TG00032', 'AKAKPO AGBAN', 'Alban', NULL, '2017-06-26', NULL, NULL, 15, 2, 12, 3, 2, 3, 3, NULL, NULL, NULL, 'd6cc7b94-d34a-40cf-a59c-d1a861bf0970.jpg'),
(1310, 'BF00421', 'BADINI', 'Adama', NULL, '2017-06-26', NULL, NULL, 20, 2, 12, 3, 2, 3, 3, NULL, NULL, NULL, 'd6cc7b94-d34a-40cf-a59c-d1a861bf0970.jpg'),
(1311, 'NE00714', 'CHEFOU', 'IDI', NULL, '2017-06-26', NULL, NULL, 55, 2, 12, 3, 2, 3, 3, NULL, NULL, NULL, 'd6cc7b94-d34a-40cf-a59c-d1a861bf0970.jpg'),
(1312, 'NE00729', 'ABDOULKARIM', 'ALI', NULL, '2017-06-11', NULL, NULL, 130, 2, 12, 3, 2, 3, 3, NULL, NULL, NULL, 'd6cc7b94-d34a-40cf-a59c-d1a861bf0970.jpg'),
(1313, 'TC0012', 'Armel', 'Kadje', NULL, '2017-06-11', NULL, NULL, 18, 2, 12, 3, 2, 3, 3, NULL, NULL, NULL, 'd6cc7b94-d34a-40cf-a59c-d1a861bf0970.jpg'),
(1314, 'BJ00043', 'ADAMNE', 'Bertin', NULL, '2017-06-26', NULL, NULL, 14, 2, 12, 3, 2, 3, 3, NULL, NULL, NULL, 'd6cc7b94-d34a-40cf-a59c-d1a861bf0970.jpg'),
(1315, 'TG00032', 'AKAKPO AGBAN', 'Alban', NULL, '2017-06-26', NULL, NULL, 15, 2, 12, 3, 2, 3, 3, NULL, NULL, NULL, 'd6cc7b94-d34a-40cf-a59c-d1a861bf0970.jpg'),
(1316, 'BF00421', 'BADINI', 'Adama', NULL, '2017-06-26', NULL, NULL, 20, 2, 12, 3, 2, 3, 3, NULL, NULL, NULL, 'd6cc7b94-d34a-40cf-a59c-d1a861bf0970.jpg'),
(1317, 'NE00714', 'CHEFOU', 'IDI', NULL, '2017-06-26', NULL, NULL, 55, 2, 12, 3, 2, 3, 3, NULL, NULL, NULL, 'd6cc7b94-d34a-40cf-a59c-d1a861bf0970.jpg'),
(1318, 'NE00729', 'ABDOULKARIM', 'ALI', NULL, '2017-06-11', NULL, NULL, 130, 2, 12, 3, 2, 3, 3, NULL, NULL, NULL, 'd6cc7b94-d34a-40cf-a59c-d1a861bf0970.jpg'),
(1319, 'TC0012', 'Armel', 'Kadje', NULL, '2017-06-11', NULL, NULL, 18, 2, 12, 3, 2, 3, 3, NULL, NULL, NULL, 'd6cc7b94-d34a-40cf-a59c-d1a861bf0970.jpg'),
(1320, 'BJ00043', 'ADAMNE', 'Bertin', NULL, '2017-06-26', NULL, NULL, 14, 2, 12, 3, 2, 3, 3, NULL, NULL, NULL, 'd6cc7b94-d34a-40cf-a59c-d1a861bf0970.jpg'),
(1321, 'TG00032', 'AKAKPO AGBAN', 'Alban', NULL, '2017-06-26', NULL, NULL, 15, 2, 12, 3, 2, 3, 3, NULL, NULL, NULL, 'd6cc7b94-d34a-40cf-a59c-d1a861bf0970.jpg'),
(1322, 'BF00421', 'BADINI', 'Adama', NULL, '2017-06-26', NULL, NULL, 20, 2, 12, 3, 2, 3, 3, NULL, NULL, NULL, 'd6cc7b94-d34a-40cf-a59c-d1a861bf0970.jpg'),
(1323, 'NE00714', 'CHEFOU', 'IDI', NULL, '2017-06-26', NULL, NULL, 55, 2, 12, 3, 2, 3, 3, NULL, NULL, NULL, 'd6cc7b94-d34a-40cf-a59c-d1a861bf0970.jpg'),
(1324, 'NE00729', 'ABDOULKARIM', 'ALI', NULL, '2017-06-11', NULL, NULL, 130, 2, 12, 3, 2, 3, 3, NULL, NULL, NULL, 'd6cc7b94-d34a-40cf-a59c-d1a861bf0970.jpg'),
(1325, 'TC0012', 'Armel', 'Kadje', NULL, '2017-06-11', NULL, NULL, 18, 2, 12, 3, 2, 3, 3, NULL, NULL, NULL, 'd6cc7b94-d34a-40cf-a59c-d1a861bf0970.jpg'),
(1326, 'BJ00043', 'ADAMNE', 'Bertin', NULL, '2017-06-26', NULL, NULL, 14, 2, 12, 3, 2, 3, 3, NULL, NULL, NULL, 'd6cc7b94-d34a-40cf-a59c-d1a861bf0970.jpg'),
(1327, 'TG00032', 'AKAKPO AGBAN', 'Alban', NULL, '2017-06-26', NULL, NULL, 15, 2, 12, 3, 2, 3, 3, NULL, NULL, NULL, 'd6cc7b94-d34a-40cf-a59c-d1a861bf0970.jpg'),
(1328, 'BF00421', 'BADINI', 'Adama', NULL, '2017-06-26', NULL, NULL, 20, 2, 12, 3, 2, 3, 3, NULL, NULL, NULL, 'd6cc7b94-d34a-40cf-a59c-d1a861bf0970.jpg'),
(1329, 'NE00714', 'CHEFOU', 'IDI', NULL, '2017-06-26', NULL, NULL, 55, 2, 12, 3, 2, 3, 3, NULL, NULL, NULL, 'd6cc7b94-d34a-40cf-a59c-d1a861bf0970.jpg'),
(1330, 'NE00729', 'ABDOULKARIM', 'ALI', NULL, '2017-06-11', NULL, NULL, 130, 2, 12, 3, 2, 3, 3, NULL, NULL, NULL, 'd6cc7b94-d34a-40cf-a59c-d1a861bf0970.jpg'),
(1331, 'TC0012', 'Armel', 'Kadje', NULL, '2017-06-11', NULL, NULL, 18, 2, 12, 3, 2, 3, 3, NULL, NULL, NULL, 'd6cc7b94-d34a-40cf-a59c-d1a861bf0970.jpg'),
(1332, 'BJ00043', 'ADAMNE', 'Bertin', NULL, '2017-06-26', NULL, NULL, 14, 2, 12, 3, 2, 3, 3, NULL, NULL, NULL, 'd6cc7b94-d34a-40cf-a59c-d1a861bf0970.jpg'),
(1333, 'TG00032', 'AKAKPO AGBAN', 'Alban', NULL, '2017-06-26', NULL, NULL, 15, 2, 12, 3, 2, 3, 3, NULL, NULL, NULL, 'd6cc7b94-d34a-40cf-a59c-d1a861bf0970.jpg'),
(1334, 'BF00421', 'BADINI', 'Adama', NULL, '2017-06-26', NULL, NULL, 20, 2, 12, 3, 2, 3, 3, NULL, NULL, NULL, 'd6cc7b94-d34a-40cf-a59c-d1a861bf0970.jpg'),
(1335, 'NE00714', 'CHEFOU', 'IDI', NULL, '2017-06-26', NULL, NULL, 55, 2, 12, 3, 2, 3, 3, NULL, NULL, NULL, 'd6cc7b94-d34a-40cf-a59c-d1a861bf0970.jpg'),
(1336, 'NE00729', 'ABDOULKARIM', 'ALI', NULL, '2017-06-11', NULL, NULL, 130, 2, 12, 3, 2, 3, 3, NULL, NULL, NULL, 'd6cc7b94-d34a-40cf-a59c-d1a861bf0970.jpg'),
(1337, 'TC0012', 'Armel', 'Kadje', NULL, '2017-06-11', NULL, NULL, 18, 2, 12, 3, 2, 3, 3, NULL, NULL, NULL, 'd6cc7b94-d34a-40cf-a59c-d1a861bf0970.jpg'),
(1338, 'BJ00043', 'ADAMNE', 'Bertin', NULL, '2017-06-26', NULL, NULL, 14, 2, 12, 3, 2, 3, 3, NULL, NULL, NULL, 'd6cc7b94-d34a-40cf-a59c-d1a861bf0970.jpg'),
(1339, 'TG00032', 'AKAKPO AGBAN', 'Alban', NULL, '2017-06-26', NULL, NULL, 15, 2, 12, 3, 2, 3, 3, NULL, NULL, NULL, 'd6cc7b94-d34a-40cf-a59c-d1a861bf0970.jpg'),
(1340, 'BF00421', 'BADINI', 'Adama', NULL, '2017-06-26', NULL, NULL, 20, 2, 12, 3, 2, 3, 3, NULL, NULL, NULL, 'd6cc7b94-d34a-40cf-a59c-d1a861bf0970.jpg'),
(1341, 'NE00714', 'CHEFOU', 'IDI', NULL, '2017-06-26', NULL, NULL, 55, 2, 12, 3, 2, 3, 3, NULL, NULL, NULL, 'd6cc7b94-d34a-40cf-a59c-d1a861bf0970.jpg'),
(1342, 'NE00729', 'ABDOULKARIM', 'ALI', NULL, '2017-06-11', NULL, NULL, 130, 2, 12, 3, 2, 3, 3, NULL, NULL, NULL, 'd6cc7b94-d34a-40cf-a59c-d1a861bf0970.jpg'),
(1343, 'TC0012', 'Armel', 'Kadje', NULL, '2017-06-11', NULL, NULL, 18, 2, 12, 3, 2, 3, 3, NULL, NULL, NULL, 'd6cc7b94-d34a-40cf-a59c-d1a861bf0970.jpg'),
(1344, 'BJ00043', 'ADAMNE', 'Bertin', NULL, '2017-06-26', NULL, NULL, 14, 2, 12, 3, 2, 3, 3, NULL, NULL, NULL, 'd6cc7b94-d34a-40cf-a59c-d1a861bf0970.jpg'),
(1345, 'TG00032', 'AKAKPO AGBAN', 'Alban', NULL, '2017-06-26', NULL, NULL, 15, 2, 12, 3, 2, 3, 3, NULL, NULL, NULL, 'd6cc7b94-d34a-40cf-a59c-d1a861bf0970.jpg'),
(1346, 'BF00421', 'BADINI', 'Adama', NULL, '2017-06-26', NULL, NULL, 20, 2, 12, 3, 2, 3, 3, NULL, NULL, NULL, 'd6cc7b94-d34a-40cf-a59c-d1a861bf0970.jpg'),
(1347, 'NE00714', 'CHEFOU', 'IDI', NULL, '2017-06-26', NULL, NULL, 55, 2, 12, 3, 2, 3, 3, NULL, NULL, NULL, 'd6cc7b94-d34a-40cf-a59c-d1a861bf0970.jpg'),
(1348, 'NE00729', 'ABDOULKARIM', 'ALI', NULL, '2017-06-11', NULL, NULL, 130, 2, 12, 3, 2, 3, 3, NULL, NULL, NULL, 'd6cc7b94-d34a-40cf-a59c-d1a861bf0970.jpg'),
(1349, 'TC0012', 'Armel', 'Kadje', NULL, '2017-06-11', NULL, NULL, 18, 2, 12, 3, 2, 3, 3, NULL, NULL, NULL, 'd6cc7b94-d34a-40cf-a59c-d1a861bf0970.jpg'),
(1350, 'BJ00043', 'ADAMNE', 'Bertin', NULL, '2017-06-26', NULL, NULL, 14, 2, 12, 3, 2, 3, 3, NULL, NULL, NULL, 'd6cc7b94-d34a-40cf-a59c-d1a861bf0970.jpg'),
(1351, 'TG00032', 'AKAKPO AGBAN', 'Alban', NULL, '2017-06-26', NULL, NULL, 15, 2, 12, 3, 2, 3, 3, NULL, NULL, NULL, 'd6cc7b94-d34a-40cf-a59c-d1a861bf0970.jpg'),
(1352, 'BF00421', 'BADINI', 'Adama', NULL, '2017-06-26', NULL, NULL, 20, 2, 12, 3, 2, 3, 3, NULL, NULL, NULL, 'd6cc7b94-d34a-40cf-a59c-d1a861bf0970.jpg'),
(1353, 'NE00714', 'CHEFOU', 'IDI', NULL, '2017-06-26', NULL, NULL, 55, 2, 12, 3, 2, 3, 3, NULL, NULL, NULL, 'd6cc7b94-d34a-40cf-a59c-d1a861bf0970.jpg'),
(1354, 'NE00729', 'ABDOULKARIM', 'ALI', NULL, '2017-06-11', NULL, NULL, 130, 2, 12, 3, 2, 3, 3, NULL, NULL, NULL, 'd6cc7b94-d34a-40cf-a59c-d1a861bf0970.jpg'),
(1355, 'TC0012', 'Armel', 'Kadje', NULL, '2017-06-11', NULL, NULL, 18, 2, 12, 3, 2, 3, 3, NULL, NULL, NULL, 'd6cc7b94-d34a-40cf-a59c-d1a861bf0970.jpg'),
(1356, 'BJ00043', 'ADAMNE', 'Bertin', NULL, '2017-06-26', NULL, NULL, 14, 2, 12, 3, 2, 3, 3, NULL, NULL, NULL, 'd6cc7b94-d34a-40cf-a59c-d1a861bf0970.jpg'),
(1357, 'TG00032', 'AKAKPO AGBAN', 'Alban', NULL, '2017-06-26', NULL, NULL, 15, 2, 12, 3, 2, 3, 3, NULL, NULL, NULL, 'd6cc7b94-d34a-40cf-a59c-d1a861bf0970.jpg'),
(1358, 'BF00421', 'BADINI', 'Adama', NULL, '2017-06-26', NULL, NULL, 20, 2, 12, 3, 2, 3, 3, NULL, NULL, NULL, 'd6cc7b94-d34a-40cf-a59c-d1a861bf0970.jpg'),
(1359, 'NE00714', 'CHEFOU', 'IDI', NULL, '2017-06-26', NULL, NULL, 55, 2, 12, 3, 2, 3, 3, NULL, NULL, NULL, 'd6cc7b94-d34a-40cf-a59c-d1a861bf0970.jpg'),
(1360, 'NE00729', 'ABDOULKARIM', 'ALI', NULL, '2017-06-11', NULL, NULL, 130, 2, 12, 3, 2, 3, 3, NULL, NULL, NULL, 'd6cc7b94-d34a-40cf-a59c-d1a861bf0970.jpg'),
(1361, 'TC0012', 'Armel', 'Kadje', NULL, '2017-06-11', NULL, NULL, 18, 2, 12, 3, 2, 3, 3, NULL, NULL, NULL, 'd6cc7b94-d34a-40cf-a59c-d1a861bf0970.jpg'),
(1362, 'BJ00043', 'ADAMNE', 'Bertin', NULL, '2017-06-26', NULL, NULL, 14, 2, 12, 3, 2, 3, 3, NULL, NULL, NULL, 'd6cc7b94-d34a-40cf-a59c-d1a861bf0970.jpg'),
(1363, 'TG00032', 'AKAKPO AGBAN', 'Alban', NULL, '2017-06-26', NULL, NULL, 15, 2, 12, 3, 2, 3, 3, NULL, NULL, NULL, 'd6cc7b94-d34a-40cf-a59c-d1a861bf0970.jpg'),
(1364, 'BF00421', 'BADINI', 'Adama', NULL, '2017-06-26', NULL, NULL, 20, 2, 12, 3, 2, 3, 3, NULL, NULL, NULL, 'd6cc7b94-d34a-40cf-a59c-d1a861bf0970.jpg'),
(1365, 'NE00714', 'CHEFOU', 'IDI', NULL, '2017-06-26', NULL, NULL, 55, 2, 12, 3, 2, 3, 3, NULL, NULL, NULL, 'd6cc7b94-d34a-40cf-a59c-d1a861bf0970.jpg'),
(1366, 'NE00729', 'ABDOULKARIM', 'ALI', NULL, '2017-06-11', NULL, NULL, 130, 2, 12, 3, 2, 3, 3, NULL, NULL, NULL, 'd6cc7b94-d34a-40cf-a59c-d1a861bf0970.jpg'),
(1367, 'TC0012', 'Armel', 'Kadje', NULL, '2017-06-11', NULL, NULL, 18, 2, 12, 3, 2, 3, 3, NULL, NULL, NULL, 'd6cc7b94-d34a-40cf-a59c-d1a861bf0970.jpg'),
(1368, 'BJ00043', 'ADAMNE', 'Bertin', NULL, '2017-06-26', NULL, NULL, 14, 2, 12, 3, 2, 3, 3, NULL, NULL, NULL, 'd6cc7b94-d34a-40cf-a59c-d1a861bf0970.jpg'),
(1369, 'TG00032', 'AKAKPO AGBAN', 'Alban', NULL, '2017-06-26', NULL, NULL, 15, 2, 12, 3, 2, 3, 3, NULL, NULL, NULL, 'd6cc7b94-d34a-40cf-a59c-d1a861bf0970.jpg'),
(1370, 'BF00421', 'BADINI', 'Adama', NULL, '2017-06-26', NULL, NULL, 20, 2, 12, 3, 2, 3, 3, NULL, NULL, NULL, 'd6cc7b94-d34a-40cf-a59c-d1a861bf0970.jpg'),
(1371, 'NE00714', 'CHEFOU', 'IDI', NULL, '2017-06-26', NULL, NULL, 55, 2, 12, 3, 2, 3, 3, NULL, NULL, NULL, 'd6cc7b94-d34a-40cf-a59c-d1a861bf0970.jpg'),
(1372, 'NE00729', 'ABDOULKARIM', 'ALI', NULL, '2017-06-11', NULL, NULL, 130, 2, 12, 3, 2, 3, 3, NULL, NULL, NULL, 'd6cc7b94-d34a-40cf-a59c-d1a861bf0970.jpg'),
(1373, 'TC0012', 'Armel', 'Kadje', NULL, '2017-06-11', NULL, NULL, 18, 2, 12, 3, 2, 3, 3, NULL, NULL, NULL, 'd6cc7b94-d34a-40cf-a59c-d1a861bf0970.jpg'),
(1374, 'BJ00043', 'ADAMNE', 'Bertin', NULL, '2017-06-26', NULL, NULL, 14, 2, 12, 3, 2, 3, 3, NULL, NULL, NULL, 'd6cc7b94-d34a-40cf-a59c-d1a861bf0970.jpg'),
(1375, 'TG00032', 'AKAKPO AGBAN', 'Alban', NULL, '2017-06-26', NULL, NULL, 15, 2, 12, 3, 2, 3, 3, NULL, NULL, NULL, 'd6cc7b94-d34a-40cf-a59c-d1a861bf0970.jpg'),
(1376, 'BF00421', 'BADINI', 'Adama', NULL, '2017-06-26', NULL, NULL, 20, 2, 12, 3, 2, 3, 3, NULL, NULL, NULL, 'd6cc7b94-d34a-40cf-a59c-d1a861bf0970.jpg'),
(1377, 'NE00714', 'CHEFOU', 'IDI', NULL, '2017-06-26', NULL, NULL, 55, 2, 12, 3, 2, 3, 3, NULL, NULL, NULL, 'd6cc7b94-d34a-40cf-a59c-d1a861bf0970.jpg'),
(1378, 'NE00729', 'ABDOULKARIM', 'ALI', NULL, '2017-06-11', NULL, NULL, 130, 2, 12, 3, 2, 3, 3, NULL, NULL, NULL, 'd6cc7b94-d34a-40cf-a59c-d1a861bf0970.jpg'),
(1379, 'TC0012', 'Armel', 'Kadje', NULL, '2017-06-11', NULL, NULL, 18, 2, 12, 3, 2, 3, 3, NULL, NULL, NULL, 'd6cc7b94-d34a-40cf-a59c-d1a861bf0970.jpg'),
(1380, 'BJ00043', 'ADAMNE', 'Bertin', NULL, '2017-06-26', NULL, NULL, 14, 2, 12, 3, 2, 3, 3, NULL, NULL, NULL, 'd6cc7b94-d34a-40cf-a59c-d1a861bf0970.jpg'),
(1381, 'TG00032', 'AKAKPO AGBAN', 'Alban', NULL, '2017-06-26', NULL, NULL, 15, 2, 12, 3, 2, 3, 3, NULL, NULL, NULL, 'd6cc7b94-d34a-40cf-a59c-d1a861bf0970.jpg'),
(1382, 'BF00421', 'BADINI', 'Adama', NULL, '2017-06-26', NULL, NULL, 20, 2, 12, 3, 2, 3, 3, NULL, NULL, NULL, 'd6cc7b94-d34a-40cf-a59c-d1a861bf0970.jpg'),
(1383, 'NE00714', 'CHEFOU', 'IDI', NULL, '2017-06-26', NULL, NULL, 55, 2, 12, 3, 2, 3, 3, NULL, NULL, NULL, 'd6cc7b94-d34a-40cf-a59c-d1a861bf0970.jpg'),
(1384, 'NE00729', 'ABDOULKARIM', 'ALI', NULL, '2017-06-11', NULL, NULL, 130, 2, 12, 3, 2, 3, 3, NULL, NULL, NULL, 'd6cc7b94-d34a-40cf-a59c-d1a861bf0970.jpg'),
(1385, 'TC0012', 'Armel', 'Kadje', NULL, '2017-06-11', NULL, NULL, 18, 2, 12, 3, 2, 3, 3, NULL, NULL, NULL, 'd6cc7b94-d34a-40cf-a59c-d1a861bf0970.jpg'),
(1386, 'BJ00043', 'ADAMNE', 'Bertin', NULL, '2017-06-26', NULL, NULL, 14, 2, 12, 3, 2, 3, 3, NULL, NULL, NULL, 'd6cc7b94-d34a-40cf-a59c-d1a861bf0970.jpg'),
(1387, 'TG00032', 'AKAKPO AGBAN', 'Alban', NULL, '2017-06-26', NULL, NULL, 15, 2, 12, 3, 2, 3, 3, NULL, NULL, NULL, 'd6cc7b94-d34a-40cf-a59c-d1a861bf0970.jpg'),
(1388, 'BF00421', 'BADINI', 'Adama', NULL, '2017-06-26', NULL, NULL, 20, 2, 12, 3, 2, 3, 3, NULL, NULL, NULL, 'd6cc7b94-d34a-40cf-a59c-d1a861bf0970.jpg'),
(1389, 'NE00714', 'CHEFOU', 'IDI', NULL, '2017-06-26', NULL, NULL, 55, 2, 12, 3, 2, 3, 3, NULL, NULL, NULL, 'd6cc7b94-d34a-40cf-a59c-d1a861bf0970.jpg'),
(1390, 'NE00729', 'ABDOULKARIM', 'ALI', NULL, '2017-06-11', NULL, NULL, 130, 2, 12, 3, 2, 3, 3, NULL, NULL, NULL, 'd6cc7b94-d34a-40cf-a59c-d1a861bf0970.jpg'),
(1391, 'TC0012', 'Armel', 'Kadje', NULL, '2017-06-11', NULL, NULL, 18, 2, 12, 3, 2, 3, 3, NULL, NULL, NULL, 'd6cc7b94-d34a-40cf-a59c-d1a861bf0970.jpg'),
(1392, 'BJ00043', 'ADAMNE', 'Bertin', NULL, '2017-06-26', NULL, NULL, 14, 2, 12, 3, 2, 3, 3, NULL, NULL, NULL, 'd6cc7b94-d34a-40cf-a59c-d1a861bf0970.jpg'),
(1393, 'TG00032', 'AKAKPO AGBAN', 'Alban', NULL, '2017-06-26', NULL, NULL, 15, 2, 12, 3, 2, 3, 3, NULL, NULL, NULL, 'd6cc7b94-d34a-40cf-a59c-d1a861bf0970.jpg'),
(1394, 'BF00421', 'BADINI', 'Adama', NULL, '2017-06-26', NULL, NULL, 20, 2, 12, 3, 2, 3, 3, NULL, NULL, NULL, 'd6cc7b94-d34a-40cf-a59c-d1a861bf0970.jpg'),
(1395, 'NE00714', 'CHEFOU', 'IDI', NULL, '2017-06-26', NULL, NULL, 55, 2, 12, 3, 2, 3, 3, NULL, NULL, NULL, 'd6cc7b94-d34a-40cf-a59c-d1a861bf0970.jpg'),
(1396, 'NE00729', 'ABDOULKARIM', 'ALI', NULL, '2017-06-11', NULL, NULL, 130, 2, 12, 3, 2, 3, 3, NULL, NULL, NULL, 'd6cc7b94-d34a-40cf-a59c-d1a861bf0970.jpg'),
(1397, 'TC0012', 'Armel', 'Kadje', NULL, '2017-06-11', NULL, NULL, 18, 2, 12, 3, 2, 3, 3, NULL, NULL, NULL, 'd6cc7b94-d34a-40cf-a59c-d1a861bf0970.jpg'),
(1398, 'BJ00043', 'ADAMNE', 'Bertin', NULL, '2017-06-26', NULL, NULL, 14, 2, 12, 3, 2, 3, 3, NULL, NULL, NULL, 'd6cc7b94-d34a-40cf-a59c-d1a861bf0970.jpg'),
(1399, 'TG00032', 'AKAKPO AGBAN', 'Alban', NULL, '2017-06-26', NULL, NULL, 15, 2, 12, 3, 2, 3, 3, NULL, NULL, NULL, 'd6cc7b94-d34a-40cf-a59c-d1a861bf0970.jpg'),
(1400, 'BF00421', 'BADINI', 'Adama', NULL, '2017-06-26', NULL, NULL, 20, 2, 12, 3, 2, 3, 3, NULL, NULL, NULL, 'd6cc7b94-d34a-40cf-a59c-d1a861bf0970.jpg'),
(1401, 'NE00714', 'CHEFOU', 'IDI', NULL, '2017-06-26', NULL, NULL, 55, 2, 12, 3, 2, 3, 3, NULL, NULL, NULL, 'd6cc7b94-d34a-40cf-a59c-d1a861bf0970.jpg'),
(1402, 'NE00729', 'ABDOULKARIM', 'ALI', NULL, '2017-06-11', NULL, NULL, 130, 2, 12, 3, 2, 3, 3, NULL, NULL, NULL, 'd6cc7b94-d34a-40cf-a59c-d1a861bf0970.jpg'),
(1403, 'TC0012', 'Armel', 'Kadje', NULL, '2017-06-11', NULL, NULL, 18, 2, 12, 3, 2, 3, 3, NULL, NULL, NULL, 'd6cc7b94-d34a-40cf-a59c-d1a861bf0970.jpg'),
(1404, 'BJ00043', 'ADAMNE', 'Bertin', NULL, '2017-06-26', NULL, NULL, 14, 2, 12, 3, 2, 3, 3, NULL, NULL, NULL, 'd6cc7b94-d34a-40cf-a59c-d1a861bf0970.jpg'),
(1405, 'TG00032', 'AKAKPO AGBAN', 'Alban', NULL, '2017-06-26', NULL, NULL, 15, 2, 12, 3, 2, 3, 3, NULL, NULL, NULL, 'd6cc7b94-d34a-40cf-a59c-d1a861bf0970.jpg'),
(1406, 'BF00421', 'BADINI', 'Adama', NULL, '2017-06-26', NULL, NULL, 20, 2, 12, 3, 2, 3, 3, NULL, NULL, NULL, 'd6cc7b94-d34a-40cf-a59c-d1a861bf0970.jpg'),
(1407, 'NE00714', 'CHEFOU', 'IDI', NULL, '2017-06-26', NULL, NULL, 55, 2, 12, 3, 2, 3, 3, NULL, NULL, NULL, 'd6cc7b94-d34a-40cf-a59c-d1a861bf0970.jpg'),
(1408, 'NE00729', 'ABDOULKARIM', 'ALI', NULL, '2017-06-11', NULL, NULL, 130, 2, 12, 3, 2, 3, 3, NULL, NULL, NULL, 'd6cc7b94-d34a-40cf-a59c-d1a861bf0970.jpg'),
(1409, 'TC0012', 'Armel', 'Kadje', NULL, '2017-06-11', NULL, NULL, 18, 2, 12, 3, 2, 3, 3, NULL, NULL, NULL, 'd6cc7b94-d34a-40cf-a59c-d1a861bf0970.jpg'),
(1410, 'BJ00043', 'ADAMNE', 'Bertin', NULL, '2017-06-26', NULL, NULL, 14, 2, 12, 3, 2, 3, 3, NULL, NULL, NULL, 'd6cc7b94-d34a-40cf-a59c-d1a861bf0970.jpg'),
(1411, 'TG00032', 'AKAKPO AGBAN', 'Alban', NULL, '2017-06-26', NULL, NULL, 15, 2, 12, 3, 2, 3, 3, NULL, NULL, NULL, 'd6cc7b94-d34a-40cf-a59c-d1a861bf0970.jpg'),
(1412, 'BF00421', 'BADINI', 'Adama', NULL, '2017-06-26', NULL, NULL, 20, 2, 12, 3, 2, 3, 3, NULL, NULL, NULL, 'd6cc7b94-d34a-40cf-a59c-d1a861bf0970.jpg'),
(1413, 'NE00714', 'CHEFOU', 'IDI', NULL, '2017-06-26', NULL, NULL, 55, 2, 12, 3, 2, 3, 3, NULL, NULL, NULL, 'd6cc7b94-d34a-40cf-a59c-d1a861bf0970.jpg'),
(1414, 'NE00729', 'ABDOULKARIM', 'ALI', NULL, '2017-06-11', NULL, NULL, 130, 2, 12, 3, 2, 3, 3, NULL, NULL, NULL, 'd6cc7b94-d34a-40cf-a59c-d1a861bf0970.jpg'),
(1415, 'TC0012', 'Armel', 'Kadje', NULL, '2017-06-11', NULL, NULL, 18, 2, 12, 3, 2, 3, 3, NULL, NULL, NULL, 'd6cc7b94-d34a-40cf-a59c-d1a861bf0970.jpg'),
(1416, 'BJ00043', 'ADAMNE', 'Bertin', NULL, '2017-06-26', NULL, NULL, 14, 2, 12, 3, 2, 3, 3, NULL, NULL, NULL, 'd6cc7b94-d34a-40cf-a59c-d1a861bf0970.jpg'),
(1417, 'TG00032', 'AKAKPO AGBAN', 'Alban', NULL, '2017-06-26', NULL, NULL, 15, 2, 12, 3, 2, 3, 3, NULL, NULL, NULL, 'd6cc7b94-d34a-40cf-a59c-d1a861bf0970.jpg'),
(1418, 'BF00421', 'BADINI', 'Adama', NULL, '2017-06-26', NULL, NULL, 20, 2, 12, 3, 2, 3, 3, NULL, NULL, NULL, 'd6cc7b94-d34a-40cf-a59c-d1a861bf0970.jpg'),
(1419, 'NE00714', 'CHEFOU', 'IDI', NULL, '2017-06-26', NULL, NULL, 55, 2, 12, 3, 2, 3, 3, NULL, NULL, NULL, 'd6cc7b94-d34a-40cf-a59c-d1a861bf0970.jpg'),
(1420, 'NE00729', 'ABDOULKARIM', 'ALI', NULL, '2017-06-11', NULL, NULL, 130, 2, 12, 3, 2, 3, 3, NULL, NULL, NULL, 'd6cc7b94-d34a-40cf-a59c-d1a861bf0970.jpg'),
(1421, 'TC0012', 'Armel', 'Kadje', NULL, '2017-06-11', NULL, NULL, 18, 2, 12, 3, 2, 3, 3, NULL, NULL, NULL, 'd6cc7b94-d34a-40cf-a59c-d1a861bf0970.jpg'),
(1422, 'BJ00043', 'ADAMNE', 'Bertin', NULL, '2017-06-26', NULL, NULL, 14, 2, 12, 3, 2, 3, 3, NULL, NULL, NULL, 'd6cc7b94-d34a-40cf-a59c-d1a861bf0970.jpg'),
(1423, 'TG00032', 'AKAKPO AGBAN', 'Alban', NULL, '2017-06-26', NULL, NULL, 15, 2, 12, 3, 2, 3, 3, NULL, NULL, NULL, 'd6cc7b94-d34a-40cf-a59c-d1a861bf0970.jpg'),
(1424, 'BF00421', 'BADINI', 'Adama', NULL, '2017-06-26', NULL, NULL, 20, 2, 12, 3, 2, 3, 3, NULL, NULL, NULL, 'd6cc7b94-d34a-40cf-a59c-d1a861bf0970.jpg'),
(1425, 'NE00714', 'CHEFOU', 'IDI', NULL, '2017-06-26', NULL, NULL, 55, 2, 12, 3, 2, 3, 3, NULL, NULL, NULL, 'd6cc7b94-d34a-40cf-a59c-d1a861bf0970.jpg'),
(1426, 'NE00729', 'ABDOULKARIM', 'ALI', NULL, '2017-06-11', NULL, NULL, 130, 2, 12, 3, 2, 3, 3, NULL, NULL, NULL, 'd6cc7b94-d34a-40cf-a59c-d1a861bf0970.jpg'),
(1427, 'TC0012', 'Armel', 'Kadje', NULL, '2017-06-11', NULL, NULL, 18, 2, 12, 3, 2, 3, 3, NULL, NULL, NULL, 'd6cc7b94-d34a-40cf-a59c-d1a861bf0970.jpg'),
(1428, 'BJ00043', 'ADAMNE', 'Bertin', NULL, '2017-06-26', NULL, NULL, 14, 2, 12, 3, 2, 3, 3, NULL, NULL, NULL, 'd6cc7b94-d34a-40cf-a59c-d1a861bf0970.jpg'),
(1429, 'TG00032', 'AKAKPO AGBAN', 'Alban', NULL, '2017-06-26', NULL, NULL, 15, 2, 12, 3, 2, 3, 3, NULL, NULL, NULL, 'd6cc7b94-d34a-40cf-a59c-d1a861bf0970.jpg'),
(1430, 'BF00421', 'BADINI', 'Adama', NULL, '2017-06-26', NULL, NULL, 20, 2, 12, 3, 2, 3, 3, NULL, NULL, NULL, 'd6cc7b94-d34a-40cf-a59c-d1a861bf0970.jpg'),
(1431, 'NE00714', 'CHEFOU', 'IDI', NULL, '2017-06-26', NULL, NULL, 55, 2, 12, 3, 2, 3, 3, NULL, NULL, NULL, 'd6cc7b94-d34a-40cf-a59c-d1a861bf0970.jpg'),
(1432, 'NE00729', 'ABDOULKARIM', 'ALI', NULL, '2017-06-11', NULL, NULL, 130, 2, 12, 3, 2, 3, 3, NULL, NULL, NULL, 'd6cc7b94-d34a-40cf-a59c-d1a861bf0970.jpg'),
(1433, 'TC0012', 'Armel', 'Kadje', NULL, '2017-06-11', NULL, NULL, 18, 2, 12, 3, 2, 3, 3, NULL, NULL, NULL, 'd6cc7b94-d34a-40cf-a59c-d1a861bf0970.jpg'),
(1434, 'BJ00043', 'ADAMNE', 'Bertin', NULL, '2017-06-26', NULL, NULL, 14, 2, 12, 3, 2, 3, 3, NULL, NULL, NULL, 'd6cc7b94-d34a-40cf-a59c-d1a861bf0970.jpg'),
(1435, 'TG00032', 'AKAKPO AGBAN', 'Alban', NULL, '2017-06-26', NULL, NULL, 15, 2, 12, 3, 2, 3, 3, NULL, NULL, NULL, 'd6cc7b94-d34a-40cf-a59c-d1a861bf0970.jpg'),
(1436, 'BF00421', 'BADINI', 'Adama', NULL, '2017-06-26', NULL, NULL, 20, 2, 12, 3, 2, 3, 3, NULL, NULL, NULL, 'd6cc7b94-d34a-40cf-a59c-d1a861bf0970.jpg'),
(1437, 'NE00714', 'CHEFOU', 'IDI', NULL, '2017-06-26', NULL, NULL, 55, 2, 12, 3, 2, 3, 3, NULL, NULL, NULL, 'd6cc7b94-d34a-40cf-a59c-d1a861bf0970.jpg'),
(1438, 'NE00729', 'ABDOULKARIM', 'ALI', NULL, '2017-06-11', NULL, NULL, 130, 2, 12, 3, 2, 3, 3, NULL, NULL, NULL, 'd6cc7b94-d34a-40cf-a59c-d1a861bf0970.jpg'),
(1439, 'TC0012', 'Armel', 'Kadje', NULL, '2017-06-11', NULL, NULL, 18, 2, 12, 3, 2, 3, 3, NULL, NULL, NULL, 'd6cc7b94-d34a-40cf-a59c-d1a861bf0970.jpg'),
(1440, 'BJ00043', 'ADAMNE', 'Bertin', NULL, '2017-06-26', NULL, NULL, 14, 2, 12, 3, 2, 3, 3, NULL, NULL, NULL, 'd6cc7b94-d34a-40cf-a59c-d1a861bf0970.jpg'),
(1441, 'TG00032', 'AKAKPO AGBAN', 'Alban', NULL, '2017-06-26', NULL, NULL, 15, 2, 12, 3, 2, 3, 3, NULL, NULL, NULL, 'd6cc7b94-d34a-40cf-a59c-d1a861bf0970.jpg'),
(1442, 'BF00421', 'BADINI', 'Adama', NULL, '2017-06-26', NULL, NULL, 20, 2, 12, 3, 2, 3, 3, NULL, NULL, NULL, 'd6cc7b94-d34a-40cf-a59c-d1a861bf0970.jpg'),
(1443, 'NE00714', 'CHEFOU', 'IDI', NULL, '2017-06-26', NULL, NULL, 55, 2, 12, 3, 2, 3, 3, NULL, NULL, NULL, 'd6cc7b94-d34a-40cf-a59c-d1a861bf0970.jpg'),
(1444, 'NE00729', 'ABDOULKARIM', 'ALI', NULL, '2017-06-11', NULL, NULL, 130, 2, 12, 3, 2, 3, 3, NULL, NULL, NULL, 'd6cc7b94-d34a-40cf-a59c-d1a861bf0970.jpg'),
(1445, 'TC0012', 'Armel', 'Kadje', NULL, '2017-06-11', NULL, NULL, 18, 2, 12, 3, 2, 3, 3, NULL, NULL, NULL, 'd6cc7b94-d34a-40cf-a59c-d1a861bf0970.jpg'),
(1446, 'BJ00043', 'ADAMNE', 'Bertin', NULL, '2017-06-26', NULL, NULL, 14, 2, 12, 3, 2, 3, 3, NULL, NULL, NULL, 'd6cc7b94-d34a-40cf-a59c-d1a861bf0970.jpg'),
(1447, 'TG00032', 'AKAKPO AGBAN', 'Alban', NULL, '2017-06-26', NULL, NULL, 15, 2, 12, 3, 2, 3, 3, NULL, NULL, NULL, 'd6cc7b94-d34a-40cf-a59c-d1a861bf0970.jpg'),
(1448, 'BF00421', 'BADINI', 'Adama', NULL, '2017-06-26', NULL, NULL, 20, 2, 12, 3, 2, 3, 3, NULL, NULL, NULL, 'd6cc7b94-d34a-40cf-a59c-d1a861bf0970.jpg'),
(1449, 'NE00714', 'CHEFOU', 'IDI', NULL, '2017-06-26', NULL, NULL, 55, 2, 12, 3, 2, 3, 3, NULL, NULL, NULL, 'd6cc7b94-d34a-40cf-a59c-d1a861bf0970.jpg'),
(1450, 'NE00729', 'ABDOULKARIM', 'ALI', NULL, '2017-06-11', NULL, NULL, 130, 2, 12, 3, 2, 3, 3, NULL, NULL, NULL, 'd6cc7b94-d34a-40cf-a59c-d1a861bf0970.jpg'),
(1451, 'TC0012', 'Armel', 'Kadje', NULL, '2017-06-11', NULL, NULL, 18, 2, 12, 3, 2, 3, 3, NULL, NULL, NULL, 'd6cc7b94-d34a-40cf-a59c-d1a861bf0970.jpg'),
(1452, 'BJ00043', 'ADAMNE', 'Bertin', NULL, '2017-06-26', NULL, NULL, 14, 2, 12, 3, 2, 3, 3, NULL, NULL, NULL, 'd6cc7b94-d34a-40cf-a59c-d1a861bf0970.jpg'),
(1453, 'TG00032', 'AKAKPO AGBAN', 'Alban', NULL, '2017-06-26', NULL, NULL, 15, 2, 12, 3, 2, 3, 3, NULL, NULL, NULL, 'd6cc7b94-d34a-40cf-a59c-d1a861bf0970.jpg'),
(1454, 'BF00421', 'BADINI', 'Adama', NULL, '2017-06-26', NULL, NULL, 20, 2, 12, 3, 2, 3, 3, NULL, NULL, NULL, 'd6cc7b94-d34a-40cf-a59c-d1a861bf0970.jpg'),
(1455, 'NE00714', 'CHEFOU', 'IDI', NULL, '2017-06-26', NULL, NULL, 55, 2, 12, 3, 2, 3, 3, NULL, NULL, NULL, 'd6cc7b94-d34a-40cf-a59c-d1a861bf0970.jpg'),
(1456, 'NE00729', 'ABDOULKARIM', 'ALI', NULL, '2017-06-11', NULL, NULL, 130, 2, 12, 3, 2, 3, 3, NULL, NULL, NULL, 'd6cc7b94-d34a-40cf-a59c-d1a861bf0970.jpg'),
(1457, 'TC0012', 'Armel', 'Kadje', NULL, '2017-06-11', NULL, NULL, 18, 2, 12, 3, 2, 3, 3, NULL, NULL, NULL, 'd6cc7b94-d34a-40cf-a59c-d1a861bf0970.jpg'),
(1458, 'BJ00043', 'ADAMNE', 'Bertin', NULL, '2017-06-26', NULL, NULL, 14, 2, 12, 3, 2, 3, 3, NULL, NULL, NULL, 'd6cc7b94-d34a-40cf-a59c-d1a861bf0970.jpg'),
(1459, 'TG00032', 'AKAKPO AGBAN', 'Alban', NULL, '2017-06-26', NULL, NULL, 15, 2, 12, 3, 2, 3, 3, NULL, NULL, NULL, 'd6cc7b94-d34a-40cf-a59c-d1a861bf0970.jpg'),
(1460, 'BF00421', 'BADINI', 'Adama', NULL, '2017-06-26', NULL, NULL, 20, 2, 12, 3, 2, 3, 3, NULL, NULL, NULL, 'd6cc7b94-d34a-40cf-a59c-d1a861bf0970.jpg'),
(1461, 'NE00714', 'CHEFOU', 'IDI', NULL, '2017-06-26', NULL, NULL, 55, 2, 12, 3, 2, 3, 3, NULL, NULL, NULL, 'd6cc7b94-d34a-40cf-a59c-d1a861bf0970.jpg'),
(1462, 'NE00729', 'ABDOULKARIM', 'ALI', NULL, '2017-06-11', NULL, NULL, 130, 2, 12, 3, 2, 3, 3, NULL, NULL, NULL, 'd6cc7b94-d34a-40cf-a59c-d1a861bf0970.jpg'),
(1463, 'TC0012', 'Armel', 'Kadje', NULL, '2017-06-11', NULL, NULL, 18, 2, 12, 3, 2, 3, 3, NULL, NULL, NULL, 'd6cc7b94-d34a-40cf-a59c-d1a861bf0970.jpg'),
(1464, 'BJ00043', 'ADAMNE', 'Bertin', NULL, '2017-06-26', NULL, NULL, 14, 2, 12, 3, 2, 3, 3, NULL, NULL, NULL, 'd6cc7b94-d34a-40cf-a59c-d1a861bf0970.jpg'),
(1465, 'TG00032', 'AKAKPO AGBAN', 'Alban', NULL, '2017-06-26', NULL, NULL, 15, 2, 12, 3, 2, 3, 3, NULL, NULL, NULL, 'd6cc7b94-d34a-40cf-a59c-d1a861bf0970.jpg'),
(1466, 'BF00421', 'BADINI', 'Adama', NULL, '2017-06-26', NULL, NULL, 20, 2, 12, 3, 2, 3, 3, NULL, NULL, NULL, 'd6cc7b94-d34a-40cf-a59c-d1a861bf0970.jpg'),
(1467, 'NE00714', 'CHEFOU', 'IDI', NULL, '2017-06-26', NULL, NULL, 55, 2, 12, 3, 2, 3, 3, NULL, NULL, NULL, 'd6cc7b94-d34a-40cf-a59c-d1a861bf0970.jpg'),
(1468, 'NE00729', 'ABDOULKARIM', 'ALI', NULL, '2017-06-11', NULL, NULL, 130, 2, 12, 3, 2, 3, 3, NULL, NULL, NULL, 'd6cc7b94-d34a-40cf-a59c-d1a861bf0970.jpg'),
(1469, 'TC0012', 'Armel', 'Kadje', NULL, '2017-06-11', NULL, NULL, 18, 2, 12, 3, 2, 3, 3, NULL, NULL, NULL, 'd6cc7b94-d34a-40cf-a59c-d1a861bf0970.jpg'),
(1470, 'BJ00043', 'ADAMNE', 'Bertin', NULL, '2017-06-26', NULL, NULL, 14, 2, 12, 3, 2, 3, 3, NULL, NULL, NULL, 'd6cc7b94-d34a-40cf-a59c-d1a861bf0970.jpg'),
(1471, 'TG00032', 'AKAKPO AGBAN', 'Alban', NULL, '2017-06-26', NULL, NULL, 15, 2, 12, 3, 2, 3, 3, NULL, NULL, NULL, 'd6cc7b94-d34a-40cf-a59c-d1a861bf0970.jpg'),
(1472, 'BF00421', 'BADINI', 'Adama', NULL, '2017-06-26', NULL, NULL, 20, 2, 12, 3, 2, 3, 3, NULL, NULL, NULL, 'd6cc7b94-d34a-40cf-a59c-d1a861bf0970.jpg'),
(1473, 'NE00714', 'CHEFOU', 'IDI', NULL, '2017-06-26', NULL, NULL, 55, 2, 12, 3, 2, 3, 3, NULL, NULL, NULL, 'd6cc7b94-d34a-40cf-a59c-d1a861bf0970.jpg'),
(1474, 'NE00729', 'ABDOULKARIM', 'ALI', NULL, '2017-06-11', NULL, NULL, 130, 2, 12, 3, 2, 3, 3, NULL, NULL, NULL, 'd6cc7b94-d34a-40cf-a59c-d1a861bf0970.jpg'),
(1475, 'TC0012', 'Armel', 'Kadje', NULL, '2017-06-11', NULL, NULL, 18, 2, 12, 3, 2, 3, 3, NULL, NULL, NULL, 'd6cc7b94-d34a-40cf-a59c-d1a861bf0970.jpg'),
(1476, 'BJ00043', 'ADAMNE', 'Bertin', NULL, '2017-06-26', NULL, NULL, 14, 2, 12, 3, 2, 3, 3, NULL, NULL, NULL, 'd6cc7b94-d34a-40cf-a59c-d1a861bf0970.jpg'),
(1477, 'TG00032', 'AKAKPO AGBAN', 'Alban', NULL, '2017-06-26', NULL, NULL, 15, 2, 12, 3, 2, 3, 3, NULL, NULL, NULL, 'd6cc7b94-d34a-40cf-a59c-d1a861bf0970.jpg'),
(1478, 'BF00421', 'BADINI', 'Adama', NULL, '2017-06-26', NULL, NULL, 20, 2, 12, 3, 2, 3, 3, NULL, NULL, NULL, 'd6cc7b94-d34a-40cf-a59c-d1a861bf0970.jpg'),
(1479, 'NE00714', 'CHEFOU', 'IDI', NULL, '2017-06-26', NULL, NULL, 55, 2, 12, 3, 2, 3, 3, NULL, NULL, NULL, 'd6cc7b94-d34a-40cf-a59c-d1a861bf0970.jpg'),
(1480, 'NE00729', 'ABDOULKARIM', 'ALI', NULL, '2017-06-11', NULL, NULL, 130, 2, 12, 3, 2, 3, 3, NULL, NULL, NULL, 'd6cc7b94-d34a-40cf-a59c-d1a861bf0970.jpg'),
(1481, 'TC0012', 'Armel', 'Kadje', NULL, '2017-06-11', NULL, NULL, 18, 2, 12, 3, 2, 3, 3, NULL, NULL, NULL, 'd6cc7b94-d34a-40cf-a59c-d1a861bf0970.jpg'),
(1482, 'BJ00043', 'ADAMNE', 'Bertin', NULL, '2017-06-26', NULL, NULL, 14, 2, 12, 3, 2, 3, 3, NULL, NULL, NULL, 'd6cc7b94-d34a-40cf-a59c-d1a861bf0970.jpg'),
(1483, 'TG00032', 'AKAKPO AGBAN', 'Alban', NULL, '2017-06-26', NULL, NULL, 15, 2, 12, 3, 2, 3, 3, NULL, NULL, NULL, 'd6cc7b94-d34a-40cf-a59c-d1a861bf0970.jpg'),
(1484, 'BF00421', 'BADINI', 'Adama', NULL, '2017-06-26', NULL, NULL, 20, 2, 12, 3, 2, 3, 3, NULL, NULL, NULL, 'd6cc7b94-d34a-40cf-a59c-d1a861bf0970.jpg'),
(1485, 'NE00714', 'CHEFOU', 'IDI', NULL, '2017-06-26', NULL, NULL, 55, 2, 12, 3, 2, 3, 3, NULL, NULL, NULL, 'd6cc7b94-d34a-40cf-a59c-d1a861bf0970.jpg'),
(1486, 'NE00729', 'ABDOULKARIM', 'ALI', NULL, '2017-06-11', NULL, NULL, 130, 2, 12, 3, 2, 3, 3, NULL, NULL, NULL, 'd6cc7b94-d34a-40cf-a59c-d1a861bf0970.jpg'),
(1487, 'TC0012', 'Armel', 'Kadje', NULL, '2017-06-11', NULL, NULL, 18, 2, 12, 3, 2, 3, 3, NULL, NULL, NULL, 'd6cc7b94-d34a-40cf-a59c-d1a861bf0970.jpg'),
(1488, 'BJ00043', 'ADAMNE', 'Bertin', NULL, '2017-06-26', NULL, NULL, 14, 2, 12, 3, 2, 3, 3, NULL, NULL, NULL, 'd6cc7b94-d34a-40cf-a59c-d1a861bf0970.jpg'),
(1489, 'TG00032', 'AKAKPO AGBAN', 'Alban', NULL, '2017-06-26', NULL, NULL, 15, 2, 12, 3, 2, 3, 3, NULL, NULL, NULL, 'd6cc7b94-d34a-40cf-a59c-d1a861bf0970.jpg'),
(1490, 'BF00421', 'BADINI', 'Adama', NULL, '2017-06-26', NULL, NULL, 20, 2, 12, 3, 2, 3, 3, NULL, NULL, NULL, 'd6cc7b94-d34a-40cf-a59c-d1a861bf0970.jpg'),
(1491, 'NE00714', 'CHEFOU', 'IDI', NULL, '2017-06-26', NULL, NULL, 55, 2, 12, 3, 2, 3, 3, NULL, NULL, NULL, 'd6cc7b94-d34a-40cf-a59c-d1a861bf0970.jpg'),
(1492, 'NE00729', 'ABDOULKARIM', 'ALI', NULL, '2017-06-11', NULL, NULL, 130, 2, 12, 3, 2, 3, 3, NULL, NULL, NULL, 'd6cc7b94-d34a-40cf-a59c-d1a861bf0970.jpg'),
(1493, 'TC0012', 'Armel', 'Kadje', NULL, '2017-06-11', NULL, NULL, 18, 2, 12, 3, 2, 3, 3, NULL, NULL, NULL, 'd6cc7b94-d34a-40cf-a59c-d1a861bf0970.jpg'),
(1494, 'BJ00043', 'ADAMNE', 'Bertin', NULL, '2017-06-26', NULL, NULL, 14, 2, 12, 3, 2, 3, 3, NULL, NULL, NULL, 'd6cc7b94-d34a-40cf-a59c-d1a861bf0970.jpg'),
(1495, 'TG00032', 'AKAKPO AGBAN', 'Alban', NULL, '2017-06-26', NULL, NULL, 15, 2, 12, 3, 2, 3, 3, NULL, NULL, NULL, 'd6cc7b94-d34a-40cf-a59c-d1a861bf0970.jpg'),
(1496, 'BF00421', 'BADINI', 'Adama', NULL, '2017-06-26', NULL, NULL, 20, 2, 12, 3, 2, 3, 3, NULL, NULL, NULL, 'd6cc7b94-d34a-40cf-a59c-d1a861bf0970.jpg'),
(1497, 'NE00714', 'CHEFOU', 'IDI', NULL, '2017-06-26', NULL, NULL, 55, 2, 12, 3, 2, 3, 3, NULL, NULL, NULL, 'd6cc7b94-d34a-40cf-a59c-d1a861bf0970.jpg'),
(1498, 'NE00729', 'ABDOULKARIM', 'ALI', NULL, '2017-06-11', NULL, NULL, 130, 2, 12, 3, 2, 3, 3, NULL, NULL, NULL, 'd6cc7b94-d34a-40cf-a59c-d1a861bf0970.jpg'),
(1499, 'TC0012', 'Armel', 'Kadje', NULL, '2017-06-11', NULL, NULL, 18, 2, 12, 3, 2, 3, 3, NULL, NULL, NULL, 'd6cc7b94-d34a-40cf-a59c-d1a861bf0970.jpg'),
(1500, 'BJ00043', 'ADAMNE', 'Bertin', NULL, '2017-06-26', NULL, NULL, 14, 2, 12, 3, 2, 3, 3, NULL, NULL, NULL, 'd6cc7b94-d34a-40cf-a59c-d1a861bf0970.jpg'),
(1501, 'TG00032', 'AKAKPO AGBAN', 'Alban', NULL, '2017-06-26', NULL, NULL, 15, 2, 12, 3, 2, 3, 3, NULL, NULL, NULL, 'd6cc7b94-d34a-40cf-a59c-d1a861bf0970.jpg'),
(1502, 'BF00421', 'BADINI', 'Adama', NULL, '2017-06-26', NULL, NULL, 20, 2, 12, 3, 2, 3, 3, NULL, NULL, NULL, 'd6cc7b94-d34a-40cf-a59c-d1a861bf0970.jpg'),
(1503, 'NE00714', 'CHEFOU', 'IDI', NULL, '2017-06-26', NULL, NULL, 55, 2, 12, 3, 2, 3, 3, NULL, NULL, NULL, 'd6cc7b94-d34a-40cf-a59c-d1a861bf0970.jpg'),
(1504, 'NE00729', 'ABDOULKARIM', 'ALI', NULL, '2017-06-11', NULL, NULL, 130, 2, 12, 3, 2, 3, 3, NULL, NULL, NULL, 'd6cc7b94-d34a-40cf-a59c-d1a861bf0970.jpg'),
(1505, 'TC0012', 'Armel', 'Kadje', NULL, '2017-06-11', NULL, NULL, 18, 2, 12, 3, 2, 3, 3, NULL, NULL, NULL, 'd6cc7b94-d34a-40cf-a59c-d1a861bf0970.jpg'),
(1506, 'BJ00043', 'ADAMNE', 'Bertin', NULL, '2017-06-26', NULL, NULL, 14, 2, 12, 3, 2, 3, 3, NULL, NULL, NULL, 'd6cc7b94-d34a-40cf-a59c-d1a861bf0970.jpg'),
(1507, 'TG00032', 'AKAKPO AGBAN', 'Alban', NULL, '2017-06-26', NULL, NULL, 15, 2, 12, 3, 2, 3, 3, NULL, NULL, NULL, 'd6cc7b94-d34a-40cf-a59c-d1a861bf0970.jpg'),
(1508, 'BF00421', 'BADINI', 'Adama', NULL, '2017-06-26', NULL, NULL, 20, 2, 12, 3, 2, 3, 3, NULL, NULL, NULL, 'd6cc7b94-d34a-40cf-a59c-d1a861bf0970.jpg'),
(1509, 'NE00714', 'CHEFOU', 'IDI', NULL, '2017-06-26', NULL, NULL, 55, 2, 12, 3, 2, 3, 3, NULL, NULL, NULL, 'd6cc7b94-d34a-40cf-a59c-d1a861bf0970.jpg'),
(1510, 'NE00729', 'ABDOULKARIM', 'ALI', NULL, '2017-06-11', NULL, NULL, 130, 2, 12, 3, 2, 3, 3, NULL, NULL, NULL, 'd6cc7b94-d34a-40cf-a59c-d1a861bf0970.jpg'),
(1511, 'TC0012', 'Armel', 'Kadje', NULL, '2017-06-11', NULL, NULL, 18, 2, 12, 3, 2, 3, 3, NULL, NULL, NULL, 'd6cc7b94-d34a-40cf-a59c-d1a861bf0970.jpg'),
(1512, 'BJ00043', 'ADAMNE', 'Bertin', NULL, '2017-06-26', NULL, NULL, 14, 2, 12, 3, 2, 3, 3, NULL, NULL, NULL, 'd6cc7b94-d34a-40cf-a59c-d1a861bf0970.jpg'),
(1513, 'TG00032', 'AKAKPO AGBAN', 'Alban', NULL, '2017-06-26', NULL, NULL, 15, 2, 12, 3, 2, 3, 3, NULL, NULL, NULL, 'd6cc7b94-d34a-40cf-a59c-d1a861bf0970.jpg'),
(1514, 'BF00421', 'BADINI', 'Adama', NULL, '2017-06-26', NULL, NULL, 20, 2, 12, 3, 2, 3, 3, NULL, NULL, NULL, 'd6cc7b94-d34a-40cf-a59c-d1a861bf0970.jpg'),
(1515, 'NE00714', 'CHEFOU', 'IDI', NULL, '2017-06-26', NULL, NULL, 55, 2, 12, 3, 2, 3, 3, NULL, NULL, NULL, 'd6cc7b94-d34a-40cf-a59c-d1a861bf0970.jpg'),
(1516, 'NE00729', 'ABDOULKARIM', 'ALI', NULL, '2017-06-11', NULL, NULL, 130, 2, 12, 3, 2, 3, 3, NULL, NULL, NULL, 'd6cc7b94-d34a-40cf-a59c-d1a861bf0970.jpg'),
(1517, 'TC0012', 'Armel', 'Kadje', NULL, '2017-06-11', NULL, NULL, 18, 2, 12, 3, 2, 3, 3, NULL, NULL, NULL, 'd6cc7b94-d34a-40cf-a59c-d1a861bf0970.jpg'),
(1518, 'BJ00043', 'ADAMNE', 'Bertin', NULL, '2017-06-26', NULL, NULL, 14, 2, 12, 3, 2, 3, 3, NULL, NULL, NULL, 'd6cc7b94-d34a-40cf-a59c-d1a861bf0970.jpg'),
(1519, 'TG00032', 'AKAKPO AGBAN', 'Alban', NULL, '2017-06-26', NULL, NULL, 15, 2, 12, 3, 2, 3, 3, NULL, NULL, NULL, 'd6cc7b94-d34a-40cf-a59c-d1a861bf0970.jpg'),
(1520, 'BF00421', 'BADINI', 'Adama', NULL, '2017-06-26', NULL, NULL, 20, 2, 12, 3, 2, 3, 3, NULL, NULL, NULL, 'd6cc7b94-d34a-40cf-a59c-d1a861bf0970.jpg'),
(1521, 'NE00714', 'CHEFOU', 'IDI', NULL, '2017-06-26', NULL, NULL, 55, 2, 12, 3, 2, 3, 3, NULL, NULL, NULL, 'd6cc7b94-d34a-40cf-a59c-d1a861bf0970.jpg'),
(1522, 'NE00729', 'ABDOULKARIM', 'ALI', NULL, '2017-06-11', NULL, NULL, 130, 2, 12, 3, 2, 3, 3, NULL, NULL, NULL, 'd6cc7b94-d34a-40cf-a59c-d1a861bf0970.jpg'),
(1523, 'TC0012', 'Armel', 'Kadje', NULL, '2017-06-11', NULL, NULL, 18, 2, 12, 3, 2, 3, 3, NULL, NULL, NULL, 'd6cc7b94-d34a-40cf-a59c-d1a861bf0970.jpg'),
(1524, 'BJ00043', 'ADAMNE', 'Bertin', NULL, '2017-06-26', NULL, NULL, 14, 2, 12, 3, 2, 3, 3, NULL, NULL, NULL, 'd6cc7b94-d34a-40cf-a59c-d1a861bf0970.jpg'),
(1525, 'TG00032', 'AKAKPO AGBAN', 'Alban', NULL, '2017-06-26', NULL, NULL, 15, 2, 12, 3, 2, 3, 3, NULL, NULL, NULL, 'd6cc7b94-d34a-40cf-a59c-d1a861bf0970.jpg'),
(1526, 'BF00421', 'BADINI', 'Adama', NULL, '2017-06-26', NULL, NULL, 20, 2, 12, 3, 2, 3, 3, NULL, NULL, NULL, 'd6cc7b94-d34a-40cf-a59c-d1a861bf0970.jpg'),
(1527, 'NE00714', 'CHEFOU', 'IDI', NULL, '2017-06-26', NULL, NULL, 55, 2, 12, 3, 2, 3, 3, NULL, NULL, NULL, 'd6cc7b94-d34a-40cf-a59c-d1a861bf0970.jpg'),
(1528, 'NE00729', 'ABDOULKARIM', 'ALI', NULL, '2017-06-11', NULL, NULL, 130, 2, 12, 3, 2, 3, 3, NULL, NULL, NULL, 'd6cc7b94-d34a-40cf-a59c-d1a861bf0970.jpg'),
(1529, 'TC0012', 'Armel', 'Kadje', NULL, '2017-06-11', NULL, NULL, 18, 2, 12, 3, 2, 3, 3, NULL, NULL, NULL, 'd6cc7b94-d34a-40cf-a59c-d1a861bf0970.jpg'),
(1530, 'BJ00043', 'ADAMNE', 'Bertin', NULL, '2017-06-26', NULL, NULL, 14, 2, 12, 3, 2, 3, 3, NULL, NULL, NULL, 'd6cc7b94-d34a-40cf-a59c-d1a861bf0970.jpg'),
(1531, 'TG00032', 'AKAKPO AGBAN', 'Alban', NULL, '2017-06-26', NULL, NULL, 15, 2, 12, 3, 2, 3, 3, NULL, NULL, NULL, 'd6cc7b94-d34a-40cf-a59c-d1a861bf0970.jpg'),
(1532, 'BF00421', 'BADINI', 'Adama', NULL, '2017-06-26', NULL, NULL, 20, 2, 12, 3, 2, 3, 3, NULL, NULL, NULL, 'd6cc7b94-d34a-40cf-a59c-d1a861bf0970.jpg'),
(1533, 'NE00714', 'CHEFOU', 'IDI', NULL, '2017-06-26', NULL, NULL, 55, 2, 12, 3, 2, 3, 3, NULL, NULL, NULL, 'd6cc7b94-d34a-40cf-a59c-d1a861bf0970.jpg'),
(1534, 'NE00729', 'ABDOULKARIM', 'ALI', NULL, '2017-06-11', NULL, NULL, 130, 2, 12, 3, 2, 3, 3, NULL, NULL, NULL, 'd6cc7b94-d34a-40cf-a59c-d1a861bf0970.jpg'),
(1535, 'TC0012', 'Armel', 'Kadje', NULL, '2017-06-11', NULL, NULL, 18, 2, 12, 3, 2, 3, 3, NULL, NULL, NULL, 'd6cc7b94-d34a-40cf-a59c-d1a861bf0970.jpg'),
(1536, 'BJ00043', 'ADAMNE', 'Bertin', NULL, '2017-06-26', NULL, NULL, 14, 2, 12, 3, 2, 3, 3, NULL, NULL, NULL, 'd6cc7b94-d34a-40cf-a59c-d1a861bf0970.jpg'),
(1537, 'TG00032', 'AKAKPO AGBAN', 'Alban', NULL, '2017-06-26', NULL, NULL, 15, 2, 12, 3, 2, 3, 3, NULL, NULL, NULL, 'd6cc7b94-d34a-40cf-a59c-d1a861bf0970.jpg'),
(1538, 'BF00421', 'BADINI', 'Adama', NULL, '2017-06-26', NULL, NULL, 20, 2, 12, 3, 2, 3, 3, NULL, NULL, NULL, 'd6cc7b94-d34a-40cf-a59c-d1a861bf0970.jpg'),
(1539, 'NE00714', 'CHEFOU', 'IDI', NULL, '2017-06-26', NULL, NULL, 55, 2, 12, 3, 2, 3, 3, NULL, NULL, NULL, 'd6cc7b94-d34a-40cf-a59c-d1a861bf0970.jpg'),
(1540, 'NE00729', 'ABDOULKARIM', 'ALI', NULL, '2017-06-11', NULL, NULL, 130, 2, 12, 3, 2, 3, 3, NULL, NULL, NULL, 'd6cc7b94-d34a-40cf-a59c-d1a861bf0970.jpg'),
(1541, 'TC0012', 'Armel', 'Kadje', NULL, '2017-06-11', NULL, NULL, 18, 2, 12, 3, 2, 3, 3, NULL, NULL, NULL, 'd6cc7b94-d34a-40cf-a59c-d1a861bf0970.jpg'),
(1542, 'BJ00043', 'ADAMNE', 'Bertin', NULL, '2017-06-26', NULL, NULL, 14, 2, 12, 3, 2, 3, 3, NULL, NULL, NULL, 'd6cc7b94-d34a-40cf-a59c-d1a861bf0970.jpg'),
(1543, 'TG00032', 'AKAKPO AGBAN', 'Alban', NULL, '2017-06-26', NULL, NULL, 15, 2, 12, 3, 2, 3, 3, NULL, NULL, NULL, 'd6cc7b94-d34a-40cf-a59c-d1a861bf0970.jpg'),
(1544, 'BF00421', 'BADINI', 'Adama', NULL, '2017-06-26', NULL, NULL, 20, 2, 12, 3, 2, 3, 3, NULL, NULL, NULL, 'd6cc7b94-d34a-40cf-a59c-d1a861bf0970.jpg'),
(1545, 'NE00714', 'CHEFOU', 'IDI', NULL, '2017-06-26', NULL, NULL, 55, 2, 12, 3, 2, 3, 3, NULL, NULL, NULL, 'd6cc7b94-d34a-40cf-a59c-d1a861bf0970.jpg'),
(1546, 'NE00729', 'ABDOULKARIM', 'ALI', NULL, '2017-06-11', NULL, NULL, 130, 2, 12, 3, 2, 3, 3, NULL, NULL, NULL, 'd6cc7b94-d34a-40cf-a59c-d1a861bf0970.jpg'),
(1547, 'TC0012', 'Armel', 'Kadje', NULL, '2017-06-11', NULL, NULL, 18, 2, 12, 3, 2, 3, 3, NULL, NULL, NULL, 'd6cc7b94-d34a-40cf-a59c-d1a861bf0970.jpg'),
(1548, 'BJ00043', 'ADAMNE', 'Bertin', NULL, '2017-06-26', NULL, NULL, 14, 2, 12, 3, 2, 3, 3, NULL, NULL, NULL, 'd6cc7b94-d34a-40cf-a59c-d1a861bf0970.jpg'),
(1549, 'TG00032', 'AKAKPO AGBAN', 'Alban', NULL, '2017-06-26', NULL, NULL, 15, 2, 12, 3, 2, 3, 3, NULL, NULL, NULL, 'd6cc7b94-d34a-40cf-a59c-d1a861bf0970.jpg'),
(1550, 'BF00421', 'BADINI', 'Adama', NULL, '2017-06-26', NULL, NULL, 20, 2, 12, 3, 2, 3, 3, NULL, NULL, NULL, 'd6cc7b94-d34a-40cf-a59c-d1a861bf0970.jpg'),
(1551, 'NE00714', 'CHEFOU', 'IDI', NULL, '2017-06-26', NULL, NULL, 55, 2, 12, 3, 2, 3, 3, NULL, NULL, NULL, 'd6cc7b94-d34a-40cf-a59c-d1a861bf0970.jpg'),
(1552, 'NE00729', 'ABDOULKARIM', 'ALI', NULL, '2017-06-11', NULL, NULL, 130, 2, 12, 3, 2, 3, 3, NULL, NULL, NULL, 'd6cc7b94-d34a-40cf-a59c-d1a861bf0970.jpg'),
(1553, 'TC0012', 'Armel', 'Kadje', NULL, '2017-06-11', NULL, NULL, 18, 2, 12, 3, 2, 3, 3, NULL, NULL, NULL, 'd6cc7b94-d34a-40cf-a59c-d1a861bf0970.jpg'),
(1554, 'BJ00043', 'ADAMNE', 'Bertin', NULL, '2017-06-26', NULL, NULL, 14, 2, 12, 3, 2, 3, 3, NULL, NULL, NULL, 'd6cc7b94-d34a-40cf-a59c-d1a861bf0970.jpg'),
(1555, 'TG00032', 'AKAKPO AGBAN', 'Alban', NULL, '2017-06-26', NULL, NULL, 15, 2, 12, 3, 2, 3, 3, NULL, NULL, NULL, 'd6cc7b94-d34a-40cf-a59c-d1a861bf0970.jpg'),
(1556, 'BF00421', 'BADINI', 'Adama', NULL, '2017-06-26', NULL, NULL, 20, 2, 12, 3, 2, 3, 3, NULL, NULL, NULL, 'd6cc7b94-d34a-40cf-a59c-d1a861bf0970.jpg'),
(1557, 'NE00714', 'CHEFOU', 'IDI', NULL, '2017-06-26', NULL, NULL, 55, 2, 12, 3, 2, 3, 3, NULL, NULL, NULL, 'd6cc7b94-d34a-40cf-a59c-d1a861bf0970.jpg'),
(1558, 'NE00729', 'ABDOULKARIM', 'ALI', NULL, '2017-06-11', NULL, NULL, 130, 2, 12, 3, 2, 3, 3, NULL, NULL, NULL, 'd6cc7b94-d34a-40cf-a59c-d1a861bf0970.jpg'),
(1559, 'TC0012', 'Armel', 'Kadje', NULL, '2017-06-11', NULL, NULL, 18, 2, 12, 3, 2, 3, 3, NULL, NULL, NULL, 'd6cc7b94-d34a-40cf-a59c-d1a861bf0970.jpg'),
(1560, 'BJ00043', 'ADAMNE', 'Bertin', NULL, '2017-06-26', NULL, NULL, 14, 2, 12, 3, 2, 3, 3, NULL, NULL, NULL, 'd6cc7b94-d34a-40cf-a59c-d1a861bf0970.jpg');
INSERT INTO `personnes` (`IDPERSONNE`, `MATRICULE`, `NOM`, `PRENOM`, `AUTRENOM`, `DATENAISS`, `TELEPHONE`, `EMAIL`, `PAYS`, `GROUPE`, `SOCIETE`, `SECTION`, `CONTRAT`, `AMBITION`, `LANGUE`, `DATECONTRAT`, `MEMO`, `POTENTIEL`, `PHOTO`) VALUES
(1561, 'TG00032', 'AKAKPO AGBAN', 'Alban', NULL, '2017-06-26', NULL, NULL, 15, 2, 12, 3, 2, 3, 3, NULL, NULL, NULL, 'd6cc7b94-d34a-40cf-a59c-d1a861bf0970.jpg'),
(1562, 'BF00421', 'BADINI', 'Adama', NULL, '2017-06-26', NULL, NULL, 20, 2, 12, 3, 2, 3, 3, NULL, NULL, NULL, 'd6cc7b94-d34a-40cf-a59c-d1a861bf0970.jpg'),
(1563, 'NE00714', 'CHEFOU', 'IDI', NULL, '2017-06-26', NULL, NULL, 55, 2, 12, 3, 2, 3, 3, NULL, NULL, NULL, 'd6cc7b94-d34a-40cf-a59c-d1a861bf0970.jpg'),
(1564, 'NE00729', 'ABDOULKARIM', 'ALI', NULL, '2017-06-11', NULL, NULL, 130, 2, 12, 3, 2, 3, 3, NULL, NULL, NULL, 'd6cc7b94-d34a-40cf-a59c-d1a861bf0970.jpg'),
(1565, 'TC0012', 'Armel', 'Kadje', NULL, '2017-06-11', NULL, NULL, 18, 2, 12, 3, 2, 3, 3, NULL, NULL, NULL, 'd6cc7b94-d34a-40cf-a59c-d1a861bf0970.jpg'),
(1566, 'BJ00043', 'ADAMNE', 'Bertin', NULL, '2017-06-26', NULL, NULL, 14, 2, 12, 3, 2, 3, 3, NULL, NULL, NULL, 'd6cc7b94-d34a-40cf-a59c-d1a861bf0970.jpg'),
(1567, 'TG00032', 'AKAKPO AGBAN', 'Alban', NULL, '2017-06-26', NULL, NULL, 15, 2, 12, 3, 2, 3, 3, NULL, NULL, NULL, 'd6cc7b94-d34a-40cf-a59c-d1a861bf0970.jpg'),
(1568, 'BF00421', 'BADINI', 'Adama', NULL, '2017-06-26', NULL, NULL, 20, 2, 12, 3, 2, 3, 3, NULL, NULL, NULL, 'd6cc7b94-d34a-40cf-a59c-d1a861bf0970.jpg'),
(1569, 'NE00714', 'CHEFOU', 'IDI', NULL, '2017-06-26', NULL, NULL, 55, 2, 12, 3, 2, 3, 3, NULL, NULL, NULL, 'd6cc7b94-d34a-40cf-a59c-d1a861bf0970.jpg'),
(1570, 'NE00729', 'ABDOULKARIM', 'ALI', NULL, '2017-06-11', NULL, NULL, 130, 2, 12, 3, 2, 3, 3, NULL, NULL, NULL, 'd6cc7b94-d34a-40cf-a59c-d1a861bf0970.jpg'),
(1571, 'TC0012', 'Armel', 'Kadje', NULL, '2017-06-11', NULL, NULL, 18, 2, 12, 3, 2, 3, 3, NULL, NULL, NULL, 'd6cc7b94-d34a-40cf-a59c-d1a861bf0970.jpg'),
(1572, 'BJ00043', 'ADAMNE', 'Bertin', NULL, '2017-06-26', NULL, NULL, 14, 2, 12, 3, 2, 3, 3, NULL, NULL, NULL, 'd6cc7b94-d34a-40cf-a59c-d1a861bf0970.jpg'),
(1573, 'TG00032', 'AKAKPO AGBAN', 'Alban', NULL, '2017-06-26', NULL, NULL, 15, 2, 12, 3, 2, 3, 3, NULL, NULL, NULL, 'd6cc7b94-d34a-40cf-a59c-d1a861bf0970.jpg'),
(1574, 'BF00421', 'BADINI', 'Adama', NULL, '2017-06-26', NULL, NULL, 20, 2, 12, 3, 2, 3, 3, NULL, NULL, NULL, 'd6cc7b94-d34a-40cf-a59c-d1a861bf0970.jpg'),
(1575, 'NE00714', 'CHEFOU', 'IDI', NULL, '2017-06-26', NULL, NULL, 55, 2, 12, 3, 2, 3, 3, NULL, NULL, NULL, 'd6cc7b94-d34a-40cf-a59c-d1a861bf0970.jpg'),
(1576, 'NE00729', 'ABDOULKARIM', 'ALI', NULL, '2017-06-11', NULL, NULL, 130, 2, 12, 3, 2, 3, 3, NULL, NULL, NULL, 'd6cc7b94-d34a-40cf-a59c-d1a861bf0970.jpg'),
(1577, 'TC0012', 'Armel', 'Kadje', NULL, '2017-06-11', NULL, NULL, 18, 2, 12, 3, 2, 3, 3, NULL, NULL, NULL, 'd6cc7b94-d34a-40cf-a59c-d1a861bf0970.jpg'),
(1578, 'BJ00043', 'ADAMNE', 'Bertin', NULL, '2017-06-26', NULL, NULL, 14, 2, 12, 3, 2, 3, 3, NULL, NULL, NULL, 'd6cc7b94-d34a-40cf-a59c-d1a861bf0970.jpg'),
(1579, 'TG00032', 'AKAKPO AGBAN', 'Alban', NULL, '2017-06-26', NULL, NULL, 15, 2, 12, 3, 2, 3, 3, NULL, NULL, NULL, 'd6cc7b94-d34a-40cf-a59c-d1a861bf0970.jpg'),
(1580, 'BF00421', 'BADINI', 'Adama', NULL, '2017-06-26', NULL, NULL, 20, 2, 12, 3, 2, 3, 3, NULL, NULL, NULL, 'd6cc7b94-d34a-40cf-a59c-d1a861bf0970.jpg'),
(1581, 'NE00714', 'CHEFOU', 'IDI', NULL, '2017-06-26', NULL, NULL, 55, 2, 12, 3, 2, 3, 3, NULL, NULL, NULL, 'd6cc7b94-d34a-40cf-a59c-d1a861bf0970.jpg'),
(1582, 'NE00729', 'ABDOULKARIM', 'ALI', NULL, '2017-06-11', NULL, NULL, 130, 2, 12, 3, 2, 3, 3, NULL, NULL, NULL, 'd6cc7b94-d34a-40cf-a59c-d1a861bf0970.jpg'),
(1583, 'TC0012', 'Armel', 'Kadje', NULL, '2017-06-11', NULL, NULL, 18, 2, 12, 3, 2, 3, 3, NULL, NULL, NULL, 'd6cc7b94-d34a-40cf-a59c-d1a861bf0970.jpg'),
(1584, 'BJ00043', 'ADAMNE', 'Bertin', NULL, '2017-06-26', NULL, NULL, 14, 2, 12, 3, 2, 3, 3, NULL, NULL, NULL, 'd6cc7b94-d34a-40cf-a59c-d1a861bf0970.jpg'),
(1585, 'TG00032', 'AKAKPO AGBAN', 'Alban', NULL, '2017-06-26', NULL, NULL, 15, 2, 12, 3, 2, 3, 3, NULL, NULL, NULL, 'd6cc7b94-d34a-40cf-a59c-d1a861bf0970.jpg'),
(1586, 'BF00421', 'BADINI', 'Adama', NULL, '2017-06-26', NULL, NULL, 20, 2, 12, 3, 2, 3, 3, NULL, NULL, NULL, 'd6cc7b94-d34a-40cf-a59c-d1a861bf0970.jpg'),
(1587, 'NE00714', 'CHEFOU', 'IDI', NULL, '2017-06-26', NULL, NULL, 55, 2, 12, 3, 2, 3, 3, NULL, NULL, NULL, 'd6cc7b94-d34a-40cf-a59c-d1a861bf0970.jpg'),
(1588, 'NE00729', 'ABDOULKARIM', 'ALI', NULL, '2017-06-11', NULL, NULL, 130, 2, 12, 3, 2, 3, 3, NULL, NULL, NULL, 'd6cc7b94-d34a-40cf-a59c-d1a861bf0970.jpg'),
(1589, 'TC0012', 'Armel', 'Kadje', NULL, '2017-06-11', NULL, NULL, 18, 2, 12, 3, 2, 3, 3, NULL, NULL, NULL, 'd6cc7b94-d34a-40cf-a59c-d1a861bf0970.jpg'),
(1590, 'BJ00043', 'ADAMNE', 'Bertin', NULL, '2017-06-26', NULL, NULL, 14, 2, 12, 3, 2, 3, 3, NULL, NULL, NULL, 'd6cc7b94-d34a-40cf-a59c-d1a861bf0970.jpg'),
(1591, 'TG00032', 'AKAKPO AGBAN', 'Alban', NULL, '2017-06-26', NULL, NULL, 15, 2, 12, 3, 2, 3, 3, NULL, NULL, NULL, 'd6cc7b94-d34a-40cf-a59c-d1a861bf0970.jpg'),
(1592, 'BF00421', 'BADINI', 'Adama', NULL, '2017-06-26', NULL, NULL, 20, 2, 12, 3, 2, 3, 3, NULL, NULL, NULL, 'd6cc7b94-d34a-40cf-a59c-d1a861bf0970.jpg'),
(1593, 'NE00714', 'CHEFOU', 'IDI', NULL, '2017-06-26', NULL, NULL, 55, 2, 12, 3, 2, 3, 3, NULL, NULL, NULL, 'd6cc7b94-d34a-40cf-a59c-d1a861bf0970.jpg'),
(1594, 'NE00729', 'ABDOULKARIM', 'ALI', NULL, '2017-06-11', NULL, NULL, 130, 2, 12, 3, 2, 3, 3, NULL, NULL, NULL, 'd6cc7b94-d34a-40cf-a59c-d1a861bf0970.jpg'),
(1595, 'TC0012', 'Armel', 'Kadje', NULL, '2017-06-11', NULL, NULL, 18, 2, 12, 3, 2, 3, 3, NULL, NULL, NULL, 'd6cc7b94-d34a-40cf-a59c-d1a861bf0970.jpg'),
(1596, 'BJ00043', 'ADAMNE', 'Bertin', NULL, '2017-06-26', NULL, NULL, 14, 2, 12, 3, 2, 3, 3, NULL, NULL, NULL, 'd6cc7b94-d34a-40cf-a59c-d1a861bf0970.jpg'),
(1597, 'TG00032', 'AKAKPO AGBAN', 'Alban', NULL, '2017-06-26', NULL, NULL, 15, 2, 12, 3, 2, 3, 3, NULL, NULL, NULL, 'd6cc7b94-d34a-40cf-a59c-d1a861bf0970.jpg'),
(1598, 'BF00421', 'BADINI', 'Adama', NULL, '2017-06-26', NULL, NULL, 20, 2, 12, 3, 2, 3, 3, NULL, NULL, NULL, 'd6cc7b94-d34a-40cf-a59c-d1a861bf0970.jpg'),
(1599, 'NE00714', 'CHEFOU', 'IDI', NULL, '2017-06-26', NULL, NULL, 55, 2, 12, 3, 2, 3, 3, NULL, NULL, NULL, 'd6cc7b94-d34a-40cf-a59c-d1a861bf0970.jpg'),
(1600, 'NE00729', 'ABDOULKARIM', 'ALI', NULL, '2017-06-11', NULL, NULL, 130, 2, 12, 3, 2, 3, 3, NULL, NULL, NULL, 'd6cc7b94-d34a-40cf-a59c-d1a861bf0970.jpg'),
(1601, 'TC0012', 'Armel', 'Kadje', NULL, '2017-06-11', NULL, NULL, 18, 2, 12, 3, 2, 3, 3, NULL, NULL, NULL, 'd6cc7b94-d34a-40cf-a59c-d1a861bf0970.jpg'),
(1602, 'BJ00043', 'ADAMNE', 'Bertin', NULL, '2017-06-26', NULL, NULL, 14, 2, 12, 3, 2, 3, 3, NULL, NULL, NULL, 'd6cc7b94-d34a-40cf-a59c-d1a861bf0970.jpg'),
(1603, 'TG00032', 'AKAKPO AGBAN', 'Alban', NULL, '2017-06-26', NULL, NULL, 15, 2, 12, 3, 2, 3, 3, NULL, NULL, NULL, 'd6cc7b94-d34a-40cf-a59c-d1a861bf0970.jpg'),
(1604, 'BF00421', 'BADINI', 'Adama', NULL, '2017-06-26', NULL, NULL, 20, 2, 12, 3, 2, 3, 3, NULL, NULL, NULL, 'd6cc7b94-d34a-40cf-a59c-d1a861bf0970.jpg'),
(1605, 'NE00714', 'CHEFOU', 'IDI', NULL, '2017-06-26', NULL, NULL, 55, 2, 12, 3, 2, 3, 3, NULL, NULL, NULL, 'd6cc7b94-d34a-40cf-a59c-d1a861bf0970.jpg'),
(1606, 'NE00729', 'ABDOULKARIM', 'ALI', NULL, '2017-06-11', NULL, NULL, 130, 2, 12, 3, 2, 3, 3, NULL, NULL, NULL, 'd6cc7b94-d34a-40cf-a59c-d1a861bf0970.jpg'),
(1607, 'TC0012', 'Armel', 'Kadje', NULL, '2017-06-11', NULL, NULL, 18, 2, 12, 3, 2, 3, 3, NULL, NULL, NULL, 'd6cc7b94-d34a-40cf-a59c-d1a861bf0970.jpg'),
(1608, 'BJ00043', 'ADAMNE', 'Bertin', NULL, '2017-06-26', NULL, NULL, 14, 2, 12, 3, 2, 3, 3, NULL, NULL, NULL, 'd6cc7b94-d34a-40cf-a59c-d1a861bf0970.jpg'),
(1609, 'TG00032', 'AKAKPO AGBAN', 'Alban', NULL, '2017-06-26', NULL, NULL, 15, 2, 12, 3, 2, 3, 3, NULL, NULL, NULL, 'd6cc7b94-d34a-40cf-a59c-d1a861bf0970.jpg'),
(1610, 'BF00421', 'BADINI', 'Adama', NULL, '2017-06-26', NULL, NULL, 20, 2, 12, 3, 2, 3, 3, NULL, NULL, NULL, 'd6cc7b94-d34a-40cf-a59c-d1a861bf0970.jpg'),
(1611, 'NE00714', 'CHEFOU', 'IDI', NULL, '2017-06-26', NULL, NULL, 55, 2, 12, 3, 2, 3, 3, NULL, NULL, NULL, 'd6cc7b94-d34a-40cf-a59c-d1a861bf0970.jpg'),
(1612, 'NE00729', 'ABDOULKARIM', 'ALI', NULL, '2017-06-11', NULL, NULL, 130, 2, 12, 3, 2, 3, 3, NULL, NULL, NULL, 'd6cc7b94-d34a-40cf-a59c-d1a861bf0970.jpg'),
(1613, 'TC0012', 'Armel', 'Kadje', NULL, '2017-06-11', NULL, NULL, 18, 2, 12, 3, 2, 3, 3, NULL, NULL, NULL, 'd6cc7b94-d34a-40cf-a59c-d1a861bf0970.jpg'),
(1614, 'BJ00043', 'ADAMNE', 'Bertin', NULL, '2017-06-26', NULL, NULL, 14, 2, 12, 3, 2, 3, 3, NULL, NULL, NULL, 'd6cc7b94-d34a-40cf-a59c-d1a861bf0970.jpg'),
(1615, 'TG00032', 'AKAKPO AGBAN', 'Alban', NULL, '2017-06-26', NULL, NULL, 15, 2, 12, 3, 2, 3, 3, NULL, NULL, NULL, 'd6cc7b94-d34a-40cf-a59c-d1a861bf0970.jpg'),
(1616, 'BF00421', 'BADINI', 'Adama', NULL, '2017-06-26', NULL, NULL, 20, 2, 12, 3, 2, 3, 3, NULL, NULL, NULL, 'd6cc7b94-d34a-40cf-a59c-d1a861bf0970.jpg'),
(1617, 'NE00714', 'CHEFOU', 'IDI', NULL, '2017-06-26', NULL, NULL, 55, 2, 12, 3, 2, 3, 3, NULL, NULL, NULL, 'd6cc7b94-d34a-40cf-a59c-d1a861bf0970.jpg'),
(1618, 'NE00729', 'ABDOULKARIM', 'ALI', NULL, '2017-06-11', NULL, NULL, 130, 2, 12, 3, 2, 3, 3, NULL, NULL, NULL, 'd6cc7b94-d34a-40cf-a59c-d1a861bf0970.jpg'),
(1619, 'TC0012', 'Armel', 'Kadje', NULL, '2017-06-11', NULL, NULL, 18, 2, 12, 3, 2, 3, 3, NULL, NULL, NULL, 'd6cc7b94-d34a-40cf-a59c-d1a861bf0970.jpg'),
(1620, 'BJ00043', 'ADAMNE', 'Bertin', NULL, '2017-06-26', NULL, NULL, 14, 2, 12, 3, 2, 3, 3, NULL, NULL, NULL, 'd6cc7b94-d34a-40cf-a59c-d1a861bf0970.jpg'),
(1621, 'TG00032', 'AKAKPO AGBAN', 'Alban', NULL, '2017-06-26', NULL, NULL, 15, 2, 12, 3, 2, 3, 3, NULL, NULL, NULL, 'd6cc7b94-d34a-40cf-a59c-d1a861bf0970.jpg'),
(1622, 'BF00421', 'BADINI', 'Adama', NULL, '2017-06-26', NULL, NULL, 20, 2, 12, 3, 2, 3, 3, NULL, NULL, NULL, 'd6cc7b94-d34a-40cf-a59c-d1a861bf0970.jpg'),
(1623, 'NE00714', 'CHEFOU', 'IDI', NULL, '2017-06-26', NULL, NULL, 55, 2, 12, 3, 2, 3, 3, NULL, NULL, NULL, 'd6cc7b94-d34a-40cf-a59c-d1a861bf0970.jpg'),
(1624, 'NE00729', 'ABDOULKARIM', 'ALI', NULL, '2017-06-11', NULL, NULL, 130, 2, 12, 3, 2, 3, 3, NULL, NULL, NULL, 'd6cc7b94-d34a-40cf-a59c-d1a861bf0970.jpg'),
(1625, 'TC0012', 'Armel', 'Kadje', NULL, '2017-06-11', NULL, NULL, 18, 2, 12, 3, 2, 3, 3, NULL, NULL, NULL, 'd6cc7b94-d34a-40cf-a59c-d1a861bf0970.jpg'),
(1626, 'BJ00043', 'ADAMNE', 'Bertin', NULL, '2017-06-26', NULL, NULL, 14, 2, 12, 3, 2, 3, 3, NULL, NULL, NULL, 'd6cc7b94-d34a-40cf-a59c-d1a861bf0970.jpg'),
(1627, 'TG00032', 'AKAKPO AGBAN', 'Alban', NULL, '2017-06-26', NULL, NULL, 15, 2, 12, 3, 2, 3, 3, NULL, NULL, NULL, 'd6cc7b94-d34a-40cf-a59c-d1a861bf0970.jpg'),
(1628, 'BF00421', 'BADINI', 'Adama', NULL, '2017-06-26', NULL, NULL, 20, 2, 12, 3, 2, 3, 3, NULL, NULL, NULL, 'd6cc7b94-d34a-40cf-a59c-d1a861bf0970.jpg'),
(1629, 'NE00714', 'CHEFOU', 'IDI', NULL, '2017-06-26', NULL, NULL, 55, 2, 12, 3, 2, 3, 3, NULL, NULL, NULL, 'd6cc7b94-d34a-40cf-a59c-d1a861bf0970.jpg'),
(1630, 'NE00729', 'ABDOULKARIM', 'ALI', NULL, '2017-06-11', NULL, NULL, 130, 2, 12, 3, 2, 3, 3, NULL, NULL, NULL, 'd6cc7b94-d34a-40cf-a59c-d1a861bf0970.jpg'),
(1631, 'TC0012', 'Armel', 'Kadje', NULL, '2017-06-11', NULL, NULL, 18, 2, 12, 3, 2, 3, 3, NULL, NULL, NULL, 'd6cc7b94-d34a-40cf-a59c-d1a861bf0970.jpg'),
(1632, 'BJ00043', 'ADAMNE', 'Bertin', NULL, '2017-06-26', NULL, NULL, 14, 2, 12, 3, 2, 3, 3, NULL, NULL, NULL, 'd6cc7b94-d34a-40cf-a59c-d1a861bf0970.jpg'),
(1633, 'TG00032', 'AKAKPO AGBAN', 'Alban', NULL, '2017-06-26', NULL, NULL, 15, 2, 12, 3, 2, 3, 3, NULL, NULL, NULL, 'd6cc7b94-d34a-40cf-a59c-d1a861bf0970.jpg'),
(1634, 'BF00421', 'BADINI', 'Adama', NULL, '2017-06-26', NULL, NULL, 20, 2, 12, 3, 2, 3, 3, NULL, NULL, NULL, 'd6cc7b94-d34a-40cf-a59c-d1a861bf0970.jpg'),
(1635, 'NE00714', 'CHEFOU', 'IDI', NULL, '2017-06-26', NULL, NULL, 55, 2, 12, 3, 2, 3, 3, NULL, NULL, NULL, 'd6cc7b94-d34a-40cf-a59c-d1a861bf0970.jpg'),
(1636, 'NE00729', 'ABDOULKARIM', 'ALI', NULL, '2017-06-11', NULL, NULL, 130, 2, 12, 3, 2, 3, 3, NULL, NULL, NULL, 'd6cc7b94-d34a-40cf-a59c-d1a861bf0970.jpg'),
(1637, 'TC0012', 'Armel', 'Kadje', NULL, '2017-06-11', NULL, NULL, 18, 2, 12, 3, 2, 3, 3, NULL, NULL, NULL, 'd6cc7b94-d34a-40cf-a59c-d1a861bf0970.jpg'),
(1638, 'BJ00043', 'ADAMNE', 'Bertin', NULL, '2017-06-26', NULL, NULL, 14, 2, 12, 3, 2, 3, 3, NULL, NULL, NULL, 'd6cc7b94-d34a-40cf-a59c-d1a861bf0970.jpg'),
(1639, 'TG00032', 'AKAKPO AGBAN', 'Alban', NULL, '2017-06-26', NULL, NULL, 15, 2, 12, 3, 2, 3, 3, NULL, NULL, NULL, 'd6cc7b94-d34a-40cf-a59c-d1a861bf0970.jpg'),
(1640, 'BF00421', 'BADINI', 'Adama', NULL, '2017-06-26', NULL, NULL, 20, 2, 12, 3, 2, 3, 3, NULL, NULL, NULL, 'd6cc7b94-d34a-40cf-a59c-d1a861bf0970.jpg'),
(1641, 'NE00714', 'CHEFOU', 'IDI', NULL, '2017-06-26', NULL, NULL, 55, 2, 12, 3, 2, 3, 3, NULL, NULL, NULL, 'd6cc7b94-d34a-40cf-a59c-d1a861bf0970.jpg'),
(1642, 'NE00729', 'ABDOULKARIM', 'ALI', NULL, '2017-06-11', NULL, NULL, 130, 2, 12, 3, 2, 3, 3, NULL, NULL, NULL, 'd6cc7b94-d34a-40cf-a59c-d1a861bf0970.jpg'),
(1643, 'TC0012', 'Armel', 'Kadje', NULL, '2017-06-11', NULL, NULL, 18, 2, 12, 3, 2, 3, 3, NULL, NULL, NULL, 'd6cc7b94-d34a-40cf-a59c-d1a861bf0970.jpg'),
(1644, 'BJ00043', 'ADAMNE', 'Bertin', NULL, '2017-06-26', NULL, NULL, 14, 2, 12, 3, 2, 3, 3, NULL, NULL, NULL, 'd6cc7b94-d34a-40cf-a59c-d1a861bf0970.jpg'),
(1645, 'TG00032', 'AKAKPO AGBAN', 'Alban', NULL, '2017-06-26', NULL, NULL, 15, 2, 12, 3, 2, 3, 3, NULL, NULL, NULL, 'd6cc7b94-d34a-40cf-a59c-d1a861bf0970.jpg'),
(1646, 'BF00421', 'BADINI', 'Adama', NULL, '2017-06-26', NULL, NULL, 20, 2, 12, 3, 2, 3, 3, NULL, NULL, NULL, 'd6cc7b94-d34a-40cf-a59c-d1a861bf0970.jpg'),
(1647, 'NE00714', 'CHEFOU', 'IDI', NULL, '2017-06-26', NULL, NULL, 55, 2, 12, 3, 2, 3, 3, NULL, NULL, NULL, 'd6cc7b94-d34a-40cf-a59c-d1a861bf0970.jpg'),
(1648, 'NE00729', 'ABDOULKARIM', 'ALI', NULL, '2017-06-11', NULL, NULL, 130, 2, 12, 3, 2, 3, 3, NULL, NULL, NULL, 'd6cc7b94-d34a-40cf-a59c-d1a861bf0970.jpg'),
(1649, 'TC0012', 'Armel', 'Kadje', NULL, '2017-06-11', NULL, NULL, 18, 2, 12, 3, 2, 3, 3, NULL, NULL, NULL, 'd6cc7b94-d34a-40cf-a59c-d1a861bf0970.jpg'),
(1650, 'BJ00043', 'ADAMNE', 'Bertin', NULL, '2017-06-26', NULL, NULL, 14, 2, 12, 3, 2, 3, 3, NULL, NULL, NULL, 'd6cc7b94-d34a-40cf-a59c-d1a861bf0970.jpg'),
(1651, 'TG00032', 'AKAKPO AGBAN', 'Alban', NULL, '2017-06-26', NULL, NULL, 15, 2, 12, 3, 2, 3, 3, NULL, NULL, NULL, 'd6cc7b94-d34a-40cf-a59c-d1a861bf0970.jpg'),
(1652, 'BF00421', 'BADINI', 'Adama', NULL, '2017-06-26', NULL, NULL, 20, 2, 12, 3, 2, 3, 3, NULL, NULL, NULL, 'd6cc7b94-d34a-40cf-a59c-d1a861bf0970.jpg'),
(1653, 'NE00714', 'CHEFOU', 'IDI', NULL, '2017-06-26', NULL, NULL, 55, 2, 12, 3, 2, 3, 3, NULL, NULL, NULL, 'd6cc7b94-d34a-40cf-a59c-d1a861bf0970.jpg'),
(1654, 'NE00729', 'ABDOULKARIM', 'ALI', NULL, '2017-06-11', NULL, NULL, 130, 2, 12, 3, 2, 3, 3, NULL, NULL, NULL, 'd6cc7b94-d34a-40cf-a59c-d1a861bf0970.jpg'),
(1655, 'TC0012', 'Armel', 'Kadje', NULL, '2017-06-11', NULL, NULL, 18, 2, 12, 3, 2, 3, 3, NULL, NULL, NULL, 'd6cc7b94-d34a-40cf-a59c-d1a861bf0970.jpg'),
(1656, 'BJ00043', 'ADAMNE', 'Bertin', NULL, '2017-06-26', NULL, NULL, 14, 2, 12, 3, 2, 3, 3, NULL, NULL, NULL, 'd6cc7b94-d34a-40cf-a59c-d1a861bf0970.jpg'),
(1657, 'TG00032', 'AKAKPO AGBAN', 'Alban', NULL, '2017-06-26', NULL, NULL, 15, 2, 12, 3, 2, 3, 3, NULL, NULL, NULL, 'd6cc7b94-d34a-40cf-a59c-d1a861bf0970.jpg'),
(1658, 'BF00421', 'BADINI', 'Adama', NULL, '2017-06-26', NULL, NULL, 20, 2, 12, 3, 2, 3, 3, NULL, NULL, NULL, 'd6cc7b94-d34a-40cf-a59c-d1a861bf0970.jpg'),
(1659, 'NE00714', 'CHEFOU', 'IDI', NULL, '2017-06-26', NULL, NULL, 55, 2, 12, 3, 2, 3, 3, NULL, NULL, NULL, 'd6cc7b94-d34a-40cf-a59c-d1a861bf0970.jpg'),
(1660, 'NE00729', 'ABDOULKARIM', 'ALI', NULL, '2017-06-11', NULL, NULL, 130, 2, 12, 3, 2, 3, 3, NULL, NULL, NULL, 'd6cc7b94-d34a-40cf-a59c-d1a861bf0970.jpg'),
(1661, 'TC0012', 'Armel', 'Kadje', NULL, '2017-06-11', NULL, NULL, 18, 2, 12, 3, 2, 3, 3, NULL, NULL, NULL, 'd6cc7b94-d34a-40cf-a59c-d1a861bf0970.jpg'),
(1662, 'BJ00043', 'ADAMNE', 'Bertin', NULL, '2017-06-26', NULL, NULL, 14, 2, 12, 3, 2, 3, 3, NULL, NULL, NULL, 'd6cc7b94-d34a-40cf-a59c-d1a861bf0970.jpg'),
(1663, 'TG00032', 'AKAKPO AGBAN', 'Alban', NULL, '2017-06-26', NULL, NULL, 15, 2, 12, 3, 2, 3, 3, NULL, NULL, NULL, 'd6cc7b94-d34a-40cf-a59c-d1a861bf0970.jpg'),
(1664, 'BF00421', 'BADINI', 'Adama', NULL, '2017-06-26', NULL, NULL, 20, 2, 12, 3, 2, 3, 3, NULL, NULL, NULL, 'd6cc7b94-d34a-40cf-a59c-d1a861bf0970.jpg'),
(1665, 'NE00714', 'CHEFOU', 'IDI', NULL, '2017-06-26', NULL, NULL, 55, 2, 12, 3, 2, 3, 3, NULL, NULL, NULL, 'd6cc7b94-d34a-40cf-a59c-d1a861bf0970.jpg'),
(1666, 'NE00729', 'ABDOULKARIM', 'ALI', NULL, '2017-06-11', NULL, NULL, 130, 2, 12, 3, 2, 3, 3, NULL, NULL, NULL, 'd6cc7b94-d34a-40cf-a59c-d1a861bf0970.jpg'),
(1667, 'TC0012', 'Armel', 'Kadje', NULL, '2017-06-11', NULL, NULL, 18, 2, 12, 3, 2, 3, 3, NULL, NULL, NULL, 'd6cc7b94-d34a-40cf-a59c-d1a861bf0970.jpg'),
(1668, 'BJ00043', 'ADAMNE', 'Bertin', NULL, '2017-06-26', NULL, NULL, 14, 2, 12, 3, 2, 3, 3, NULL, NULL, NULL, 'd6cc7b94-d34a-40cf-a59c-d1a861bf0970.jpg'),
(1669, 'TG00032', 'AKAKPO AGBAN', 'Alban', NULL, '2017-06-26', NULL, NULL, 15, 2, 12, 3, 2, 3, 3, NULL, NULL, NULL, 'd6cc7b94-d34a-40cf-a59c-d1a861bf0970.jpg'),
(1670, 'BF00421', 'BADINI', 'Adama', NULL, '2017-06-26', NULL, NULL, 20, 2, 12, 3, 2, 3, 3, NULL, NULL, NULL, 'd6cc7b94-d34a-40cf-a59c-d1a861bf0970.jpg'),
(1671, 'NE00714', 'CHEFOU', 'IDI', NULL, '2017-06-26', NULL, NULL, 55, 2, 12, 3, 2, 3, 3, NULL, NULL, NULL, 'd6cc7b94-d34a-40cf-a59c-d1a861bf0970.jpg'),
(1672, 'NE00729', 'ABDOULKARIM', 'ALI', NULL, '2017-06-11', NULL, NULL, 130, 2, 12, 3, 2, 3, 3, NULL, NULL, NULL, 'd6cc7b94-d34a-40cf-a59c-d1a861bf0970.jpg'),
(1673, 'TC0012', 'Armel', 'Kadje', NULL, '2017-06-11', NULL, NULL, 18, 2, 12, 3, 2, 3, 3, NULL, NULL, NULL, 'd6cc7b94-d34a-40cf-a59c-d1a861bf0970.jpg'),
(1674, 'BJ00043', 'ADAMNE', 'Bertin', NULL, '2017-06-26', NULL, NULL, 14, 2, 12, 3, 2, 3, 3, NULL, NULL, NULL, 'd6cc7b94-d34a-40cf-a59c-d1a861bf0970.jpg'),
(1675, 'TG00032', 'AKAKPO AGBAN', 'Alban', NULL, '2017-06-26', NULL, NULL, 15, 2, 12, 3, 2, 3, 3, NULL, NULL, NULL, 'd6cc7b94-d34a-40cf-a59c-d1a861bf0970.jpg'),
(1676, 'BF00421', 'BADINI', 'Adama', NULL, '2017-06-26', NULL, NULL, 20, 2, 12, 3, 2, 3, 3, NULL, NULL, NULL, 'd6cc7b94-d34a-40cf-a59c-d1a861bf0970.jpg'),
(1677, 'NE00714', 'CHEFOU', 'IDI', NULL, '2017-06-26', NULL, NULL, 55, 2, 12, 3, 2, 3, 3, NULL, NULL, NULL, 'd6cc7b94-d34a-40cf-a59c-d1a861bf0970.jpg'),
(1678, 'NE00729', 'ABDOULKARIM', 'ALI', NULL, '2017-06-11', NULL, NULL, 130, 2, 12, 3, 2, 3, 3, NULL, NULL, NULL, 'd6cc7b94-d34a-40cf-a59c-d1a861bf0970.jpg'),
(1679, 'TC0012', 'Armel', 'Kadje', NULL, '2017-06-11', NULL, NULL, 18, 2, 12, 3, 2, 3, 3, NULL, NULL, NULL, 'd6cc7b94-d34a-40cf-a59c-d1a861bf0970.jpg'),
(1680, 'BJ00043', 'ADAMNE', 'Bertin', NULL, '2017-06-26', NULL, NULL, 14, 2, 12, 3, 2, 3, 3, NULL, NULL, NULL, 'd6cc7b94-d34a-40cf-a59c-d1a861bf0970.jpg'),
(1681, 'TG00032', 'AKAKPO AGBAN', 'Alban', NULL, '2017-06-26', NULL, NULL, 15, 2, 12, 3, 2, 3, 3, NULL, NULL, NULL, 'd6cc7b94-d34a-40cf-a59c-d1a861bf0970.jpg'),
(1682, 'BF00421', 'BADINI', 'Adama', NULL, '2017-06-26', NULL, NULL, 20, 2, 12, 3, 2, 3, 3, NULL, NULL, NULL, 'd6cc7b94-d34a-40cf-a59c-d1a861bf0970.jpg'),
(1683, 'NE00714', 'CHEFOU', 'IDI', NULL, '2017-06-26', NULL, NULL, 55, 2, 12, 3, 2, 3, 3, NULL, NULL, NULL, 'd6cc7b94-d34a-40cf-a59c-d1a861bf0970.jpg'),
(1684, 'NE00729', 'ABDOULKARIM', 'ALI', NULL, '2017-06-11', NULL, NULL, 130, 2, 12, 3, 2, 3, 3, NULL, NULL, NULL, 'd6cc7b94-d34a-40cf-a59c-d1a861bf0970.jpg'),
(1685, 'TC0012', 'Armel', 'Kadje', NULL, '2017-06-11', NULL, NULL, 18, 2, 12, 3, 2, 3, 3, NULL, NULL, NULL, 'd6cc7b94-d34a-40cf-a59c-d1a861bf0970.jpg'),
(1686, 'BJ00043', 'ADAMNE', 'Bertin', NULL, '2017-06-26', NULL, NULL, 14, 2, 12, 3, 2, 3, 3, NULL, NULL, NULL, 'd6cc7b94-d34a-40cf-a59c-d1a861bf0970.jpg'),
(1687, 'TG00032', 'AKAKPO AGBAN', 'Alban', NULL, '2017-06-26', NULL, NULL, 15, 2, 12, 3, 2, 3, 3, NULL, NULL, NULL, 'd6cc7b94-d34a-40cf-a59c-d1a861bf0970.jpg'),
(1688, 'BF00421', 'BADINI', 'Adama', NULL, '2017-06-26', NULL, NULL, 20, 2, 12, 3, 2, 3, 3, NULL, NULL, NULL, 'd6cc7b94-d34a-40cf-a59c-d1a861bf0970.jpg'),
(1689, 'NE00714', 'CHEFOU', 'IDI', NULL, '2017-06-26', NULL, NULL, 55, 2, 12, 3, 2, 3, 3, NULL, NULL, NULL, 'd6cc7b94-d34a-40cf-a59c-d1a861bf0970.jpg'),
(1690, 'NE00729', 'ABDOULKARIM', 'ALI', NULL, '2017-06-11', NULL, NULL, 130, 2, 12, 3, 2, 3, 3, NULL, NULL, NULL, 'd6cc7b94-d34a-40cf-a59c-d1a861bf0970.jpg'),
(1691, 'TC0012', 'Armel', 'Kadje', NULL, '2017-06-11', NULL, NULL, 18, 2, 12, 3, 2, 3, 3, NULL, NULL, NULL, 'd6cc7b94-d34a-40cf-a59c-d1a861bf0970.jpg'),
(1692, 'BJ00043', 'ADAMNE', 'Bertin', NULL, '2017-06-26', NULL, NULL, 14, 2, 12, 3, 2, 3, 3, NULL, NULL, NULL, 'd6cc7b94-d34a-40cf-a59c-d1a861bf0970.jpg'),
(1693, 'TG00032', 'AKAKPO AGBAN', 'Alban', NULL, '2017-06-26', NULL, NULL, 15, 2, 12, 3, 2, 3, 3, NULL, NULL, NULL, 'd6cc7b94-d34a-40cf-a59c-d1a861bf0970.jpg'),
(1694, 'BF00421', 'BADINI', 'Adama', NULL, '2017-06-26', NULL, NULL, 20, 2, 12, 3, 2, 3, 3, NULL, NULL, NULL, 'd6cc7b94-d34a-40cf-a59c-d1a861bf0970.jpg'),
(1695, 'NE00714', 'CHEFOU', 'IDI', NULL, '2017-06-26', NULL, NULL, 55, 2, 12, 3, 2, 3, 3, NULL, NULL, NULL, 'd6cc7b94-d34a-40cf-a59c-d1a861bf0970.jpg'),
(1696, 'NE00729', 'ABDOULKARIM', 'ALI', NULL, '2017-06-11', NULL, NULL, 130, 2, 12, 3, 2, 3, 3, NULL, NULL, NULL, 'd6cc7b94-d34a-40cf-a59c-d1a861bf0970.jpg'),
(1697, 'TC0012', 'Armel', 'Kadje', NULL, '2017-06-11', NULL, NULL, 18, 2, 12, 3, 2, 3, 3, NULL, NULL, NULL, 'd6cc7b94-d34a-40cf-a59c-d1a861bf0970.jpg'),
(1698, 'BJ00043', 'ADAMNE', 'Bertin', NULL, '2017-06-26', NULL, NULL, 14, 2, 12, 3, 2, 3, 3, NULL, NULL, NULL, 'd6cc7b94-d34a-40cf-a59c-d1a861bf0970.jpg'),
(1699, 'TG00032', 'AKAKPO AGBAN', 'Alban', NULL, '2017-06-26', NULL, NULL, 15, 2, 12, 3, 2, 3, 3, NULL, NULL, NULL, 'd6cc7b94-d34a-40cf-a59c-d1a861bf0970.jpg'),
(1700, 'BF00421', 'BADINI', 'Adama', NULL, '2017-06-26', NULL, NULL, 20, 2, 12, 3, 2, 3, 3, NULL, NULL, NULL, 'd6cc7b94-d34a-40cf-a59c-d1a861bf0970.jpg'),
(1701, 'NE00714', 'CHEFOU', 'IDI', NULL, '2017-06-26', NULL, NULL, 55, 2, 12, 3, 2, 3, 3, NULL, NULL, NULL, 'd6cc7b94-d34a-40cf-a59c-d1a861bf0970.jpg'),
(1702, 'NE00729', 'ABDOULKARIM', 'ALI', NULL, '2017-06-11', NULL, NULL, 130, 2, 12, 3, 2, 3, 3, NULL, NULL, NULL, 'd6cc7b94-d34a-40cf-a59c-d1a861bf0970.jpg'),
(1703, 'TC0012', 'Armel', 'Kadje', NULL, '2017-06-11', NULL, NULL, 18, 2, 12, 3, 2, 3, 3, NULL, NULL, NULL, 'd6cc7b94-d34a-40cf-a59c-d1a861bf0970.jpg'),
(1704, 'BJ00043', 'ADAMNE', 'Bertin', NULL, '2017-06-26', NULL, NULL, 14, 2, 12, 3, 2, 3, 3, NULL, NULL, NULL, 'd6cc7b94-d34a-40cf-a59c-d1a861bf0970.jpg'),
(1705, 'TG00032', 'AKAKPO AGBAN', 'Alban', NULL, '2017-06-26', NULL, NULL, 15, 2, 12, 3, 2, 3, 3, NULL, NULL, NULL, 'd6cc7b94-d34a-40cf-a59c-d1a861bf0970.jpg'),
(1706, 'BF00421', 'BADINI', 'Adama', NULL, '2017-06-26', NULL, NULL, 20, 2, 12, 3, 2, 3, 3, NULL, NULL, NULL, 'd6cc7b94-d34a-40cf-a59c-d1a861bf0970.jpg'),
(1707, 'NE00714', 'CHEFOU', 'IDI', NULL, '2017-06-26', NULL, NULL, 55, 2, 12, 3, 2, 3, 3, NULL, NULL, NULL, 'd6cc7b94-d34a-40cf-a59c-d1a861bf0970.jpg'),
(1708, 'NE00729', 'ABDOULKARIM', 'ALI', NULL, '2017-06-11', NULL, NULL, 130, 2, 12, 3, 2, 3, 3, NULL, NULL, NULL, 'd6cc7b94-d34a-40cf-a59c-d1a861bf0970.jpg'),
(1709, 'TC0012', 'Armel', 'Kadje', NULL, '2017-06-11', NULL, NULL, 18, 2, 12, 3, 2, 3, 3, NULL, NULL, NULL, 'd6cc7b94-d34a-40cf-a59c-d1a861bf0970.jpg'),
(1710, 'BJ00043', 'ADAMNE', 'Bertin', NULL, '2017-06-26', NULL, NULL, 14, 2, 12, 3, 2, 3, 3, NULL, NULL, NULL, 'd6cc7b94-d34a-40cf-a59c-d1a861bf0970.jpg'),
(1711, 'TG00032', 'AKAKPO AGBAN', 'Alban', NULL, '2017-06-26', NULL, NULL, 15, 2, 12, 3, 2, 3, 3, NULL, NULL, NULL, 'd6cc7b94-d34a-40cf-a59c-d1a861bf0970.jpg'),
(1712, 'BF00421', 'BADINI', 'Adama', NULL, '2017-06-26', NULL, NULL, 20, 2, 12, 3, 2, 3, 3, NULL, NULL, NULL, 'd6cc7b94-d34a-40cf-a59c-d1a861bf0970.jpg'),
(1713, 'NE00714', 'CHEFOU', 'IDI', NULL, '2017-06-26', NULL, NULL, 55, 2, 12, 3, 2, 3, 3, NULL, NULL, NULL, 'd6cc7b94-d34a-40cf-a59c-d1a861bf0970.jpg'),
(1714, 'NE00729', 'ABDOULKARIM', 'ALI', NULL, '2017-06-11', NULL, NULL, 130, 2, 12, 3, 2, 3, 3, NULL, NULL, NULL, 'd6cc7b94-d34a-40cf-a59c-d1a861bf0970.jpg'),
(1715, 'TC0012', 'Armel', 'Kadje', NULL, '2017-06-11', NULL, NULL, 18, 2, 12, 3, 2, 3, 3, NULL, NULL, NULL, 'd6cc7b94-d34a-40cf-a59c-d1a861bf0970.jpg'),
(1716, 'BJ00043', 'ADAMNE', 'Bertin', NULL, '2017-06-26', NULL, NULL, 14, 2, 12, 3, 2, 3, 3, NULL, NULL, NULL, 'd6cc7b94-d34a-40cf-a59c-d1a861bf0970.jpg'),
(1717, 'TG00032', 'AKAKPO AGBAN', 'Alban', NULL, '2017-06-26', NULL, NULL, 15, 2, 12, 3, 2, 3, 3, NULL, NULL, NULL, 'd6cc7b94-d34a-40cf-a59c-d1a861bf0970.jpg'),
(1718, 'BF00421', 'BADINI', 'Adama', NULL, '2017-06-26', NULL, NULL, 20, 2, 12, 3, 2, 3, 3, NULL, NULL, NULL, 'd6cc7b94-d34a-40cf-a59c-d1a861bf0970.jpg'),
(1719, 'NE00714', 'CHEFOU', 'IDI', NULL, '2017-06-26', NULL, NULL, 55, 2, 12, 3, 2, 3, 3, NULL, NULL, NULL, 'd6cc7b94-d34a-40cf-a59c-d1a861bf0970.jpg'),
(1720, 'NE00729', 'ABDOULKARIM', 'ALI', NULL, '2017-06-11', NULL, NULL, 130, 2, 12, 3, 2, 3, 3, NULL, NULL, NULL, 'd6cc7b94-d34a-40cf-a59c-d1a861bf0970.jpg'),
(1721, 'TC0012', 'Armel', 'Kadje', NULL, '2017-06-11', NULL, NULL, 18, 2, 12, 3, 2, 3, 3, NULL, NULL, NULL, 'd6cc7b94-d34a-40cf-a59c-d1a861bf0970.jpg'),
(1722, 'BJ00043', 'ADAMNE', 'Bertin', NULL, '2017-06-26', NULL, NULL, 14, 2, 12, 3, 2, 3, 3, NULL, NULL, NULL, 'd6cc7b94-d34a-40cf-a59c-d1a861bf0970.jpg'),
(1723, 'TG00032', 'AKAKPO AGBAN', 'Alban', NULL, '2017-06-26', NULL, NULL, 15, 2, 12, 3, 2, 3, 3, NULL, NULL, NULL, 'd6cc7b94-d34a-40cf-a59c-d1a861bf0970.jpg'),
(1724, 'BF00421', 'BADINI', 'Adama', NULL, '2017-06-26', NULL, NULL, 20, 2, 12, 3, 2, 3, 3, NULL, NULL, NULL, 'd6cc7b94-d34a-40cf-a59c-d1a861bf0970.jpg'),
(1725, 'NE00714', 'CHEFOU', 'IDI', NULL, '2017-06-26', NULL, NULL, 55, 2, 12, 3, 2, 3, 3, NULL, NULL, NULL, 'd6cc7b94-d34a-40cf-a59c-d1a861bf0970.jpg'),
(1726, 'NE00729', 'ABDOULKARIM', 'ALI', NULL, '2017-06-11', NULL, NULL, 130, 2, 12, 3, 2, 3, 3, NULL, NULL, NULL, 'd6cc7b94-d34a-40cf-a59c-d1a861bf0970.jpg'),
(1727, 'TC0012', 'Armel', 'Kadje', NULL, '2017-06-11', NULL, NULL, 18, 2, 12, 3, 2, 3, 3, NULL, NULL, NULL, 'd6cc7b94-d34a-40cf-a59c-d1a861bf0970.jpg'),
(1728, 'BJ00043', 'ADAMNE', 'Bertin', NULL, '2017-06-26', NULL, NULL, 14, 2, 12, 3, 2, 3, 3, NULL, NULL, NULL, 'd6cc7b94-d34a-40cf-a59c-d1a861bf0970.jpg'),
(1729, 'TG00032', 'AKAKPO AGBAN', 'Alban', NULL, '2017-06-26', NULL, NULL, 15, 2, 12, 3, 2, 3, 3, NULL, NULL, NULL, 'd6cc7b94-d34a-40cf-a59c-d1a861bf0970.jpg'),
(1730, 'BF00421', 'BADINI', 'Adama', NULL, '2017-06-26', NULL, NULL, 20, 2, 12, 3, 2, 3, 3, NULL, NULL, NULL, 'd6cc7b94-d34a-40cf-a59c-d1a861bf0970.jpg'),
(1731, 'NE00714', 'CHEFOU', 'IDI', NULL, '2017-06-26', NULL, NULL, 55, 2, 12, 3, 2, 3, 3, NULL, NULL, NULL, 'd6cc7b94-d34a-40cf-a59c-d1a861bf0970.jpg'),
(1732, 'NE00729', 'ABDOULKARIM', 'ALI', NULL, '2017-06-11', NULL, NULL, 130, 2, 12, 3, 2, 3, 3, NULL, NULL, NULL, 'd6cc7b94-d34a-40cf-a59c-d1a861bf0970.jpg'),
(1733, 'TC0012', 'Armel', 'Kadje', NULL, '2017-06-11', NULL, NULL, 18, 2, 12, 3, 2, 3, 3, NULL, NULL, NULL, 'd6cc7b94-d34a-40cf-a59c-d1a861bf0970.jpg'),
(1734, 'BJ00043', 'ADAMNE', 'Bertin', NULL, '2017-06-26', NULL, NULL, 14, 2, 12, 3, 2, 3, 3, NULL, NULL, NULL, 'd6cc7b94-d34a-40cf-a59c-d1a861bf0970.jpg'),
(1735, 'TG00032', 'AKAKPO AGBAN', 'Alban', NULL, '2017-06-26', NULL, NULL, 15, 2, 12, 3, 2, 3, 3, NULL, NULL, NULL, 'd6cc7b94-d34a-40cf-a59c-d1a861bf0970.jpg'),
(1736, 'BF00421', 'BADINI', 'Adama', NULL, '2017-06-26', NULL, NULL, 20, 2, 12, 3, 2, 3, 3, NULL, NULL, NULL, 'd6cc7b94-d34a-40cf-a59c-d1a861bf0970.jpg'),
(1737, 'NE00714', 'CHEFOU', 'IDI', NULL, '2017-06-26', NULL, NULL, 55, 2, 12, 3, 2, 3, 3, NULL, NULL, NULL, 'd6cc7b94-d34a-40cf-a59c-d1a861bf0970.jpg'),
(1738, 'NE00729', 'ABDOULKARIM', 'ALI', NULL, '2017-06-11', NULL, NULL, 130, 2, 12, 3, 2, 3, 3, NULL, NULL, NULL, 'd6cc7b94-d34a-40cf-a59c-d1a861bf0970.jpg'),
(1739, 'TC0012', 'Armel', 'Kadje', NULL, '2017-06-11', NULL, NULL, 18, 2, 12, 3, 2, 3, 3, NULL, NULL, NULL, 'd6cc7b94-d34a-40cf-a59c-d1a861bf0970.jpg'),
(1740, 'BJ00043', 'ADAMNE', 'Bertin', NULL, '2017-06-26', NULL, NULL, 14, 2, 12, 3, 2, 3, 3, NULL, NULL, NULL, 'd6cc7b94-d34a-40cf-a59c-d1a861bf0970.jpg'),
(1741, 'TG00032', 'AKAKPO AGBAN', 'Alban', NULL, '2017-06-26', NULL, NULL, 15, 2, 12, 3, 2, 3, 3, NULL, NULL, NULL, 'd6cc7b94-d34a-40cf-a59c-d1a861bf0970.jpg'),
(1742, 'BF00421', 'BADINI', 'Adama', NULL, '2017-06-26', NULL, NULL, 20, 2, 12, 3, 2, 3, 3, NULL, NULL, NULL, 'd6cc7b94-d34a-40cf-a59c-d1a861bf0970.jpg'),
(1743, 'NE00714', 'CHEFOU', 'IDI', NULL, '2017-06-26', NULL, NULL, 55, 2, 12, 3, 2, 3, 3, NULL, NULL, NULL, 'd6cc7b94-d34a-40cf-a59c-d1a861bf0970.jpg'),
(1744, 'NE00729', 'ABDOULKARIM', 'ALI', NULL, '2017-06-11', NULL, NULL, 130, 2, 12, 3, 2, 3, 3, NULL, NULL, NULL, 'd6cc7b94-d34a-40cf-a59c-d1a861bf0970.jpg'),
(1745, 'TC0012', 'Armel', 'Kadje', NULL, '2017-06-11', NULL, NULL, 18, 2, 12, 3, 2, 3, 3, NULL, NULL, NULL, 'd6cc7b94-d34a-40cf-a59c-d1a861bf0970.jpg'),
(1746, 'BJ00043', 'ADAMNE', 'Bertin', NULL, '2017-06-26', NULL, NULL, 14, 2, 12, 3, 2, 3, 3, NULL, NULL, NULL, 'd6cc7b94-d34a-40cf-a59c-d1a861bf0970.jpg'),
(1747, 'TG00032', 'AKAKPO AGBAN', 'Alban', NULL, '2017-06-26', NULL, NULL, 15, 2, 12, 3, 2, 3, 3, NULL, NULL, NULL, 'd6cc7b94-d34a-40cf-a59c-d1a861bf0970.jpg'),
(1748, 'BF00421', 'BADINI', 'Adama', NULL, '2017-06-26', NULL, NULL, 20, 2, 12, 3, 2, 3, 3, NULL, NULL, NULL, 'd6cc7b94-d34a-40cf-a59c-d1a861bf0970.jpg'),
(1749, 'NE00714', 'CHEFOU', 'IDI', NULL, '2017-06-26', NULL, NULL, 55, 2, 12, 3, 2, 3, 3, NULL, NULL, NULL, 'd6cc7b94-d34a-40cf-a59c-d1a861bf0970.jpg'),
(1750, 'NE00729', 'ABDOULKARIM', 'ALI', NULL, '2017-06-11', NULL, NULL, 130, 2, 12, 3, 2, 3, 3, NULL, NULL, NULL, 'd6cc7b94-d34a-40cf-a59c-d1a861bf0970.jpg'),
(1751, 'TC0012', 'Armel', 'Kadje', NULL, '2017-06-11', NULL, NULL, 18, 2, 12, 3, 2, 3, 3, NULL, NULL, NULL, 'd6cc7b94-d34a-40cf-a59c-d1a861bf0970.jpg'),
(1752, 'BJ00043', 'ADAMNE', 'Bertin', NULL, '2017-06-26', NULL, NULL, 14, 2, 12, 3, 2, 3, 3, NULL, NULL, NULL, 'd6cc7b94-d34a-40cf-a59c-d1a861bf0970.jpg'),
(1753, 'TG00032', 'AKAKPO AGBAN', 'Alban', NULL, '2017-06-26', NULL, NULL, 15, 2, 12, 3, 2, 3, 3, NULL, NULL, NULL, 'd6cc7b94-d34a-40cf-a59c-d1a861bf0970.jpg'),
(1754, 'BF00421', 'BADINI', 'Adama', NULL, '2017-06-26', NULL, NULL, 20, 2, 12, 3, 2, 3, 3, NULL, NULL, NULL, 'd6cc7b94-d34a-40cf-a59c-d1a861bf0970.jpg'),
(1755, 'NE00714', 'CHEFOU', 'IDI', NULL, '2017-06-26', NULL, NULL, 55, 2, 12, 3, 2, 3, 3, NULL, NULL, NULL, 'd6cc7b94-d34a-40cf-a59c-d1a861bf0970.jpg'),
(1756, 'NE00729', 'ABDOULKARIM', 'ALI', NULL, '2017-06-11', NULL, NULL, 130, 2, 12, 3, 2, 3, 3, NULL, NULL, NULL, 'd6cc7b94-d34a-40cf-a59c-d1a861bf0970.jpg'),
(1757, 'TC0012', 'Armel', 'Kadje', NULL, '2017-06-11', NULL, NULL, 18, 2, 12, 3, 2, 3, 3, NULL, NULL, NULL, 'd6cc7b94-d34a-40cf-a59c-d1a861bf0970.jpg'),
(1758, 'BJ00043', 'ADAMNE', 'Bertin', NULL, '2017-06-26', NULL, NULL, 14, 2, 12, 3, 2, 3, 3, NULL, NULL, NULL, 'd6cc7b94-d34a-40cf-a59c-d1a861bf0970.jpg'),
(1759, 'TG00032', 'AKAKPO AGBAN', 'Alban', NULL, '2017-06-26', NULL, NULL, 15, 2, 12, 3, 2, 3, 3, NULL, NULL, NULL, 'd6cc7b94-d34a-40cf-a59c-d1a861bf0970.jpg'),
(1760, 'BF00421', 'BADINI', 'Adama', NULL, '2017-06-26', NULL, NULL, 20, 2, 12, 3, 2, 3, 3, NULL, NULL, NULL, 'd6cc7b94-d34a-40cf-a59c-d1a861bf0970.jpg'),
(1761, 'NE00714', 'CHEFOU', 'IDI', NULL, '2017-06-26', NULL, NULL, 55, 2, 12, 3, 2, 3, 3, NULL, NULL, NULL, 'd6cc7b94-d34a-40cf-a59c-d1a861bf0970.jpg'),
(1762, 'NE00729', 'ABDOULKARIM', 'ALI', NULL, '2017-06-11', NULL, NULL, 130, 2, 12, 3, 2, 3, 3, NULL, NULL, NULL, 'd6cc7b94-d34a-40cf-a59c-d1a861bf0970.jpg'),
(1763, 'TC0012', 'Armel', 'Kadje', NULL, '2017-06-11', NULL, NULL, 18, 2, 12, 3, 2, 3, 3, NULL, NULL, NULL, 'd6cc7b94-d34a-40cf-a59c-d1a861bf0970.jpg'),
(1764, 'BJ00043', 'ADAMNE', 'Bertin', NULL, '2017-06-26', NULL, NULL, 14, 2, 12, 3, 2, 3, 3, NULL, NULL, NULL, 'd6cc7b94-d34a-40cf-a59c-d1a861bf0970.jpg'),
(1765, 'TG00032', 'AKAKPO AGBAN', 'Alban', NULL, '2017-06-26', NULL, NULL, 15, 2, 12, 3, 2, 3, 3, NULL, NULL, NULL, 'd6cc7b94-d34a-40cf-a59c-d1a861bf0970.jpg'),
(1766, 'BF00421', 'BADINI', 'Adama', NULL, '2017-06-26', NULL, NULL, 20, 2, 12, 3, 2, 3, 3, NULL, NULL, NULL, 'd6cc7b94-d34a-40cf-a59c-d1a861bf0970.jpg'),
(1767, 'NE00714', 'CHEFOU', 'IDI', NULL, '2017-06-26', NULL, NULL, 55, 2, 12, 3, 2, 3, 3, NULL, NULL, NULL, 'd6cc7b94-d34a-40cf-a59c-d1a861bf0970.jpg'),
(1768, 'NE00729', 'ABDOULKARIM', 'ALI', NULL, '2017-06-11', NULL, NULL, 130, 2, 12, 3, 2, 3, 3, NULL, NULL, NULL, 'd6cc7b94-d34a-40cf-a59c-d1a861bf0970.jpg'),
(1769, 'TC0012', 'Armel', 'Kadje', NULL, '2017-06-11', NULL, NULL, 18, 2, 12, 3, 2, 3, 3, NULL, NULL, NULL, 'd6cc7b94-d34a-40cf-a59c-d1a861bf0970.jpg'),
(1770, 'BJ00043', 'ADAMNE', 'Bertin', NULL, '2017-06-26', NULL, NULL, 14, 2, 12, 3, 2, 3, 3, NULL, NULL, NULL, 'd6cc7b94-d34a-40cf-a59c-d1a861bf0970.jpg'),
(1771, 'TG00032', 'AKAKPO AGBAN', 'Alban', NULL, '2017-06-26', NULL, NULL, 15, 2, 12, 3, 2, 3, 3, NULL, NULL, NULL, 'd6cc7b94-d34a-40cf-a59c-d1a861bf0970.jpg'),
(1772, 'BF00421', 'BADINI', 'Adama', NULL, '2017-06-26', NULL, NULL, 20, 2, 12, 3, 2, 3, 3, NULL, NULL, NULL, 'd6cc7b94-d34a-40cf-a59c-d1a861bf0970.jpg'),
(1773, 'NE00714', 'CHEFOU', 'IDI', NULL, '2017-06-26', NULL, NULL, 55, 2, 12, 3, 2, 3, 3, NULL, NULL, NULL, 'd6cc7b94-d34a-40cf-a59c-d1a861bf0970.jpg'),
(1774, 'NE00729', 'ABDOULKARIM', 'ALI', NULL, '2017-06-11', NULL, NULL, 130, 2, 12, 3, 2, 3, 3, NULL, NULL, NULL, 'd6cc7b94-d34a-40cf-a59c-d1a861bf0970.jpg'),
(1775, 'TC0012', 'Armel', 'Kadje', NULL, '2017-06-11', NULL, NULL, 18, 2, 12, 3, 2, 3, 3, NULL, NULL, NULL, 'd6cc7b94-d34a-40cf-a59c-d1a861bf0970.jpg'),
(1776, 'BJ00043', 'ADAMNE', 'Bertin', NULL, '2017-06-26', NULL, NULL, 14, 2, 12, 3, 2, 3, 3, NULL, NULL, NULL, 'd6cc7b94-d34a-40cf-a59c-d1a861bf0970.jpg'),
(1777, 'TG00032', 'AKAKPO AGBAN', 'Alban', NULL, '2017-06-26', NULL, NULL, 15, 2, 12, 3, 2, 3, 3, NULL, NULL, NULL, 'd6cc7b94-d34a-40cf-a59c-d1a861bf0970.jpg'),
(1778, 'BF00421', 'BADINI', 'Adama', NULL, '2017-06-26', NULL, NULL, 20, 2, 12, 3, 2, 3, 3, NULL, NULL, NULL, 'd6cc7b94-d34a-40cf-a59c-d1a861bf0970.jpg'),
(1779, 'NE00714', 'CHEFOU', 'IDI', NULL, '2017-06-26', NULL, NULL, 55, 2, 12, 3, 2, 3, 3, NULL, NULL, NULL, 'd6cc7b94-d34a-40cf-a59c-d1a861bf0970.jpg'),
(1780, 'NE00729', 'ABDOULKARIM', 'ALI', NULL, '2017-06-11', NULL, NULL, 130, 2, 12, 3, 2, 3, 3, NULL, NULL, NULL, 'd6cc7b94-d34a-40cf-a59c-d1a861bf0970.jpg'),
(1781, 'TC0012', 'Armel', 'Kadje', NULL, '2017-06-11', NULL, NULL, 18, 2, 12, 3, 2, 3, 3, NULL, NULL, NULL, 'd6cc7b94-d34a-40cf-a59c-d1a861bf0970.jpg'),
(1782, 'BJ00043', 'ADAMNE', 'Bertin', NULL, '2017-06-26', NULL, NULL, 14, 2, 12, 3, 2, 3, 3, NULL, NULL, NULL, 'd6cc7b94-d34a-40cf-a59c-d1a861bf0970.jpg'),
(1783, 'TG00032', 'AKAKPO AGBAN', 'Alban', NULL, '2017-06-26', NULL, NULL, 15, 2, 12, 3, 2, 3, 3, NULL, NULL, NULL, 'd6cc7b94-d34a-40cf-a59c-d1a861bf0970.jpg'),
(1784, 'BF00421', 'BADINI', 'Adama', NULL, '2017-06-26', NULL, NULL, 20, 2, 12, 3, 2, 3, 3, NULL, NULL, NULL, 'd6cc7b94-d34a-40cf-a59c-d1a861bf0970.jpg'),
(1785, 'NE00714', 'CHEFOU', 'IDI', NULL, '2017-06-26', NULL, NULL, 55, 2, 12, 3, 2, 3, 3, NULL, NULL, NULL, 'd6cc7b94-d34a-40cf-a59c-d1a861bf0970.jpg'),
(1791, 'test', 'erhe', 'ergw', NULL, '2017-08-06', 'ewrge', 'erer', NULL, NULL, NULL, NULL, NULL, NULL, NULL, NULL, '', NULL, ''),
(1798, 'iyyuibu', '', '', NULL, '2017-06-26', '', '', 20, 2, 12, 3, 2, 3, 3, NULL, '', NULL, ''),
(1799, 'rhrethrethret', 'erhrt', 'etrhtrh', NULL, '2017-06-26', 'egrtre', '', 55, 2, 12, 3, 2, 3, 3, NULL, '', NULL, ''),
(1800, 'BJ00043', 'ADAMNE', 'Bertin', NULL, '2017-06-26', NULL, NULL, 14, 2, 12, 3, 2, 3, 3, NULL, NULL, NULL, '');

-- --------------------------------------------------------

--
-- Table structure for table `personne_competence`
--

CREATE TABLE IF NOT EXISTS `personne_competence` (
  `COMPETENCE` int(11) NOT NULL,
  `PERSONNE` int(11) NOT NULL,
  `CERTIFICATION` varchar(2) NOT NULL,
  PRIMARY KEY (`COMPETENCE`,`PERSONNE`),
  KEY `FK_1jnjdcmbt3fl9wdj4v08dvoph` (`CERTIFICATION`),
  KEY `FK_2s3dor2996j8nrfu2t6so344s` (`PERSONNE`)
) ENGINE=InnoDB DEFAULT CHARSET=utf8;

--
-- Dumping data for table `personne_competence`
--

INSERT INTO `personne_competence` (`COMPETENCE`, `PERSONNE`, `CERTIFICATION`) VALUES
(1, 24, 'CE'),
(2, 13, 'CE'),
(4, 13, 'CE'),
(1, 13, 'EN'),
(5, 13, 'EN');

-- --------------------------------------------------------

--
-- Table structure for table `personne_qcm`
--

CREATE TABLE IF NOT EXISTS `personne_qcm` (
  `PERSONNE` int(11) NOT NULL,
  `QCM` int(11) NOT NULL,
  `NOTE` decimal(6,2) NOT NULL,
  `DATEQCM` date NOT NULL,
  PRIMARY KEY (`PERSONNE`,`QCM`,`NOTE`),
  KEY `QCM` (`QCM`)
) ENGINE=InnoDB DEFAULT CHARSET=utf8;

--
-- Dumping data for table `personne_qcm`
--

INSERT INTO `personne_qcm` (`PERSONNE`, `QCM`, `NOTE`, `DATEQCM`) VALUES
(13, 2, '15.00', '2017-08-06'),
(13, 2, '40.00', '2017-08-06'),
(13, 4, '22.00', '2017-08-06');

-- --------------------------------------------------------

--
-- Table structure for table `postes`
--

CREATE TABLE IF NOT EXISTS `postes` (
  `IDPOSTE` int(11) NOT NULL AUTO_INCREMENT,
  `PERSONNE` int(11) NOT NULL,
  `SOCIETE` int(11) DEFAULT NULL,
  `TITRE` varchar(150) NOT NULL,
  `DATEDEBUT` date DEFAULT NULL,
  `DATEFIN` date DEFAULT NULL,
  PRIMARY KEY (`IDPOSTE`),
  KEY `PERSONNE` (`PERSONNE`),
  KEY `SOCIETE` (`SOCIETE`)
) ENGINE=InnoDB DEFAULT CHARSET=utf8 AUTO_INCREMENT=1 ;

-- --------------------------------------------------------

--
-- Table structure for table `potentiels`
--

CREATE TABLE IF NOT EXISTS `potentiels` (
  `IDPOTENTIEL` int(11) NOT NULL AUTO_INCREMENT,
  `LIBELLE` varchar(50) NOT NULL,
  PRIMARY KEY (`IDPOTENTIEL`)
) ENGINE=InnoDB  DEFAULT CHARSET=utf8 AUTO_INCREMENT=5 ;

--
-- Dumping data for table `potentiels`
--

INSERT INTO `potentiels` (`IDPOTENTIEL`, `LIBELLE`) VALUES
(1, 'Aucun'),
(2, 'Faible'),
(3, 'Bon'),
(4, 'Talent');

-- --------------------------------------------------------

--
-- Table structure for table `prerequis`
--

CREATE TABLE IF NOT EXISTS `prerequis` (
  `COMPETENCE` int(11) NOT NULL,
  `FORMATION` int(11) NOT NULL,
  PRIMARY KEY (`COMPETENCE`,`FORMATION`),
  KEY `FORMATION` (`FORMATION`)
) ENGINE=InnoDB DEFAULT CHARSET=utf8;

-- --------------------------------------------------------

--
-- Table structure for table `profils`
--

CREATE TABLE IF NOT EXISTS `profils` (
  `IDPROFIL` int(11) NOT NULL AUTO_INCREMENT,
  `ABBREVIATION` varchar(15) DEFAULT NULL,
  `LIBELLE` varchar(50) NOT NULL,
  PRIMARY KEY (`IDPROFIL`)
) ENGINE=InnoDB  DEFAULT CHARSET=utf8 AUTO_INCREMENT=9 ;

--
-- Dumping data for table `profils`
--

INSERT INTO `profils` (`IDPROFIL`, `ABBREVIATION`, `LIBELLE`) VALUES
(1, 'Tech RT', 'Technicien Renault Trucks'),
(2, 'Tech JCB', 'Technicien JCB Engins'),
(3, 'Tech Toyota MH', 'Technicien Toyota MH'),
(4, 'Tech GE', 'Technicien Groupes Electrogène JCB'),
(5, 'Recep Admin RT', 'Réceptionnaire atelier RT'),
(6, 'Recep Admin Ens', 'Réceptionnaire Engins RT'),
(7, 'Tech OTIS', 'Technicien OTIS'),
(8, 'hn hjn', 'thrty');

-- --------------------------------------------------------

--
-- Table structure for table `profil_competence`
--

CREATE TABLE IF NOT EXISTS `profil_competence` (
  `COMPETENCE` int(11) NOT NULL,
  `PROFIL` int(11) NOT NULL,
  PRIMARY KEY (`COMPETENCE`,`PROFIL`),
  KEY `PROFIL` (`PROFIL`)
) ENGINE=InnoDB DEFAULT CHARSET=utf8;

--
-- Dumping data for table `profil_competence`
--

INSERT INTO `profil_competence` (`COMPETENCE`, `PROFIL`) VALUES
(3, 1),
(4, 1),
(4, 2),
(5, 2),
(1, 3),
(4, 3),
(5, 3),
(6, 3),
(2, 4),
(3, 4),
(5, 4),
(6, 4),
(1, 5),
(2, 5),
(3, 5),
(4, 5),
(3, 6),
(4, 6),
(1, 7),
(2, 7),
(3, 7),
(4, 7),
(1, 8),
(2, 8),
(3, 8);

-- --------------------------------------------------------

--
-- Table structure for table `profil_personne`
--

CREATE TABLE IF NOT EXISTS `profil_personne` (
  `PERSONNE` int(11) NOT NULL,
  `PROFIL` int(11) NOT NULL,
  `NIVEAU` int(11) NOT NULL,
  PRIMARY KEY (`PERSONNE`,`PROFIL`,`NIVEAU`) USING BTREE,
  KEY `fk_profil` (`PROFIL`),
  KEY `fk_niveau` (`NIVEAU`)
) ENGINE=InnoDB DEFAULT CHARSET=utf8;

--
-- Dumping data for table `profil_personne`
--

INSERT INTO `profil_personne` (`PERSONNE`, `PROFIL`, `NIVEAU`) VALUES
(19, 1, 2),
(19, 2, 2),
(21, 2, 2),
(19, 4, 3),
(19, 5, 4);

-- --------------------------------------------------------

--
-- Table structure for table `qcm`
--

CREATE TABLE IF NOT EXISTS `qcm` (
  `IDQCM` int(11) NOT NULL AUTO_INCREMENT,
  `TITRE` varchar(250) NOT NULL,
  `TYPE` int(11) DEFAULT '1',
  `BASE` int(11) NOT NULL COMMENT 'sur 20 ou sur 100',
  PRIMARY KEY (`IDQCM`),
  KEY `TYPE` (`TYPE`)
) ENGINE=InnoDB  DEFAULT CHARSET=utf8 AUTO_INCREMENT=5 ;

--
-- Dumping data for table `qcm`
--

INSERT INTO `qcm` (`IDQCM`, `TITRE`, `TYPE`, `BASE`) VALUES
(1, 'Electricité initial', 1, 20),
(2, 'Hydraulique initial', 1, 20),
(3, 'Roulements', 2, 20),
(4, 'Moteur initial', 1, 20);

-- --------------------------------------------------------

--
-- Table structure for table `qcm_competence`
--

CREATE TABLE IF NOT EXISTS `qcm_competence` (
  `QCM` int(11) NOT NULL,
  `COMPETENCE` int(11) NOT NULL,
  PRIMARY KEY (`QCM`,`COMPETENCE`),
  KEY `COMPETENCE` (`COMPETENCE`)
) ENGINE=InnoDB DEFAULT CHARSET=utf8;

--
-- Dumping data for table `qcm_competence`
--

INSERT INTO `qcm_competence` (`QCM`, `COMPETENCE`) VALUES
(1, 2),
(1, 3),
(3, 3),
(4, 4);

-- --------------------------------------------------------

--
-- Table structure for table `qcm_type`
--

CREATE TABLE IF NOT EXISTS `qcm_type` (
  `IDQCMTYPE` int(11) NOT NULL AUTO_INCREMENT,
  `LIBELLE` varchar(30) NOT NULL,
  PRIMARY KEY (`IDQCMTYPE`)
) ENGINE=InnoDB  DEFAULT CHARSET=utf8 AUTO_INCREMENT=4 ;

--
-- Dumping data for table `qcm_type`
--

INSERT INTO `qcm_type` (`IDQCMTYPE`, `LIBELLE`) VALUES
(1, 'Quiz'),
(2, 'Test Out'),
(3, 'Test In');

-- --------------------------------------------------------

--
-- Table structure for table `sections`
--

CREATE TABLE IF NOT EXISTS `sections` (
  `IDSECTION` int(11) NOT NULL AUTO_INCREMENT,
  `LIBELLE` varchar(30) NOT NULL,
  PRIMARY KEY (`IDSECTION`)
) ENGINE=InnoDB  DEFAULT CHARSET=utf8 AUTO_INCREMENT=7 ;

--
-- Dumping data for table `sections`
--

INSERT INTO `sections` (`IDSECTION`, `LIBELLE`) VALUES
(1, 'Matériel'),
(2, 'Ascenseurs'),
(3, 'Engins'),
(4, 'Trucks'),
(5, 'Groupes Electrogènes'),
(6, 'Ingénierie Bâtiment');

-- --------------------------------------------------------

--
-- Table structure for table `societes`
--

CREATE TABLE IF NOT EXISTS `societes` (
  `IDSOCIETE` int(11) NOT NULL AUTO_INCREMENT,
  `NOM` varchar(50) NOT NULL,
  `CODE` varchar(15) DEFAULT NULL,
  `CONTACT` varchar(100) DEFAULT NULL,
  `TELEPHONE` varchar(15) DEFAULT NULL,
  `EMAIL` varchar(30) DEFAULT NULL,
  `FAX` varchar(50) DEFAULT NULL,
  `ADRESSE` varchar(100) DEFAULT NULL,
  PRIMARY KEY (`IDSOCIETE`)
) ENGINE=InnoDB  DEFAULT CHARSET=utf8 AUTO_INCREMENT=14 ;

--
-- Dumping data for table `societes`
--

INSERT INTO `societes` (`IDSOCIETE`, `NOM`, `CODE`, `CONTACT`, `TELEPHONE`, `EMAIL`, `FAX`, `ADRESSE`) VALUES
(1, 'CFAO Burkina', NULL, NULL, NULL, NULL, NULL, 'Burkina, Ouagadougou'),
(2, 'CFAO Cameroun', NULL, NULL, NULL, NULL, NULL, 'Cameroun, Douala'),
(3, 'CFAO Congo', NULL, NULL, NULL, NULL, NULL, 'Congo, Brazzaville'),
(4, 'CFAO Cote d''ivoire', NULL, NULL, NULL, NULL, NULL, NULL),
(5, 'CFAO Gabon', NULL, NULL, NULL, NULL, NULL, 'Gabon, Libreville'),
(6, 'CFAO Mali', NULL, NULL, NULL, NULL, NULL, NULL),
(7, 'CFAO Nigéria', NULL, NULL, NULL, NULL, NULL, NULL),
(8, 'CFAO RDC', NULL, NULL, NULL, NULL, NULL, NULL),
(9, 'CFAO Tchad', NULL, NULL, NULL, NULL, NULL, NULL),
(10, 'CFAO Togo', NULL, NULL, NULL, NULL, NULL, NULL),
(11, 'CFAO Niger', NULL, NULL, NULL, NULL, NULL, NULL),
(12, 'CFAO RCA', NULL, NULL, NULL, NULL, NULL, NULL),
(13, 'CFAO Niger', NULL, NULL, NULL, NULL, NULL, NULL);

-- --------------------------------------------------------

--
-- Table structure for table `supports`
--

CREATE TABLE IF NOT EXISTS `supports` (
  `IDSUPPORT` int(11) NOT NULL AUTO_INCREMENT,
  `CODE` char(8) NOT NULL,
  `TITRE` varchar(150) DEFAULT NULL,
  `LIEN` varchar(250) NOT NULL,
  PRIMARY KEY (`IDSUPPORT`)
) ENGINE=InnoDB  DEFAULT CHARSET=utf8 AUTO_INCREMENT=7 ;

--
-- Dumping data for table `supports`
--

INSERT INTO `supports` (`IDSUPPORT`, `CODE`, `TITRE`, `LIEN`) VALUES
(1, 'un code', 'un titre', '\\documents\\fort.pdf'),
(2, 'un code', 'un titre', '\\documents\\fort.pdf'),
(3, 'tetst', 'tes', '\\documents\\thesis.pdf'),
(4, 'fort', 'fort', '\\documents\\transparent.png'),
(5, 'voilq', 'voilq', '\\documents\\xdebug.txt'),
(6, 'h', 'h', '\\documents\\java0.log');

-- --------------------------------------------------------

--
-- Table structure for table `support_formation`
--

CREATE TABLE IF NOT EXISTS `support_formation` (
  `SUPPORT` int(11) NOT NULL,
  `FORMATION` int(11) NOT NULL,
  KEY `SUPPORT` (`SUPPORT`,`FORMATION`),
  KEY `FORMATION` (`FORMATION`)
) ENGINE=InnoDB DEFAULT CHARSET=utf8;

--
-- Dumping data for table `support_formation`
--

INSERT INTO `support_formation` (`SUPPORT`, `FORMATION`) VALUES
(1, 3),
(3, 3),
(4, 3),
(5, 1),
(6, 2);

-- --------------------------------------------------------

--
-- Table structure for table `type_formation`
--

CREATE TABLE IF NOT EXISTS `type_formation` (
  `IDTYPEFORMATION` int(11) NOT NULL AUTO_INCREMENT,
  `LIBELLE` varchar(30) NOT NULL,
  PRIMARY KEY (`IDTYPEFORMATION`)
) ENGINE=InnoDB  DEFAULT CHARSET=utf8 AUTO_INCREMENT=5 ;

--
-- Dumping data for table `type_formation`
--

INSERT INTO `type_formation` (`IDTYPEFORMATION`, `LIBELLE`) VALUES
(1, 'Tutorat'),
(2, 'Présentiel'),
(3, 'Formation à distance'),
(4, 'CFAO Academy');

-- --------------------------------------------------------

--
-- Table structure for table `users`
--

CREATE TABLE IF NOT EXISTS `users` (
  `IDUSER` int(11) NOT NULL AUTO_INCREMENT,
  `LOGIN` varchar(30) NOT NULL,
  `PASSWORD` varchar(150) NOT NULL,
  `PROFILE` int(11) NOT NULL,
  PRIMARY KEY (`IDUSER`)
) ENGINE=InnoDB  DEFAULT CHARSET=utf8 AUTO_INCREMENT=3 ;

--
-- Dumping data for table `users`
--

INSERT INTO `users` (`IDUSER`, `LOGIN`, `PASSWORD`, `PROFILE`) VALUES
(1, 'test', 'pwd', 1),
(2, 'test2', 'pasw2', 5);

--
-- Constraints for dumped tables
--

--
-- Constraints for table `competences`
--
ALTER TABLE `competences`
  ADD CONSTRAINT `competences_ibfk_1` FOREIGN KEY (`NIVEAU`) REFERENCES `niveau` (`IDNIVEAU`) ON DELETE SET NULL ON UPDATE CASCADE;

--
-- Constraints for table `formateurs`
--
ALTER TABLE `formateurs`
  ADD CONSTRAINT `formateurs_ibfk_1` FOREIGN KEY (`FORMATION`) REFERENCES `formations` (`IDFORMATION`) ON DELETE CASCADE ON UPDATE CASCADE,
  ADD CONSTRAINT `formateurs_ibfk_2` FOREIGN KEY (`PERSONNEL`) REFERENCES `personnels` (`IDPERSONNEL`);

--
-- Constraints for table `formations`
--
ALTER TABLE `formations`
  ADD CONSTRAINT `FK_i72bqlp26nj7xingtf3rqi69r` FOREIGN KEY (`TYPEFORMATION`) REFERENCES `type_formation` (`IDTYPEFORMATION`),
  ADD CONSTRAINT `formations_ibfk_1` FOREIGN KEY (`MODELE`) REFERENCES `modeles` (`IDMODELE`) ON DELETE SET NULL ON UPDATE CASCADE,
  ADD CONSTRAINT `formations_ibfk_2` FOREIGN KEY (`ETATFORMATION`) REFERENCES `etat_formation` (`IDETATFORMATION`) ON DELETE SET NULL ON UPDATE CASCADE;

--
-- Constraints for table `formation_competence`
--
ALTER TABLE `formation_competence`
  ADD CONSTRAINT `formation_competence_ibfk_1` FOREIGN KEY (`FORMATION`) REFERENCES `formations` (`IDFORMATION`) ON DELETE CASCADE ON UPDATE CASCADE,
  ADD CONSTRAINT `formation_competence_ibfk_2` FOREIGN KEY (`COMPETENCE`) REFERENCES `competences` (`IDCOMPETENCE`) ON DELETE CASCADE ON UPDATE CASCADE;

--
-- Constraints for table `formation_personne`
--
ALTER TABLE `formation_personne`
  ADD CONSTRAINT `formation_personne_ibfk_1` FOREIGN KEY (`FORMATION`) REFERENCES `formations` (`IDFORMATION`) ON DELETE CASCADE ON UPDATE CASCADE,
  ADD CONSTRAINT `formation_personne_ibfk_2` FOREIGN KEY (`PERSONNE`) REFERENCES `personnes` (`IDPERSONNE`) ON DELETE CASCADE ON UPDATE CASCADE;

--
-- Constraints for table `langue_parlee`
--
ALTER TABLE `langue_parlee`
  ADD CONSTRAINT `FK_ettiu66x98utwlipipal7w2tq` FOREIGN KEY (`PERSONNE`) REFERENCES `personnes` (`IDPERSONNE`) ON DELETE CASCADE ON UPDATE CASCADE,
  ADD CONSTRAINT `FK_srsx81yp34w141s8cptdng6xb` FOREIGN KEY (`LANGUE`) REFERENCES `langue` (`IDLANGUE`) ON DELETE CASCADE ON UPDATE CASCADE;

--
-- Constraints for table `personnes`
--
ALTER TABLE `personnes`
  ADD CONSTRAINT `FK_contrat` FOREIGN KEY (`CONTRAT`) REFERENCES `contrats` (`IDCONTRAT`) ON DELETE SET NULL ON UPDATE CASCADE,
  ADD CONSTRAINT `FK_sn7joh98p4rajw7bflfj6fx91` FOREIGN KEY (`POTENTIEL`) REFERENCES `potentiels` (`IDPOTENTIEL`),
  ADD CONSTRAINT `personnes_ibfk_1` FOREIGN KEY (`PAYS`) REFERENCES `pays` (`IDPAYS`) ON DELETE SET NULL ON UPDATE CASCADE,
  ADD CONSTRAINT `personnes_ibfk_2` FOREIGN KEY (`GROUPE`) REFERENCES `groupes` (`IDGROUPE`) ON DELETE SET NULL ON UPDATE CASCADE,
  ADD CONSTRAINT `personnes_ibfk_3` FOREIGN KEY (`SOCIETE`) REFERENCES `societes` (`IDSOCIETE`) ON DELETE SET NULL ON UPDATE CASCADE,
  ADD CONSTRAINT `personnes_ibfk_4` FOREIGN KEY (`SECTION`) REFERENCES `sections` (`IDSECTION`) ON DELETE SET NULL ON UPDATE CASCADE,
  ADD CONSTRAINT `personnes_ibfk_5` FOREIGN KEY (`AMBITION`) REFERENCES `ambitions` (`IDAMBITION`) ON DELETE SET NULL ON UPDATE CASCADE,
  ADD CONSTRAINT `personnes_ibfk_6` FOREIGN KEY (`LANGUE`) REFERENCES `langue` (`IDLANGUE`) ON DELETE SET NULL ON UPDATE CASCADE;

--
-- Constraints for table `personne_competence`
--
ALTER TABLE `personne_competence`
  ADD CONSTRAINT `FK_2s3dor2996j8nrfu2t6so344s` FOREIGN KEY (`PERSONNE`) REFERENCES `personnes` (`IDPERSONNE`),
  ADD CONSTRAINT `FK_1jnjdcmbt3fl9wdj4v08dvoph` FOREIGN KEY (`CERTIFICATION`) REFERENCES `competence_certification` (`CERTIFICATION`),
  ADD CONSTRAINT `FK_c28mi8gbprg9fjo8hvy20qh4o` FOREIGN KEY (`COMPETENCE`) REFERENCES `competences` (`IDCOMPETENCE`);

--
-- Constraints for table `personne_qcm`
--
ALTER TABLE `personne_qcm`
  ADD CONSTRAINT `personne_qcm_ibfk_1` FOREIGN KEY (`PERSONNE`) REFERENCES `personnes` (`IDPERSONNE`) ON DELETE CASCADE ON UPDATE CASCADE,
  ADD CONSTRAINT `personne_qcm_ibfk_2` FOREIGN KEY (`QCM`) REFERENCES `qcm` (`IDQCM`) ON DELETE CASCADE ON UPDATE CASCADE;

--
-- Constraints for table `postes`
--
ALTER TABLE `postes`
  ADD CONSTRAINT `postes_ibfk_1` FOREIGN KEY (`PERSONNE`) REFERENCES `personnes` (`IDPERSONNE`) ON DELETE CASCADE ON UPDATE CASCADE,
  ADD CONSTRAINT `postes_ibfk_2` FOREIGN KEY (`SOCIETE`) REFERENCES `societes` (`IDSOCIETE`) ON DELETE SET NULL ON UPDATE CASCADE;

--
-- Constraints for table `prerequis`
--
ALTER TABLE `prerequis`
  ADD CONSTRAINT `prerequis_ibfk_1` FOREIGN KEY (`COMPETENCE`) REFERENCES `competences` (`IDCOMPETENCE`) ON DELETE CASCADE ON UPDATE CASCADE,
  ADD CONSTRAINT `prerequis_ibfk_2` FOREIGN KEY (`FORMATION`) REFERENCES `formations` (`IDFORMATION`) ON DELETE CASCADE ON UPDATE CASCADE;

--
-- Constraints for table `profil_competence`
--
ALTER TABLE `profil_competence`
  ADD CONSTRAINT `profil_competence_ibfk_1` FOREIGN KEY (`COMPETENCE`) REFERENCES `competences` (`IDCOMPETENCE`) ON DELETE CASCADE ON UPDATE CASCADE,
  ADD CONSTRAINT `profil_competence_ibfk_2` FOREIGN KEY (`PROFIL`) REFERENCES `profils` (`IDPROFIL`) ON DELETE CASCADE ON UPDATE CASCADE;

--
-- Constraints for table `profil_personne`
--
ALTER TABLE `profil_personne`
  ADD CONSTRAINT `fk_niveau` FOREIGN KEY (`NIVEAU`) REFERENCES `niveau` (`IDNIVEAU`) ON DELETE CASCADE,
  ADD CONSTRAINT `fk_personne` FOREIGN KEY (`PERSONNE`) REFERENCES `personnes` (`IDPERSONNE`) ON DELETE CASCADE ON UPDATE CASCADE,
  ADD CONSTRAINT `fk_profil` FOREIGN KEY (`PROFIL`) REFERENCES `profils` (`IDPROFIL`) ON DELETE CASCADE;

--
-- Constraints for table `qcm`
--
ALTER TABLE `qcm`
  ADD CONSTRAINT `qcm_ibfk_1` FOREIGN KEY (`TYPE`) REFERENCES `qcm_type` (`IDQCMTYPE`) ON DELETE NO ACTION ON UPDATE CASCADE;

--
-- Constraints for table `qcm_competence`
--
ALTER TABLE `qcm_competence`
  ADD CONSTRAINT `qcm_competence_ibfk_1` FOREIGN KEY (`QCM`) REFERENCES `qcm` (`IDQCM`) ON DELETE CASCADE ON UPDATE CASCADE,
  ADD CONSTRAINT `qcm_competence_ibfk_2` FOREIGN KEY (`COMPETENCE`) REFERENCES `competences` (`IDCOMPETENCE`) ON DELETE CASCADE ON UPDATE CASCADE;

--
-- Constraints for table `support_formation`
--
ALTER TABLE `support_formation`
  ADD CONSTRAINT `support_formation_ibfk_1` FOREIGN KEY (`SUPPORT`) REFERENCES `supports` (`IDSUPPORT`) ON DELETE CASCADE ON UPDATE CASCADE,
  ADD CONSTRAINT `support_formation_ibfk_2` FOREIGN KEY (`FORMATION`) REFERENCES `formations` (`IDFORMATION`) ON DELETE CASCADE ON UPDATE CASCADE;

/*!40101 SET CHARACTER_SET_CLIENT=@OLD_CHARACTER_SET_CLIENT */;
/*!40101 SET CHARACTER_SET_RESULTS=@OLD_CHARACTER_SET_RESULTS */;
/*!40101 SET COLLATION_CONNECTION=@OLD_COLLATION_CONNECTION */;
